id,sales
3000888,2393.167788136322
3002670,2393.167788136322
3004452,2393.167788136322
3006234,2393.167788136322
3008016,2393.167788136322
3009798,2393.167788136322
3011580,2393.167788136322
3013362,2393.167788136322
3015144,2393.167788136322
3016926,2393.167788136322
3018708,2393.167788136322
3020490,2393.167788136322
3022272,2393.167788136322
3024054,2393.167788136322
3025836,2393.167788136322
3027618,2393.167788136322
3000889,2393.167788136322
3002671,2393.167788136322
3004453,2393.167788136322
3006235,2393.167788136322
3008017,2393.167788136322
3009799,2393.167788136322
3011581,2393.167788136322
3013363,2393.167788136322
3015145,2393.167788136322
3016927,2393.167788136322
3018709,2393.167788136322
3020491,2393.167788136322
3022273,2393.167788136322
3024055,2393.167788136322
3025837,2393.167788136322
3027619,2393.167788136322
3000890,2393.167788136322
3002672,2393.167788136322
3004454,2393.167788136322
3006236,2393.167788136322
3008018,2393.167788136322
3009800,2393.167788136322
3011582,2393.167788136322
3013364,2393.167788136322
3015146,2393.167788136322
3016928,2393.167788136322
3018710,2393.167788136322
3020492,2393.167788136322
3022274,2393.167788136322
3024056,2393.167788136322
3025838,2393.167788136322
3027620,2393.167788136322
3000891,8.123019115496429e+103
3002673,8.123019115496429e+103
3004455,8.123019115496429e+103
3006237,8.123019115496429e+103
3008019,8.123019115496429e+103
3009801,8.123019115496429e+103
3011583,8.123019115496429e+103
3013365,8.123019115496429e+103
3015147,8.123019115496429e+103
3016929,8.123019115496429e+103
3018711,8.123019115496429e+103
3020493,8.123019115496429e+103
3022275,8.123019115496429e+103
3024057,8.123019115496429e+103
3025839,8.123019115496429e+103
3027621,8.123019115496429e+103
3000892,2393.167788136322
3002674,2393.167788136322
3004456,2393.167788136322
3006238,2393.167788136322
3008020,2393.167788136322
3009802,2393.167788136322
3011584,2393.167788136322
3013366,2393.167788136322
3015148,2393.167788136322
3016930,2393.167788136322
3018712,2393.167788136322
3020494,2393.167788136322
3022276,2393.167788136322
3024058,2393.167788136322
3025840,2393.167788136322
3027622,2393.167788136322
3000893,29379.993670687425
3002675,29379.993670687425
3004457,29379.993670687425
3006239,29379.993670687425
3008021,29379.993670687425
3009803,29379.993670687425
3011585,29379.993670687425
3013367,29379.993670687425
3015149,29379.993670687425
3016931,29379.993670687425
3018713,29379.993670687425
3020495,29379.993670687425
3022277,29379.993670687425
3024059,29379.993670687425
3025841,29379.993670687425
3027623,29379.993670687425
3000894,2393.167788136322
3002676,2393.167788136322
3004458,2393.167788136322
3006240,2393.167788136322
3008022,2393.167788136322
3009804,2393.167788136322
3011586,2393.167788136322
3013368,2393.167788136322
3015150,2393.167788136322
3016932,2393.167788136322
3018714,2393.167788136322
3020496,2393.167788136322
3022278,2393.167788136322
3024060,2393.167788136322
3025842,2393.167788136322
3027624,2393.167788136322
3000895,4.536043948145473e+35
3002677,4.536043948145473e+35
3004459,4.536043948145473e+35
3006241,4.536043948145473e+35
3008023,4.536043948145473e+35
3009805,4.536043948145473e+35
3011587,4.536043948145473e+35
3013369,4.536043948145473e+35
3015151,4.536043948145473e+35
3016933,4.536043948145473e+35
3018715,4.536043948145473e+35
3020497,4.536043948145473e+35
3022279,4.536043948145473e+35
3024061,4.536043948145473e+35
3025843,4.536043948145473e+35
3027625,4.536043948145473e+35
3000896,32530.527067124498
3002678,32530.527067124498
3004460,32530.527067124498
3006242,32530.527067124498
3008024,32530.527067124498
3009806,32530.527067124498
3011588,32530.527067124498
3013370,32530.527067124498
3015152,32530.527067124498
3016934,32530.527067124498
3018716,32530.527067124498
3020498,32530.527067124498
3022280,32530.527067124498
3024062,32530.527067124498
3025844,32530.527067124498
3027626,32530.527067124498
3000897,28191.69775395516
3002679,28191.69775395516
3004461,28191.69775395516
3006243,28191.69775395516
3008025,28191.69775395516
3009807,28191.69775395516
3011589,28191.69775395516
3013371,28191.69775395516
3015153,28191.69775395516
3016935,28191.69775395516
3018717,28191.69775395516
3020499,28191.69775395516
3022281,28191.69775395516
3024063,28191.69775395516
3025845,28191.69775395516
3027627,28191.69775395516
3000898,28191.69775395516
3002680,28191.69775395516
3004462,28191.69775395516
3006244,28191.69775395516
3008026,28191.69775395516
3009808,28191.69775395516
3011590,28191.69775395516
3013372,28191.69775395516
3015154,28191.69775395516
3016936,28191.69775395516
3018718,28191.69775395516
3020500,28191.69775395516
3022282,28191.69775395516
3024064,28191.69775395516
3025846,28191.69775395516
3027628,28191.69775395516
3000899,25447.284195908585
3002681,25447.284195908585
3004463,25447.284195908585
3006245,25447.284195908585
3008027,25447.284195908585
3009809,25447.284195908585
3011591,25447.284195908585
3013373,25447.284195908585
3015155,25447.284195908585
3016937,25447.284195908585
3018719,25447.284195908585
3020501,25447.284195908585
3022283,25447.284195908585
3024065,25447.284195908585
3025847,25447.284195908585
3027629,25447.284195908585
3000900,1.4828225547831566e+72
3002682,1.4828225547831566e+72
3004464,1.4828225547831566e+72
3006246,2.355858002465143e+75
3008028,2.355858002465143e+75
3009810,1.4828225547831566e+72
3011592,1.4828225547831566e+72
3013374,1.4828225547831566e+72
3015156,1.4828225547831566e+72
3016938,1.4828225547831566e+72
3018720,2.355858002465143e+75
3020502,2.355858002465143e+75
3022284,1.4828225547831566e+72
3024066,1.4828225547831566e+72
3025848,1.4828225547831566e+72
3027630,1.4828225547831566e+72
3000901,2393.167788136322
3002683,2393.167788136322
3004465,2393.167788136322
3006247,2393.167788136322
3008029,2393.167788136322
3009811,2393.167788136322
3011593,2393.167788136322
3013375,2393.167788136322
3015157,2393.167788136322
3016939,2393.167788136322
3018721,2393.167788136322
3020503,2393.167788136322
3022285,2393.167788136322
3024067,2393.167788136322
3025849,2393.167788136322
3027631,2393.167788136322
3000902,2393.167788136322
3002684,2393.167788136322
3004466,2393.167788136322
3006248,2393.167788136322
3008030,2393.167788136322
3009812,2393.167788136322
3011594,2393.167788136322
3013376,2393.167788136322
3015158,2393.167788136322
3016940,2393.167788136322
3018722,2393.167788136322
3020504,2393.167788136322
3022286,2393.167788136322
3024068,2393.167788136322
3025850,2393.167788136322
3027632,2393.167788136322
3000903,2393.167788136322
3002685,2393.167788136322
3004467,2393.167788136322
3006249,2393.167788136322
3008031,2393.167788136322
3009813,2393.167788136322
3011595,2393.167788136322
3013377,2393.167788136322
3015159,2393.167788136322
3016941,2393.167788136322
3018723,2393.167788136322
3020505,2393.167788136322
3022287,2393.167788136322
3024069,2393.167788136322
3025851,2393.167788136322
3027633,2393.167788136322
3000904,2393.167788136322
3002686,2393.167788136322
3004468,2393.167788136322
3006250,2393.167788136322
3008032,2393.167788136322
3009814,2393.167788136322
3011596,2393.167788136322
3013378,2393.167788136322
3015160,2393.167788136322
3016942,2393.167788136322
3018724,2393.167788136322
3020506,2393.167788136322
3022288,2393.167788136322
3024070,2393.167788136322
3025852,2393.167788136322
3027634,2393.167788136322
3000905,2393.167788136322
3002687,2393.167788136322
3004469,2393.167788136322
3006251,2393.167788136322
3008033,2393.167788136322
3009815,2393.167788136322
3011597,2393.167788136322
3013379,2393.167788136322
3015161,2393.167788136322
3016943,2393.167788136322
3018725,2393.167788136322
3020507,2393.167788136322
3022289,2393.167788136322
3024071,2393.167788136322
3025853,2393.167788136322
3027635,2393.167788136322
3000906,2393.167788136322
3002688,2393.167788136322
3004470,2393.167788136322
3006252,2393.167788136322
3008034,2393.167788136322
3009816,2393.167788136322
3011598,2393.167788136322
3013380,2393.167788136322
3015162,2393.167788136322
3016944,2393.167788136322
3018726,2393.167788136322
3020508,2393.167788136322
3022290,2393.167788136322
3024072,2393.167788136322
3025854,2393.167788136322
3027636,2393.167788136322
3000907,2393.167788136322
3002689,2393.167788136322
3004471,2393.167788136322
3006253,2393.167788136322
3008035,2393.167788136322
3009817,2393.167788136322
3011599,2393.167788136322
3013381,2393.167788136322
3015163,2393.167788136322
3016945,2393.167788136322
3018727,2393.167788136322
3020509,2393.167788136322
3022291,2393.167788136322
3024073,2393.167788136322
3025855,2393.167788136322
3027637,2393.167788136322
3000908,2393.167788136322
3002690,2393.167788136322
3004472,2393.167788136322
3006254,2393.167788136322
3008036,2393.167788136322
3009818,2393.167788136322
3011600,2393.167788136322
3013382,2393.167788136322
3015164,2393.167788136322
3016946,2393.167788136322
3018728,2393.167788136322
3020510,2393.167788136322
3022292,2393.167788136322
3024074,2393.167788136322
3025856,2393.167788136322
3027638,2393.167788136322
3000909,2393.167788136322
3002691,2393.167788136322
3004473,2393.167788136322
3006255,2393.167788136322
3008037,2393.167788136322
3009819,2393.167788136322
3011601,2393.167788136322
3013383,2393.167788136322
3015165,2393.167788136322
3016947,2393.167788136322
3018729,2393.167788136322
3020511,2393.167788136322
3022293,2393.167788136322
3024075,2393.167788136322
3025857,2393.167788136322
3027639,2393.167788136322
3000910,13755.84775951168
3002692,13755.84775951168
3004474,13755.84775951168
3006256,13755.84775951168
3008038,13755.84775951168
3009820,13755.84775951168
3011602,13755.84775951168
3013384,13755.84775951168
3015166,13755.84775951168
3016948,13755.84775951168
3018730,13755.84775951168
3020512,13755.84775951168
3022294,13755.84775951168
3024076,13755.84775951168
3025858,13755.84775951168
3027640,13755.84775951168
3000911,2393.167788136322
3002693,2393.167788136322
3004475,2393.167788136322
3006257,2393.167788136322
3008039,2393.167788136322
3009821,2393.167788136322
3011603,2393.167788136322
3013385,2393.167788136322
3015167,2393.167788136322
3016949,2393.167788136322
3018731,2393.167788136322
3020513,2393.167788136322
3022295,2393.167788136322
3024077,2393.167788136322
3025859,2393.167788136322
3027641,2393.167788136322
3000912,29379.993670687425
3002694,29379.993670687425
3004476,29379.993670687425
3006258,29379.993670687425
3008040,29379.993670687425
3009822,29379.993670687425
3011604,29379.993670687425
3013386,29379.993670687425
3015168,29379.993670687425
3016950,29379.993670687425
3018732,29379.993670687425
3020514,29379.993670687425
3022296,29379.993670687425
3024078,29379.993670687425
3025860,29379.993670687425
3027642,29379.993670687425
3000913,28191.69775395516
3002695,28191.69775395516
3004477,28191.69775395516
3006259,28191.69775395516
3008041,28191.69775395516
3009823,28191.69775395516
3011605,28191.69775395516
3013387,28191.69775395516
3015169,28191.69775395516
3016951,28191.69775395516
3018733,28191.69775395516
3020515,28191.69775395516
3022297,28191.69775395516
3024079,28191.69775395516
3025861,28191.69775395516
3027643,28191.69775395516
3000914,2393.167788136322
3002696,2393.167788136322
3004478,2393.167788136322
3006260,2393.167788136322
3008042,2393.167788136322
3009824,2393.167788136322
3011606,2393.167788136322
3013388,2393.167788136322
3015170,2393.167788136322
3016952,2393.167788136322
3018734,2393.167788136322
3020516,2393.167788136322
3022298,2393.167788136322
3024080,2393.167788136322
3025862,2393.167788136322
3027644,2393.167788136322
3000915,2393.167788136322
3002697,2393.167788136322
3004479,2393.167788136322
3006261,2393.167788136322
3008043,2393.167788136322
3009825,2393.167788136322
3011607,2393.167788136322
3013389,2393.167788136322
3015171,2393.167788136322
3016953,2393.167788136322
3018735,2393.167788136322
3020517,2393.167788136322
3022299,2393.167788136322
3024081,2393.167788136322
3025863,2393.167788136322
3027645,2393.167788136322
3000916,29379.993670687425
3002698,29379.993670687425
3004480,29379.993670687425
3006262,29379.993670687425
3008044,29379.993670687425
3009826,29379.993670687425
3011608,29379.993670687425
3013390,29379.993670687425
3015172,29379.993670687425
3016954,29379.993670687425
3018736,29379.993670687425
3020518,29379.993670687425
3022300,29379.993670687425
3024082,29379.993670687425
3025864,29379.993670687425
3027646,29379.993670687425
3000917,18867.114598218865
3002699,18867.114598218865
3004481,18867.114598218865
3006263,18867.114598218865
3008045,18867.114598218865
3009827,18867.114598218865
3011609,18867.114598218865
3013391,18867.114598218865
3015173,18867.114598218865
3016955,18867.114598218865
3018737,18867.114598218865
3020519,18867.114598218865
3022301,18867.114598218865
3024083,18867.114598218865
3025865,18867.114598218865
3027647,18867.114598218865
3000918,32530.527067124498
3002700,32530.527067124498
3004482,32530.527067124498
3006264,32530.527067124498
3008046,32530.527067124498
3009828,32530.527067124498
3011610,32530.527067124498
3013392,32530.527067124498
3015174,32530.527067124498
3016956,32530.527067124498
3018738,32530.527067124498
3020520,32530.527067124498
3022302,32530.527067124498
3024084,32530.527067124498
3025866,32530.527067124498
3027648,32530.527067124498
3000919,2393.167788136322
3002701,2393.167788136322
3004483,2393.167788136322
3006265,2393.167788136322
3008047,2393.167788136322
3009829,2393.167788136322
3011611,2393.167788136322
3013393,2393.167788136322
3015175,2393.167788136322
3016957,2393.167788136322
3018739,2393.167788136322
3020521,2393.167788136322
3022303,2393.167788136322
3024085,2393.167788136322
3025867,2393.167788136322
3027649,2393.167788136322
3000920,2393.167788136322
3002702,2393.167788136322
3004484,2393.167788136322
3006266,2393.167788136322
3008048,2393.167788136322
3009830,2393.167788136322
3011612,2393.167788136322
3013394,2393.167788136322
3015176,2393.167788136322
3016958,2393.167788136322
3018740,2393.167788136322
3020522,2393.167788136322
3022304,2393.167788136322
3024086,2393.167788136322
3025868,2393.167788136322
3027650,2393.167788136322
3001251,2393.167788136322
3003033,2393.167788136322
3004815,2393.167788136322
3006597,2393.167788136322
3008379,2393.167788136322
3010161,2393.167788136322
3011943,2393.167788136322
3013725,2393.167788136322
3015507,2393.167788136322
3017289,2393.167788136322
3019071,2393.167788136322
3020853,2393.167788136322
3022635,2393.167788136322
3024417,2393.167788136322
3026199,2393.167788136322
3027981,2393.167788136322
3001252,2393.167788136322
3003034,2393.167788136322
3004816,2393.167788136322
3006598,2393.167788136322
3008380,2393.167788136322
3010162,2393.167788136322
3011944,2393.167788136322
3013726,2393.167788136322
3015508,2393.167788136322
3017290,2393.167788136322
3019072,2393.167788136322
3020854,2393.167788136322
3022636,2393.167788136322
3024418,2393.167788136322
3026200,2393.167788136322
3027982,2393.167788136322
3001253,2393.167788136322
3003035,2393.167788136322
3004817,2393.167788136322
3006599,2393.167788136322
3008381,2393.167788136322
3010163,2393.167788136322
3011945,2393.167788136322
3013727,2393.167788136322
3015509,2393.167788136322
3017291,2393.167788136322
3019073,2393.167788136322
3020855,2393.167788136322
3022637,2393.167788136322
3024419,2393.167788136322
3026201,2393.167788136322
3027983,2393.167788136322
3001254,8.123019115496429e+103
3003036,8.123019115496429e+103
3004818,8.123019115496429e+103
3006600,8.123019115496429e+103
3008382,8.123019115496429e+103
3010164,8.123019115496429e+103
3011946,8.123019115496429e+103
3013728,8.123019115496429e+103
3015510,8.123019115496429e+103
3017292,8.123019115496429e+103
3019074,8.123019115496429e+103
3020856,8.123019115496429e+103
3022638,8.123019115496429e+103
3024420,8.123019115496429e+103
3026202,8.123019115496429e+103
3027984,8.123019115496429e+103
3001255,2393.167788136322
3003037,2393.167788136322
3004819,2393.167788136322
3006601,2393.167788136322
3008383,2393.167788136322
3010165,2393.167788136322
3011947,2393.167788136322
3013729,2393.167788136322
3015511,2393.167788136322
3017293,2393.167788136322
3019075,2393.167788136322
3020857,2393.167788136322
3022639,2393.167788136322
3024421,2393.167788136322
3026203,2393.167788136322
3027985,2393.167788136322
3001256,29379.993670687425
3003038,29379.993670687425
3004820,29379.993670687425
3006602,29379.993670687425
3008384,29379.993670687425
3010166,29379.993670687425
3011948,29379.993670687425
3013730,29379.993670687425
3015512,29379.993670687425
3017294,29379.993670687425
3019076,29379.993670687425
3020858,29379.993670687425
3022640,29379.993670687425
3024422,29379.993670687425
3026204,29379.993670687425
3027986,29379.993670687425
3001257,2393.167788136322
3003039,2393.167788136322
3004821,2393.167788136322
3006603,2393.167788136322
3008385,2393.167788136322
3010167,2393.167788136322
3011949,2393.167788136322
3013731,2393.167788136322
3015513,2393.167788136322
3017295,2393.167788136322
3019077,2393.167788136322
3020859,2393.167788136322
3022641,2393.167788136322
3024423,2393.167788136322
3026205,2393.167788136322
3027987,2393.167788136322
3001258,4.536043948145473e+35
3003040,4.536043948145473e+35
3004822,4.536043948145473e+35
3006604,4.536043948145473e+35
3008386,4.536043948145473e+35
3010168,4.536043948145473e+35
3011950,4.536043948145473e+35
3013732,4.536043948145473e+35
3015514,4.536043948145473e+35
3017296,4.536043948145473e+35
3019078,4.536043948145473e+35
3020860,4.536043948145473e+35
3022642,4.536043948145473e+35
3024424,4.536043948145473e+35
3026206,4.536043948145473e+35
3027988,4.536043948145473e+35
3001259,32530.527067124498
3003041,32530.527067124498
3004823,32530.527067124498
3006605,32530.527067124498
3008387,32530.527067124498
3010169,32530.527067124498
3011951,32530.527067124498
3013733,32530.527067124498
3015515,32530.527067124498
3017297,32530.527067124498
3019079,32530.527067124498
3020861,32530.527067124498
3022643,32530.527067124498
3024425,32530.527067124498
3026207,32530.527067124498
3027989,32530.527067124498
3001260,28191.69775395516
3003042,28191.69775395516
3004824,28191.69775395516
3006606,28191.69775395516
3008388,28191.69775395516
3010170,28191.69775395516
3011952,28191.69775395516
3013734,28191.69775395516
3015516,28191.69775395516
3017298,28191.69775395516
3019080,28191.69775395516
3020862,28191.69775395516
3022644,28191.69775395516
3024426,28191.69775395516
3026208,28191.69775395516
3027990,28191.69775395516
3001261,28191.69775395516
3003043,28191.69775395516
3004825,28191.69775395516
3006607,28191.69775395516
3008389,28191.69775395516
3010171,28191.69775395516
3011953,28191.69775395516
3013735,28191.69775395516
3015517,28191.69775395516
3017299,28191.69775395516
3019081,28191.69775395516
3020863,28191.69775395516
3022645,28191.69775395516
3024427,28191.69775395516
3026209,28191.69775395516
3027991,28191.69775395516
3001262,25447.284195908585
3003044,25447.284195908585
3004826,25447.284195908585
3006608,25447.284195908585
3008390,25447.284195908585
3010172,25447.284195908585
3011954,25447.284195908585
3013736,25447.284195908585
3015518,25447.284195908585
3017300,25447.284195908585
3019082,25447.284195908585
3020864,25447.284195908585
3022646,25447.284195908585
3024428,25447.284195908585
3026210,25447.284195908585
3027992,25447.284195908585
3001263,1.4828225547831566e+72
3003045,1.4828225547831566e+72
3004827,1.4828225547831566e+72
3006609,2.355858002465143e+75
3008391,2.355858002465143e+75
3010173,1.4828225547831566e+72
3011955,1.4828225547831566e+72
3013737,1.4828225547831566e+72
3015519,1.4828225547831566e+72
3017301,1.4828225547831566e+72
3019083,2.355858002465143e+75
3020865,2.355858002465143e+75
3022647,1.4828225547831566e+72
3024429,1.4828225547831566e+72
3026211,1.4828225547831566e+72
3027993,1.4828225547831566e+72
3001264,2393.167788136322
3003046,2393.167788136322
3004828,2393.167788136322
3006610,2393.167788136322
3008392,2393.167788136322
3010174,2393.167788136322
3011956,2393.167788136322
3013738,2393.167788136322
3015520,2393.167788136322
3017302,2393.167788136322
3019084,2393.167788136322
3020866,2393.167788136322
3022648,2393.167788136322
3024430,2393.167788136322
3026212,2393.167788136322
3027994,2393.167788136322
3001265,2393.167788136322
3003047,2393.167788136322
3004829,2393.167788136322
3006611,2393.167788136322
3008393,2393.167788136322
3010175,2393.167788136322
3011957,2393.167788136322
3013739,2393.167788136322
3015521,2393.167788136322
3017303,2393.167788136322
3019085,2393.167788136322
3020867,2393.167788136322
3022649,2393.167788136322
3024431,2393.167788136322
3026213,2393.167788136322
3027995,2393.167788136322
3001266,2393.167788136322
3003048,2393.167788136322
3004830,2393.167788136322
3006612,2393.167788136322
3008394,2393.167788136322
3010176,2393.167788136322
3011958,2393.167788136322
3013740,2393.167788136322
3015522,2393.167788136322
3017304,2393.167788136322
3019086,2393.167788136322
3020868,2393.167788136322
3022650,2393.167788136322
3024432,2393.167788136322
3026214,2393.167788136322
3027996,2393.167788136322
3001267,2393.167788136322
3003049,2393.167788136322
3004831,2393.167788136322
3006613,2393.167788136322
3008395,2393.167788136322
3010177,2393.167788136322
3011959,2393.167788136322
3013741,2393.167788136322
3015523,2393.167788136322
3017305,2393.167788136322
3019087,2393.167788136322
3020869,2393.167788136322
3022651,2393.167788136322
3024433,2393.167788136322
3026215,2393.167788136322
3027997,2393.167788136322
3001268,2393.167788136322
3003050,2393.167788136322
3004832,2393.167788136322
3006614,2393.167788136322
3008396,2393.167788136322
3010178,2393.167788136322
3011960,2393.167788136322
3013742,2393.167788136322
3015524,2393.167788136322
3017306,2393.167788136322
3019088,2393.167788136322
3020870,2393.167788136322
3022652,2393.167788136322
3024434,2393.167788136322
3026216,2393.167788136322
3027998,2393.167788136322
3001269,2393.167788136322
3003051,2393.167788136322
3004833,2393.167788136322
3006615,2393.167788136322
3008397,2393.167788136322
3010179,2393.167788136322
3011961,2393.167788136322
3013743,2393.167788136322
3015525,2393.167788136322
3017307,2393.167788136322
3019089,2393.167788136322
3020871,2393.167788136322
3022653,2393.167788136322
3024435,2393.167788136322
3026217,2393.167788136322
3027999,2393.167788136322
3001270,2393.167788136322
3003052,2393.167788136322
3004834,2393.167788136322
3006616,2393.167788136322
3008398,2393.167788136322
3010180,2393.167788136322
3011962,2393.167788136322
3013744,2393.167788136322
3015526,2393.167788136322
3017308,2393.167788136322
3019090,2393.167788136322
3020872,2393.167788136322
3022654,2393.167788136322
3024436,2393.167788136322
3026218,2393.167788136322
3028000,2393.167788136322
3001271,2393.167788136322
3003053,2393.167788136322
3004835,2393.167788136322
3006617,2393.167788136322
3008399,2393.167788136322
3010181,2393.167788136322
3011963,2393.167788136322
3013745,2393.167788136322
3015527,2393.167788136322
3017309,2393.167788136322
3019091,2393.167788136322
3020873,2393.167788136322
3022655,2393.167788136322
3024437,2393.167788136322
3026219,2393.167788136322
3028001,2393.167788136322
3001272,2393.167788136322
3003054,2393.167788136322
3004836,2393.167788136322
3006618,2393.167788136322
3008400,2393.167788136322
3010182,2393.167788136322
3011964,2393.167788136322
3013746,2393.167788136322
3015528,2393.167788136322
3017310,2393.167788136322
3019092,2393.167788136322
3020874,2393.167788136322
3022656,2393.167788136322
3024438,2393.167788136322
3026220,2393.167788136322
3028002,2393.167788136322
3001273,13755.84775951168
3003055,13755.84775951168
3004837,13755.84775951168
3006619,13755.84775951168
3008401,13755.84775951168
3010183,13755.84775951168
3011965,13755.84775951168
3013747,13755.84775951168
3015529,13755.84775951168
3017311,13755.84775951168
3019093,13755.84775951168
3020875,13755.84775951168
3022657,13755.84775951168
3024439,13755.84775951168
3026221,13755.84775951168
3028003,13755.84775951168
3001274,2393.167788136322
3003056,2393.167788136322
3004838,2393.167788136322
3006620,2393.167788136322
3008402,2393.167788136322
3010184,2393.167788136322
3011966,2393.167788136322
3013748,2393.167788136322
3015530,2393.167788136322
3017312,2393.167788136322
3019094,2393.167788136322
3020876,2393.167788136322
3022658,2393.167788136322
3024440,2393.167788136322
3026222,2393.167788136322
3028004,2393.167788136322
3001275,29379.993670687425
3003057,29379.993670687425
3004839,29379.993670687425
3006621,29379.993670687425
3008403,29379.993670687425
3010185,29379.993670687425
3011967,29379.993670687425
3013749,29379.993670687425
3015531,29379.993670687425
3017313,29379.993670687425
3019095,29379.993670687425
3020877,29379.993670687425
3022659,29379.993670687425
3024441,29379.993670687425
3026223,29379.993670687425
3028005,29379.993670687425
3001276,28191.69775395516
3003058,28191.69775395516
3004840,28191.69775395516
3006622,28191.69775395516
3008404,28191.69775395516
3010186,28191.69775395516
3011968,28191.69775395516
3013750,28191.69775395516
3015532,28191.69775395516
3017314,28191.69775395516
3019096,28191.69775395516
3020878,28191.69775395516
3022660,28191.69775395516
3024442,28191.69775395516
3026224,28191.69775395516
3028006,28191.69775395516
3001277,2393.167788136322
3003059,2393.167788136322
3004841,2393.167788136322
3006623,2393.167788136322
3008405,2393.167788136322
3010187,2393.167788136322
3011969,2393.167788136322
3013751,2393.167788136322
3015533,2393.167788136322
3017315,2393.167788136322
3019097,2393.167788136322
3020879,2393.167788136322
3022661,2393.167788136322
3024443,2393.167788136322
3026225,2393.167788136322
3028007,2393.167788136322
3001278,2393.167788136322
3003060,2393.167788136322
3004842,2393.167788136322
3006624,2393.167788136322
3008406,2393.167788136322
3010188,2393.167788136322
3011970,2393.167788136322
3013752,2393.167788136322
3015534,2393.167788136322
3017316,2393.167788136322
3019098,2393.167788136322
3020880,2393.167788136322
3022662,2393.167788136322
3024444,2393.167788136322
3026226,2393.167788136322
3028008,2393.167788136322
3001279,29379.993670687425
3003061,29379.993670687425
3004843,29379.993670687425
3006625,29379.993670687425
3008407,29379.993670687425
3010189,29379.993670687425
3011971,29379.993670687425
3013753,29379.993670687425
3015535,29379.993670687425
3017317,29379.993670687425
3019099,29379.993670687425
3020881,29379.993670687425
3022663,29379.993670687425
3024445,29379.993670687425
3026227,29379.993670687425
3028009,29379.993670687425
3001280,18867.114598218865
3003062,18867.114598218865
3004844,18867.114598218865
3006626,18867.114598218865
3008408,18867.114598218865
3010190,18867.114598218865
3011972,18867.114598218865
3013754,18867.114598218865
3015536,18867.114598218865
3017318,18867.114598218865
3019100,18867.114598218865
3020882,18867.114598218865
3022664,18867.114598218865
3024446,18867.114598218865
3026228,18867.114598218865
3028010,18867.114598218865
3001281,32530.527067124498
3003063,32530.527067124498
3004845,32530.527067124498
3006627,32530.527067124498
3008409,32530.527067124498
3010191,32530.527067124498
3011973,32530.527067124498
3013755,32530.527067124498
3015537,32530.527067124498
3017319,32530.527067124498
3019101,32530.527067124498
3020883,32530.527067124498
3022665,32530.527067124498
3024447,32530.527067124498
3026229,32530.527067124498
3028011,32530.527067124498
3001282,2393.167788136322
3003064,2393.167788136322
3004846,2393.167788136322
3006628,2393.167788136322
3008410,2393.167788136322
3010192,2393.167788136322
3011974,2393.167788136322
3013756,2393.167788136322
3015538,2393.167788136322
3017320,2393.167788136322
3019102,2393.167788136322
3020884,2393.167788136322
3022666,2393.167788136322
3024448,2393.167788136322
3026230,2393.167788136322
3028012,2393.167788136322
3001283,2393.167788136322
3003065,2393.167788136322
3004847,2393.167788136322
3006629,2393.167788136322
3008411,2393.167788136322
3010193,2393.167788136322
3011975,2393.167788136322
3013757,2393.167788136322
3015539,2393.167788136322
3017321,2393.167788136322
3019103,2393.167788136322
3020885,2393.167788136322
3022667,2393.167788136322
3024449,2393.167788136322
3026231,2393.167788136322
3028013,2393.167788136322
3001614,2393.167788136322
3003396,2393.167788136322
3005178,2393.167788136322
3006960,2393.167788136322
3008742,2393.167788136322
3010524,2393.167788136322
3012306,2393.167788136322
3014088,2393.167788136322
3015870,2393.167788136322
3017652,2393.167788136322
3019434,2393.167788136322
3021216,2393.167788136322
3022998,2393.167788136322
3024780,2393.167788136322
3026562,2393.167788136322
3028344,2393.167788136322
3001615,2393.167788136322
3003397,2393.167788136322
3005179,2393.167788136322
3006961,2393.167788136322
3008743,2393.167788136322
3010525,2393.167788136322
3012307,2393.167788136322
3014089,2393.167788136322
3015871,2393.167788136322
3017653,2393.167788136322
3019435,2393.167788136322
3021217,2393.167788136322
3022999,2393.167788136322
3024781,2393.167788136322
3026563,2393.167788136322
3028345,2393.167788136322
3001616,2393.167788136322
3003398,2393.167788136322
3005180,2393.167788136322
3006962,2393.167788136322
3008744,2393.167788136322
3010526,2393.167788136322
3012308,2393.167788136322
3014090,2393.167788136322
3015872,2393.167788136322
3017654,2393.167788136322
3019436,2393.167788136322
3021218,2393.167788136322
3023000,2393.167788136322
3024782,2393.167788136322
3026564,2393.167788136322
3028346,2393.167788136322
3001617,8.123019115496429e+103
3003399,8.123019115496429e+103
3005181,8.123019115496429e+103
3006963,8.123019115496429e+103
3008745,8.123019115496429e+103
3010527,8.123019115496429e+103
3012309,8.123019115496429e+103
3014091,8.123019115496429e+103
3015873,8.123019115496429e+103
3017655,8.123019115496429e+103
3019437,8.123019115496429e+103
3021219,8.123019115496429e+103
3023001,8.123019115496429e+103
3024783,8.123019115496429e+103
3026565,8.123019115496429e+103
3028347,8.123019115496429e+103
3001618,2393.167788136322
3003400,2393.167788136322
3005182,2393.167788136322
3006964,2393.167788136322
3008746,2393.167788136322
3010528,2393.167788136322
3012310,2393.167788136322
3014092,2393.167788136322
3015874,2393.167788136322
3017656,2393.167788136322
3019438,2393.167788136322
3021220,2393.167788136322
3023002,2393.167788136322
3024784,2393.167788136322
3026566,2393.167788136322
3028348,2393.167788136322
3001619,29379.993670687425
3003401,29379.993670687425
3005183,29379.993670687425
3006965,29379.993670687425
3008747,29379.993670687425
3010529,29379.993670687425
3012311,29379.993670687425
3014093,29379.993670687425
3015875,29379.993670687425
3017657,29379.993670687425
3019439,29379.993670687425
3021221,29379.993670687425
3023003,29379.993670687425
3024785,29379.993670687425
3026567,29379.993670687425
3028349,29379.993670687425
3001620,2393.167788136322
3003402,2393.167788136322
3005184,2393.167788136322
3006966,2393.167788136322
3008748,2393.167788136322
3010530,2393.167788136322
3012312,2393.167788136322
3014094,2393.167788136322
3015876,2393.167788136322
3017658,2393.167788136322
3019440,2393.167788136322
3021222,2393.167788136322
3023004,2393.167788136322
3024786,2393.167788136322
3026568,2393.167788136322
3028350,2393.167788136322
3001621,4.536043948145473e+35
3003403,4.536043948145473e+35
3005185,4.536043948145473e+35
3006967,4.536043948145473e+35
3008749,4.536043948145473e+35
3010531,4.536043948145473e+35
3012313,4.536043948145473e+35
3014095,4.536043948145473e+35
3015877,4.536043948145473e+35
3017659,4.536043948145473e+35
3019441,4.536043948145473e+35
3021223,4.536043948145473e+35
3023005,4.536043948145473e+35
3024787,4.536043948145473e+35
3026569,4.536043948145473e+35
3028351,4.536043948145473e+35
3001622,32530.527067124498
3003404,32530.527067124498
3005186,32530.527067124498
3006968,32530.527067124498
3008750,32530.527067124498
3010532,32530.527067124498
3012314,32530.527067124498
3014096,32530.527067124498
3015878,32530.527067124498
3017660,32530.527067124498
3019442,32530.527067124498
3021224,32530.527067124498
3023006,32530.527067124498
3024788,32530.527067124498
3026570,32530.527067124498
3028352,32530.527067124498
3001623,28191.69775395516
3003405,28191.69775395516
3005187,28191.69775395516
3006969,28191.69775395516
3008751,28191.69775395516
3010533,28191.69775395516
3012315,28191.69775395516
3014097,28191.69775395516
3015879,28191.69775395516
3017661,28191.69775395516
3019443,28191.69775395516
3021225,28191.69775395516
3023007,28191.69775395516
3024789,28191.69775395516
3026571,28191.69775395516
3028353,28191.69775395516
3001624,28191.69775395516
3003406,28191.69775395516
3005188,28191.69775395516
3006970,28191.69775395516
3008752,28191.69775395516
3010534,28191.69775395516
3012316,28191.69775395516
3014098,28191.69775395516
3015880,28191.69775395516
3017662,28191.69775395516
3019444,28191.69775395516
3021226,28191.69775395516
3023008,28191.69775395516
3024790,28191.69775395516
3026572,28191.69775395516
3028354,28191.69775395516
3001625,25447.284195908585
3003407,25447.284195908585
3005189,25447.284195908585
3006971,25447.284195908585
3008753,25447.284195908585
3010535,25447.284195908585
3012317,25447.284195908585
3014099,25447.284195908585
3015881,25447.284195908585
3017663,25447.284195908585
3019445,25447.284195908585
3021227,25447.284195908585
3023009,25447.284195908585
3024791,25447.284195908585
3026573,25447.284195908585
3028355,25447.284195908585
3001626,1.4828225547831566e+72
3003408,1.4828225547831566e+72
3005190,1.4828225547831566e+72
3006972,2.355858002465143e+75
3008754,2.355858002465143e+75
3010536,1.4828225547831566e+72
3012318,1.4828225547831566e+72
3014100,1.4828225547831566e+72
3015882,1.4828225547831566e+72
3017664,1.4828225547831566e+72
3019446,2.355858002465143e+75
3021228,2.355858002465143e+75
3023010,1.4828225547831566e+72
3024792,1.4828225547831566e+72
3026574,1.4828225547831566e+72
3028356,1.4828225547831566e+72
3001627,2393.167788136322
3003409,2393.167788136322
3005191,2393.167788136322
3006973,2393.167788136322
3008755,2393.167788136322
3010537,2393.167788136322
3012319,2393.167788136322
3014101,2393.167788136322
3015883,2393.167788136322
3017665,2393.167788136322
3019447,2393.167788136322
3021229,2393.167788136322
3023011,2393.167788136322
3024793,2393.167788136322
3026575,2393.167788136322
3028357,2393.167788136322
3001628,2393.167788136322
3003410,2393.167788136322
3005192,2393.167788136322
3006974,2393.167788136322
3008756,2393.167788136322
3010538,2393.167788136322
3012320,2393.167788136322
3014102,2393.167788136322
3015884,2393.167788136322
3017666,2393.167788136322
3019448,2393.167788136322
3021230,2393.167788136322
3023012,2393.167788136322
3024794,2393.167788136322
3026576,2393.167788136322
3028358,2393.167788136322
3001629,2393.167788136322
3003411,2393.167788136322
3005193,2393.167788136322
3006975,2393.167788136322
3008757,2393.167788136322
3010539,2393.167788136322
3012321,2393.167788136322
3014103,2393.167788136322
3015885,2393.167788136322
3017667,2393.167788136322
3019449,2393.167788136322
3021231,2393.167788136322
3023013,2393.167788136322
3024795,2393.167788136322
3026577,2393.167788136322
3028359,2393.167788136322
3001630,2393.167788136322
3003412,2393.167788136322
3005194,2393.167788136322
3006976,2393.167788136322
3008758,2393.167788136322
3010540,2393.167788136322
3012322,2393.167788136322
3014104,2393.167788136322
3015886,2393.167788136322
3017668,2393.167788136322
3019450,2393.167788136322
3021232,2393.167788136322
3023014,2393.167788136322
3024796,2393.167788136322
3026578,2393.167788136322
3028360,2393.167788136322
3001631,2393.167788136322
3003413,2393.167788136322
3005195,2393.167788136322
3006977,2393.167788136322
3008759,2393.167788136322
3010541,2393.167788136322
3012323,2393.167788136322
3014105,2393.167788136322
3015887,2393.167788136322
3017669,2393.167788136322
3019451,2393.167788136322
3021233,2393.167788136322
3023015,2393.167788136322
3024797,2393.167788136322
3026579,2393.167788136322
3028361,2393.167788136322
3001632,2393.167788136322
3003414,2393.167788136322
3005196,2393.167788136322
3006978,2393.167788136322
3008760,2393.167788136322
3010542,2393.167788136322
3012324,2393.167788136322
3014106,2393.167788136322
3015888,2393.167788136322
3017670,2393.167788136322
3019452,2393.167788136322
3021234,2393.167788136322
3023016,2393.167788136322
3024798,2393.167788136322
3026580,2393.167788136322
3028362,2393.167788136322
3001633,2393.167788136322
3003415,2393.167788136322
3005197,2393.167788136322
3006979,2393.167788136322
3008761,2393.167788136322
3010543,2393.167788136322
3012325,2393.167788136322
3014107,2393.167788136322
3015889,2393.167788136322
3017671,2393.167788136322
3019453,2393.167788136322
3021235,2393.167788136322
3023017,2393.167788136322
3024799,2393.167788136322
3026581,2393.167788136322
3028363,2393.167788136322
3001634,2393.167788136322
3003416,2393.167788136322
3005198,2393.167788136322
3006980,2393.167788136322
3008762,2393.167788136322
3010544,2393.167788136322
3012326,2393.167788136322
3014108,2393.167788136322
3015890,2393.167788136322
3017672,2393.167788136322
3019454,2393.167788136322
3021236,2393.167788136322
3023018,2393.167788136322
3024800,2393.167788136322
3026582,2393.167788136322
3028364,2393.167788136322
3001635,2393.167788136322
3003417,2393.167788136322
3005199,2393.167788136322
3006981,2393.167788136322
3008763,2393.167788136322
3010545,2393.167788136322
3012327,2393.167788136322
3014109,2393.167788136322
3015891,2393.167788136322
3017673,2393.167788136322
3019455,2393.167788136322
3021237,2393.167788136322
3023019,2393.167788136322
3024801,2393.167788136322
3026583,2393.167788136322
3028365,2393.167788136322
3001636,13755.84775951168
3003418,13755.84775951168
3005200,13755.84775951168
3006982,13755.84775951168
3008764,13755.84775951168
3010546,13755.84775951168
3012328,13755.84775951168
3014110,13755.84775951168
3015892,13755.84775951168
3017674,13755.84775951168
3019456,13755.84775951168
3021238,13755.84775951168
3023020,13755.84775951168
3024802,13755.84775951168
3026584,13755.84775951168
3028366,13755.84775951168
3001637,2393.167788136322
3003419,2393.167788136322
3005201,2393.167788136322
3006983,2393.167788136322
3008765,2393.167788136322
3010547,2393.167788136322
3012329,2393.167788136322
3014111,2393.167788136322
3015893,2393.167788136322
3017675,2393.167788136322
3019457,2393.167788136322
3021239,2393.167788136322
3023021,2393.167788136322
3024803,2393.167788136322
3026585,2393.167788136322
3028367,2393.167788136322
3001638,29379.993670687425
3003420,29379.993670687425
3005202,29379.993670687425
3006984,29379.993670687425
3008766,29379.993670687425
3010548,29379.993670687425
3012330,29379.993670687425
3014112,29379.993670687425
3015894,29379.993670687425
3017676,29379.993670687425
3019458,29379.993670687425
3021240,29379.993670687425
3023022,29379.993670687425
3024804,29379.993670687425
3026586,29379.993670687425
3028368,29379.993670687425
3001639,28191.69775395516
3003421,28191.69775395516
3005203,28191.69775395516
3006985,28191.69775395516
3008767,28191.69775395516
3010549,28191.69775395516
3012331,28191.69775395516
3014113,28191.69775395516
3015895,28191.69775395516
3017677,28191.69775395516
3019459,28191.69775395516
3021241,28191.69775395516
3023023,28191.69775395516
3024805,28191.69775395516
3026587,28191.69775395516
3028369,28191.69775395516
3001640,2393.167788136322
3003422,2393.167788136322
3005204,2393.167788136322
3006986,2393.167788136322
3008768,2393.167788136322
3010550,2393.167788136322
3012332,2393.167788136322
3014114,2393.167788136322
3015896,2393.167788136322
3017678,2393.167788136322
3019460,2393.167788136322
3021242,2393.167788136322
3023024,2393.167788136322
3024806,2393.167788136322
3026588,2393.167788136322
3028370,2393.167788136322
3001641,2393.167788136322
3003423,2393.167788136322
3005205,2393.167788136322
3006987,2393.167788136322
3008769,2393.167788136322
3010551,2393.167788136322
3012333,2393.167788136322
3014115,2393.167788136322
3015897,2393.167788136322
3017679,2393.167788136322
3019461,2393.167788136322
3021243,2393.167788136322
3023025,2393.167788136322
3024807,2393.167788136322
3026589,2393.167788136322
3028371,2393.167788136322
3001642,29379.993670687425
3003424,29379.993670687425
3005206,29379.993670687425
3006988,29379.993670687425
3008770,29379.993670687425
3010552,29379.993670687425
3012334,29379.993670687425
3014116,29379.993670687425
3015898,29379.993670687425
3017680,29379.993670687425
3019462,29379.993670687425
3021244,29379.993670687425
3023026,29379.993670687425
3024808,29379.993670687425
3026590,29379.993670687425
3028372,29379.993670687425
3001643,18867.114598218865
3003425,18867.114598218865
3005207,18867.114598218865
3006989,18867.114598218865
3008771,18867.114598218865
3010553,18867.114598218865
3012335,18867.114598218865
3014117,18867.114598218865
3015899,18867.114598218865
3017681,18867.114598218865
3019463,18867.114598218865
3021245,18867.114598218865
3023027,18867.114598218865
3024809,18867.114598218865
3026591,18867.114598218865
3028373,18867.114598218865
3001644,32530.527067124498
3003426,32530.527067124498
3005208,32530.527067124498
3006990,32530.527067124498
3008772,32530.527067124498
3010554,32530.527067124498
3012336,32530.527067124498
3014118,32530.527067124498
3015900,32530.527067124498
3017682,32530.527067124498
3019464,32530.527067124498
3021246,32530.527067124498
3023028,32530.527067124498
3024810,32530.527067124498
3026592,32530.527067124498
3028374,32530.527067124498
3001645,2393.167788136322
3003427,2393.167788136322
3005209,2393.167788136322
3006991,2393.167788136322
3008773,2393.167788136322
3010555,2393.167788136322
3012337,2393.167788136322
3014119,2393.167788136322
3015901,2393.167788136322
3017683,2393.167788136322
3019465,2393.167788136322
3021247,2393.167788136322
3023029,2393.167788136322
3024811,2393.167788136322
3026593,2393.167788136322
3028375,2393.167788136322
3001646,2393.167788136322
3003428,2393.167788136322
3005210,2393.167788136322
3006992,2393.167788136322
3008774,2393.167788136322
3010556,2393.167788136322
3012338,2393.167788136322
3014120,2393.167788136322
3015902,2393.167788136322
3017684,2393.167788136322
3019466,2393.167788136322
3021248,2393.167788136322
3023030,2393.167788136322
3024812,2393.167788136322
3026594,2393.167788136322
3028376,2393.167788136322
3001977,2393.167788136322
3003759,2393.167788136322
3005541,2393.167788136322
3007323,2393.167788136322
3009105,2393.167788136322
3010887,2393.167788136322
3012669,2393.167788136322
3014451,2393.167788136322
3016233,2393.167788136322
3018015,2393.167788136322
3019797,2393.167788136322
3021579,2393.167788136322
3023361,2393.167788136322
3025143,2393.167788136322
3026925,2393.167788136322
3028707,2393.167788136322
3001978,2393.167788136322
3003760,2393.167788136322
3005542,2393.167788136322
3007324,2393.167788136322
3009106,2393.167788136322
3010888,2393.167788136322
3012670,2393.167788136322
3014452,2393.167788136322
3016234,2393.167788136322
3018016,2393.167788136322
3019798,2393.167788136322
3021580,2393.167788136322
3023362,2393.167788136322
3025144,2393.167788136322
3026926,2393.167788136322
3028708,2393.167788136322
3001979,2393.167788136322
3003761,2393.167788136322
3005543,2393.167788136322
3007325,2393.167788136322
3009107,2393.167788136322
3010889,2393.167788136322
3012671,2393.167788136322
3014453,2393.167788136322
3016235,2393.167788136322
3018017,2393.167788136322
3019799,2393.167788136322
3021581,2393.167788136322
3023363,2393.167788136322
3025145,2393.167788136322
3026927,2393.167788136322
3028709,2393.167788136322
3001980,8.123019115496429e+103
3003762,8.123019115496429e+103
3005544,8.123019115496429e+103
3007326,8.123019115496429e+103
3009108,8.123019115496429e+103
3010890,8.123019115496429e+103
3012672,8.123019115496429e+103
3014454,8.123019115496429e+103
3016236,8.123019115496429e+103
3018018,8.123019115496429e+103
3019800,8.123019115496429e+103
3021582,8.123019115496429e+103
3023364,8.123019115496429e+103
3025146,8.123019115496429e+103
3026928,8.123019115496429e+103
3028710,8.123019115496429e+103
3001981,2393.167788136322
3003763,2393.167788136322
3005545,2393.167788136322
3007327,2393.167788136322
3009109,2393.167788136322
3010891,2393.167788136322
3012673,2393.167788136322
3014455,2393.167788136322
3016237,2393.167788136322
3018019,2393.167788136322
3019801,2393.167788136322
3021583,2393.167788136322
3023365,2393.167788136322
3025147,2393.167788136322
3026929,2393.167788136322
3028711,2393.167788136322
3001982,29379.993670687425
3003764,29379.993670687425
3005546,29379.993670687425
3007328,29379.993670687425
3009110,29379.993670687425
3010892,29379.993670687425
3012674,29379.993670687425
3014456,29379.993670687425
3016238,29379.993670687425
3018020,29379.993670687425
3019802,29379.993670687425
3021584,29379.993670687425
3023366,29379.993670687425
3025148,29379.993670687425
3026930,29379.993670687425
3028712,29379.993670687425
3001983,2393.167788136322
3003765,2393.167788136322
3005547,2393.167788136322
3007329,2393.167788136322
3009111,2393.167788136322
3010893,2393.167788136322
3012675,2393.167788136322
3014457,2393.167788136322
3016239,2393.167788136322
3018021,2393.167788136322
3019803,2393.167788136322
3021585,2393.167788136322
3023367,2393.167788136322
3025149,2393.167788136322
3026931,2393.167788136322
3028713,2393.167788136322
3001984,4.536043948145473e+35
3003766,4.536043948145473e+35
3005548,4.536043948145473e+35
3007330,4.536043948145473e+35
3009112,4.536043948145473e+35
3010894,4.536043948145473e+35
3012676,4.536043948145473e+35
3014458,4.536043948145473e+35
3016240,4.536043948145473e+35
3018022,4.536043948145473e+35
3019804,4.536043948145473e+35
3021586,4.536043948145473e+35
3023368,4.536043948145473e+35
3025150,4.536043948145473e+35
3026932,4.536043948145473e+35
3028714,4.536043948145473e+35
3001985,32530.527067124498
3003767,32530.527067124498
3005549,32530.527067124498
3007331,32530.527067124498
3009113,32530.527067124498
3010895,32530.527067124498
3012677,32530.527067124498
3014459,32530.527067124498
3016241,32530.527067124498
3018023,32530.527067124498
3019805,32530.527067124498
3021587,32530.527067124498
3023369,32530.527067124498
3025151,32530.527067124498
3026933,32530.527067124498
3028715,32530.527067124498
3001986,28191.69775395516
3003768,28191.69775395516
3005550,28191.69775395516
3007332,28191.69775395516
3009114,28191.69775395516
3010896,28191.69775395516
3012678,28191.69775395516
3014460,28191.69775395516
3016242,28191.69775395516
3018024,28191.69775395516
3019806,28191.69775395516
3021588,28191.69775395516
3023370,28191.69775395516
3025152,28191.69775395516
3026934,28191.69775395516
3028716,28191.69775395516
3001987,28191.69775395516
3003769,28191.69775395516
3005551,28191.69775395516
3007333,28191.69775395516
3009115,28191.69775395516
3010897,28191.69775395516
3012679,28191.69775395516
3014461,28191.69775395516
3016243,28191.69775395516
3018025,28191.69775395516
3019807,28191.69775395516
3021589,28191.69775395516
3023371,28191.69775395516
3025153,28191.69775395516
3026935,28191.69775395516
3028717,28191.69775395516
3001988,25447.284195908585
3003770,25447.284195908585
3005552,25447.284195908585
3007334,25447.284195908585
3009116,25447.284195908585
3010898,25447.284195908585
3012680,25447.284195908585
3014462,25447.284195908585
3016244,25447.284195908585
3018026,25447.284195908585
3019808,25447.284195908585
3021590,25447.284195908585
3023372,25447.284195908585
3025154,25447.284195908585
3026936,25447.284195908585
3028718,25447.284195908585
3001989,1.4828225547831566e+72
3003771,1.4828225547831566e+72
3005553,1.4828225547831566e+72
3007335,2.355858002465143e+75
3009117,2.355858002465143e+75
3010899,1.4828225547831566e+72
3012681,1.4828225547831566e+72
3014463,1.4828225547831566e+72
3016245,1.4828225547831566e+72
3018027,1.4828225547831566e+72
3019809,2.355858002465143e+75
3021591,2.355858002465143e+75
3023373,1.4828225547831566e+72
3025155,1.4828225547831566e+72
3026937,1.4828225547831566e+72
3028719,1.4828225547831566e+72
3001990,2393.167788136322
3003772,2393.167788136322
3005554,2393.167788136322
3007336,2393.167788136322
3009118,2393.167788136322
3010900,2393.167788136322
3012682,2393.167788136322
3014464,2393.167788136322
3016246,2393.167788136322
3018028,2393.167788136322
3019810,2393.167788136322
3021592,2393.167788136322
3023374,2393.167788136322
3025156,2393.167788136322
3026938,2393.167788136322
3028720,2393.167788136322
3001991,2393.167788136322
3003773,2393.167788136322
3005555,2393.167788136322
3007337,2393.167788136322
3009119,2393.167788136322
3010901,2393.167788136322
3012683,2393.167788136322
3014465,2393.167788136322
3016247,2393.167788136322
3018029,2393.167788136322
3019811,2393.167788136322
3021593,2393.167788136322
3023375,2393.167788136322
3025157,2393.167788136322
3026939,2393.167788136322
3028721,2393.167788136322
3001992,2393.167788136322
3003774,2393.167788136322
3005556,2393.167788136322
3007338,2393.167788136322
3009120,2393.167788136322
3010902,2393.167788136322
3012684,2393.167788136322
3014466,2393.167788136322
3016248,2393.167788136322
3018030,2393.167788136322
3019812,2393.167788136322
3021594,2393.167788136322
3023376,2393.167788136322
3025158,2393.167788136322
3026940,2393.167788136322
3028722,2393.167788136322
3001993,2393.167788136322
3003775,2393.167788136322
3005557,2393.167788136322
3007339,2393.167788136322
3009121,2393.167788136322
3010903,2393.167788136322
3012685,2393.167788136322
3014467,2393.167788136322
3016249,2393.167788136322
3018031,2393.167788136322
3019813,2393.167788136322
3021595,2393.167788136322
3023377,2393.167788136322
3025159,2393.167788136322
3026941,2393.167788136322
3028723,2393.167788136322
3001994,2393.167788136322
3003776,2393.167788136322
3005558,2393.167788136322
3007340,2393.167788136322
3009122,2393.167788136322
3010904,2393.167788136322
3012686,2393.167788136322
3014468,2393.167788136322
3016250,2393.167788136322
3018032,2393.167788136322
3019814,2393.167788136322
3021596,2393.167788136322
3023378,2393.167788136322
3025160,2393.167788136322
3026942,2393.167788136322
3028724,2393.167788136322
3001995,2393.167788136322
3003777,2393.167788136322
3005559,2393.167788136322
3007341,2393.167788136322
3009123,2393.167788136322
3010905,2393.167788136322
3012687,2393.167788136322
3014469,2393.167788136322
3016251,2393.167788136322
3018033,2393.167788136322
3019815,2393.167788136322
3021597,2393.167788136322
3023379,2393.167788136322
3025161,2393.167788136322
3026943,2393.167788136322
3028725,2393.167788136322
3001996,2393.167788136322
3003778,2393.167788136322
3005560,2393.167788136322
3007342,2393.167788136322
3009124,2393.167788136322
3010906,2393.167788136322
3012688,2393.167788136322
3014470,2393.167788136322
3016252,2393.167788136322
3018034,2393.167788136322
3019816,2393.167788136322
3021598,2393.167788136322
3023380,2393.167788136322
3025162,2393.167788136322
3026944,2393.167788136322
3028726,2393.167788136322
3001997,2393.167788136322
3003779,2393.167788136322
3005561,2393.167788136322
3007343,2393.167788136322
3009125,2393.167788136322
3010907,2393.167788136322
3012689,2393.167788136322
3014471,2393.167788136322
3016253,2393.167788136322
3018035,2393.167788136322
3019817,2393.167788136322
3021599,2393.167788136322
3023381,2393.167788136322
3025163,2393.167788136322
3026945,2393.167788136322
3028727,2393.167788136322
3001998,2393.167788136322
3003780,2393.167788136322
3005562,2393.167788136322
3007344,2393.167788136322
3009126,2393.167788136322
3010908,2393.167788136322
3012690,2393.167788136322
3014472,2393.167788136322
3016254,2393.167788136322
3018036,2393.167788136322
3019818,2393.167788136322
3021600,2393.167788136322
3023382,2393.167788136322
3025164,2393.167788136322
3026946,2393.167788136322
3028728,2393.167788136322
3001999,13755.84775951168
3003781,13755.84775951168
3005563,13755.84775951168
3007345,13755.84775951168
3009127,13755.84775951168
3010909,13755.84775951168
3012691,13755.84775951168
3014473,13755.84775951168
3016255,13755.84775951168
3018037,13755.84775951168
3019819,13755.84775951168
3021601,13755.84775951168
3023383,13755.84775951168
3025165,13755.84775951168
3026947,13755.84775951168
3028729,13755.84775951168
3002000,2393.167788136322
3003782,2393.167788136322
3005564,2393.167788136322
3007346,2393.167788136322
3009128,2393.167788136322
3010910,2393.167788136322
3012692,2393.167788136322
3014474,2393.167788136322
3016256,2393.167788136322
3018038,2393.167788136322
3019820,2393.167788136322
3021602,2393.167788136322
3023384,2393.167788136322
3025166,2393.167788136322
3026948,2393.167788136322
3028730,2393.167788136322
3002001,29379.993670687425
3003783,29379.993670687425
3005565,29379.993670687425
3007347,29379.993670687425
3009129,29379.993670687425
3010911,29379.993670687425
3012693,29379.993670687425
3014475,29379.993670687425
3016257,29379.993670687425
3018039,29379.993670687425
3019821,29379.993670687425
3021603,29379.993670687425
3023385,29379.993670687425
3025167,29379.993670687425
3026949,29379.993670687425
3028731,29379.993670687425
3002002,28191.69775395516
3003784,28191.69775395516
3005566,28191.69775395516
3007348,28191.69775395516
3009130,28191.69775395516
3010912,28191.69775395516
3012694,28191.69775395516
3014476,28191.69775395516
3016258,28191.69775395516
3018040,28191.69775395516
3019822,28191.69775395516
3021604,28191.69775395516
3023386,28191.69775395516
3025168,28191.69775395516
3026950,28191.69775395516
3028732,28191.69775395516
3002003,2393.167788136322
3003785,2393.167788136322
3005567,2393.167788136322
3007349,2393.167788136322
3009131,2393.167788136322
3010913,2393.167788136322
3012695,2393.167788136322
3014477,2393.167788136322
3016259,2393.167788136322
3018041,2393.167788136322
3019823,2393.167788136322
3021605,2393.167788136322
3023387,2393.167788136322
3025169,2393.167788136322
3026951,2393.167788136322
3028733,2393.167788136322
3002004,2393.167788136322
3003786,2393.167788136322
3005568,2393.167788136322
3007350,2393.167788136322
3009132,2393.167788136322
3010914,2393.167788136322
3012696,2393.167788136322
3014478,2393.167788136322
3016260,2393.167788136322
3018042,2393.167788136322
3019824,2393.167788136322
3021606,2393.167788136322
3023388,2393.167788136322
3025170,2393.167788136322
3026952,2393.167788136322
3028734,2393.167788136322
3002005,29379.993670687425
3003787,29379.993670687425
3005569,29379.993670687425
3007351,29379.993670687425
3009133,29379.993670687425
3010915,29379.993670687425
3012697,29379.993670687425
3014479,29379.993670687425
3016261,29379.993670687425
3018043,29379.993670687425
3019825,29379.993670687425
3021607,29379.993670687425
3023389,29379.993670687425
3025171,29379.993670687425
3026953,29379.993670687425
3028735,29379.993670687425
3002006,18867.114598218865
3003788,18867.114598218865
3005570,18867.114598218865
3007352,18867.114598218865
3009134,18867.114598218865
3010916,18867.114598218865
3012698,18867.114598218865
3014480,18867.114598218865
3016262,18867.114598218865
3018044,18867.114598218865
3019826,18867.114598218865
3021608,18867.114598218865
3023390,18867.114598218865
3025172,18867.114598218865
3026954,18867.114598218865
3028736,18867.114598218865
3002007,32530.527067124498
3003789,32530.527067124498
3005571,32530.527067124498
3007353,32530.527067124498
3009135,32530.527067124498
3010917,32530.527067124498
3012699,32530.527067124498
3014481,32530.527067124498
3016263,32530.527067124498
3018045,32530.527067124498
3019827,32530.527067124498
3021609,32530.527067124498
3023391,32530.527067124498
3025173,32530.527067124498
3026955,32530.527067124498
3028737,32530.527067124498
3002008,2393.167788136322
3003790,2393.167788136322
3005572,2393.167788136322
3007354,2393.167788136322
3009136,2393.167788136322
3010918,2393.167788136322
3012700,2393.167788136322
3014482,2393.167788136322
3016264,2393.167788136322
3018046,2393.167788136322
3019828,2393.167788136322
3021610,2393.167788136322
3023392,2393.167788136322
3025174,2393.167788136322
3026956,2393.167788136322
3028738,2393.167788136322
3002009,2393.167788136322
3003791,2393.167788136322
3005573,2393.167788136322
3007355,2393.167788136322
3009137,2393.167788136322
3010919,2393.167788136322
3012701,2393.167788136322
3014483,2393.167788136322
3016265,2393.167788136322
3018047,2393.167788136322
3019829,2393.167788136322
3021611,2393.167788136322
3023393,2393.167788136322
3025175,2393.167788136322
3026957,2393.167788136322
3028739,2393.167788136322
3002340,2393.167788136322
3004122,2393.167788136322
3005904,2393.167788136322
3007686,2393.167788136322
3009468,2393.167788136322
3011250,2393.167788136322
3013032,2393.167788136322
3014814,2393.167788136322
3016596,2393.167788136322
3018378,2393.167788136322
3020160,2393.167788136322
3021942,2393.167788136322
3023724,2393.167788136322
3025506,2393.167788136322
3027288,2393.167788136322
3029070,2393.167788136322
3002341,2393.167788136322
3004123,2393.167788136322
3005905,2393.167788136322
3007687,2393.167788136322
3009469,2393.167788136322
3011251,2393.167788136322
3013033,2393.167788136322
3014815,2393.167788136322
3016597,2393.167788136322
3018379,2393.167788136322
3020161,2393.167788136322
3021943,2393.167788136322
3023725,2393.167788136322
3025507,2393.167788136322
3027289,2393.167788136322
3029071,2393.167788136322
3002342,2393.167788136322
3004124,2393.167788136322
3005906,2393.167788136322
3007688,2393.167788136322
3009470,2393.167788136322
3011252,2393.167788136322
3013034,2393.167788136322
3014816,2393.167788136322
3016598,2393.167788136322
3018380,2393.167788136322
3020162,2393.167788136322
3021944,2393.167788136322
3023726,2393.167788136322
3025508,2393.167788136322
3027290,2393.167788136322
3029072,2393.167788136322
3002343,8.123019115496429e+103
3004125,8.123019115496429e+103
3005907,8.123019115496429e+103
3007689,8.123019115496429e+103
3009471,8.123019115496429e+103
3011253,8.123019115496429e+103
3013035,8.123019115496429e+103
3014817,8.123019115496429e+103
3016599,8.123019115496429e+103
3018381,8.123019115496429e+103
3020163,8.123019115496429e+103
3021945,8.123019115496429e+103
3023727,8.123019115496429e+103
3025509,8.123019115496429e+103
3027291,8.123019115496429e+103
3029073,8.123019115496429e+103
3002344,2393.167788136322
3004126,2393.167788136322
3005908,2393.167788136322
3007690,2393.167788136322
3009472,2393.167788136322
3011254,2393.167788136322
3013036,2393.167788136322
3014818,2393.167788136322
3016600,2393.167788136322
3018382,2393.167788136322
3020164,2393.167788136322
3021946,2393.167788136322
3023728,2393.167788136322
3025510,2393.167788136322
3027292,2393.167788136322
3029074,2393.167788136322
3002345,29379.993670687425
3004127,29379.993670687425
3005909,29379.993670687425
3007691,29379.993670687425
3009473,29379.993670687425
3011255,29379.993670687425
3013037,29379.993670687425
3014819,29379.993670687425
3016601,29379.993670687425
3018383,29379.993670687425
3020165,29379.993670687425
3021947,29379.993670687425
3023729,29379.993670687425
3025511,29379.993670687425
3027293,29379.993670687425
3029075,29379.993670687425
3002346,2393.167788136322
3004128,2393.167788136322
3005910,2393.167788136322
3007692,2393.167788136322
3009474,2393.167788136322
3011256,2393.167788136322
3013038,2393.167788136322
3014820,2393.167788136322
3016602,2393.167788136322
3018384,2393.167788136322
3020166,2393.167788136322
3021948,2393.167788136322
3023730,2393.167788136322
3025512,2393.167788136322
3027294,2393.167788136322
3029076,2393.167788136322
3002347,4.536043948145473e+35
3004129,4.536043948145473e+35
3005911,4.536043948145473e+35
3007693,4.536043948145473e+35
3009475,4.536043948145473e+35
3011257,4.536043948145473e+35
3013039,4.536043948145473e+35
3014821,4.536043948145473e+35
3016603,4.536043948145473e+35
3018385,4.536043948145473e+35
3020167,4.536043948145473e+35
3021949,4.536043948145473e+35
3023731,4.536043948145473e+35
3025513,4.536043948145473e+35
3027295,4.536043948145473e+35
3029077,4.536043948145473e+35
3002348,32530.527067124498
3004130,32530.527067124498
3005912,32530.527067124498
3007694,32530.527067124498
3009476,32530.527067124498
3011258,32530.527067124498
3013040,32530.527067124498
3014822,32530.527067124498
3016604,32530.527067124498
3018386,32530.527067124498
3020168,32530.527067124498
3021950,32530.527067124498
3023732,32530.527067124498
3025514,32530.527067124498
3027296,32530.527067124498
3029078,32530.527067124498
3002349,28191.69775395516
3004131,28191.69775395516
3005913,28191.69775395516
3007695,28191.69775395516
3009477,28191.69775395516
3011259,28191.69775395516
3013041,28191.69775395516
3014823,28191.69775395516
3016605,28191.69775395516
3018387,28191.69775395516
3020169,28191.69775395516
3021951,28191.69775395516
3023733,28191.69775395516
3025515,28191.69775395516
3027297,28191.69775395516
3029079,28191.69775395516
3002350,28191.69775395516
3004132,28191.69775395516
3005914,28191.69775395516
3007696,28191.69775395516
3009478,28191.69775395516
3011260,28191.69775395516
3013042,28191.69775395516
3014824,28191.69775395516
3016606,28191.69775395516
3018388,28191.69775395516
3020170,28191.69775395516
3021952,28191.69775395516
3023734,28191.69775395516
3025516,28191.69775395516
3027298,28191.69775395516
3029080,28191.69775395516
3002351,25447.284195908585
3004133,25447.284195908585
3005915,25447.284195908585
3007697,25447.284195908585
3009479,25447.284195908585
3011261,25447.284195908585
3013043,25447.284195908585
3014825,25447.284195908585
3016607,25447.284195908585
3018389,25447.284195908585
3020171,25447.284195908585
3021953,25447.284195908585
3023735,25447.284195908585
3025517,25447.284195908585
3027299,25447.284195908585
3029081,25447.284195908585
3002352,1.4828225547831566e+72
3004134,1.4828225547831566e+72
3005916,1.4828225547831566e+72
3007698,2.355858002465143e+75
3009480,2.355858002465143e+75
3011262,1.4828225547831566e+72
3013044,1.4828225547831566e+72
3014826,1.4828225547831566e+72
3016608,1.4828225547831566e+72
3018390,1.4828225547831566e+72
3020172,2.355858002465143e+75
3021954,2.355858002465143e+75
3023736,1.4828225547831566e+72
3025518,1.4828225547831566e+72
3027300,1.4828225547831566e+72
3029082,1.4828225547831566e+72
3002353,2393.167788136322
3004135,2393.167788136322
3005917,2393.167788136322
3007699,2393.167788136322
3009481,2393.167788136322
3011263,2393.167788136322
3013045,2393.167788136322
3014827,2393.167788136322
3016609,2393.167788136322
3018391,2393.167788136322
3020173,2393.167788136322
3021955,2393.167788136322
3023737,2393.167788136322
3025519,2393.167788136322
3027301,2393.167788136322
3029083,2393.167788136322
3002354,2393.167788136322
3004136,2393.167788136322
3005918,2393.167788136322
3007700,2393.167788136322
3009482,2393.167788136322
3011264,2393.167788136322
3013046,2393.167788136322
3014828,2393.167788136322
3016610,2393.167788136322
3018392,2393.167788136322
3020174,2393.167788136322
3021956,2393.167788136322
3023738,2393.167788136322
3025520,2393.167788136322
3027302,2393.167788136322
3029084,2393.167788136322
3002355,2393.167788136322
3004137,2393.167788136322
3005919,2393.167788136322
3007701,2393.167788136322
3009483,2393.167788136322
3011265,2393.167788136322
3013047,2393.167788136322
3014829,2393.167788136322
3016611,2393.167788136322
3018393,2393.167788136322
3020175,2393.167788136322
3021957,2393.167788136322
3023739,2393.167788136322
3025521,2393.167788136322
3027303,2393.167788136322
3029085,2393.167788136322
3002356,2393.167788136322
3004138,2393.167788136322
3005920,2393.167788136322
3007702,2393.167788136322
3009484,2393.167788136322
3011266,2393.167788136322
3013048,2393.167788136322
3014830,2393.167788136322
3016612,2393.167788136322
3018394,2393.167788136322
3020176,2393.167788136322
3021958,2393.167788136322
3023740,2393.167788136322
3025522,2393.167788136322
3027304,2393.167788136322
3029086,2393.167788136322
3002357,2393.167788136322
3004139,2393.167788136322
3005921,2393.167788136322
3007703,2393.167788136322
3009485,2393.167788136322
3011267,2393.167788136322
3013049,2393.167788136322
3014831,2393.167788136322
3016613,2393.167788136322
3018395,2393.167788136322
3020177,2393.167788136322
3021959,2393.167788136322
3023741,2393.167788136322
3025523,2393.167788136322
3027305,2393.167788136322
3029087,2393.167788136322
3002358,2393.167788136322
3004140,2393.167788136322
3005922,2393.167788136322
3007704,2393.167788136322
3009486,2393.167788136322
3011268,2393.167788136322
3013050,2393.167788136322
3014832,2393.167788136322
3016614,2393.167788136322
3018396,2393.167788136322
3020178,2393.167788136322
3021960,2393.167788136322
3023742,2393.167788136322
3025524,2393.167788136322
3027306,2393.167788136322
3029088,2393.167788136322
3002359,2393.167788136322
3004141,2393.167788136322
3005923,2393.167788136322
3007705,2393.167788136322
3009487,2393.167788136322
3011269,2393.167788136322
3013051,2393.167788136322
3014833,2393.167788136322
3016615,2393.167788136322
3018397,2393.167788136322
3020179,2393.167788136322
3021961,2393.167788136322
3023743,2393.167788136322
3025525,2393.167788136322
3027307,2393.167788136322
3029089,2393.167788136322
3002360,2393.167788136322
3004142,2393.167788136322
3005924,2393.167788136322
3007706,2393.167788136322
3009488,2393.167788136322
3011270,2393.167788136322
3013052,2393.167788136322
3014834,2393.167788136322
3016616,2393.167788136322
3018398,2393.167788136322
3020180,2393.167788136322
3021962,2393.167788136322
3023744,2393.167788136322
3025526,2393.167788136322
3027308,2393.167788136322
3029090,2393.167788136322
3002361,2393.167788136322
3004143,2393.167788136322
3005925,2393.167788136322
3007707,2393.167788136322
3009489,2393.167788136322
3011271,2393.167788136322
3013053,2393.167788136322
3014835,2393.167788136322
3016617,2393.167788136322
3018399,2393.167788136322
3020181,2393.167788136322
3021963,2393.167788136322
3023745,2393.167788136322
3025527,2393.167788136322
3027309,2393.167788136322
3029091,2393.167788136322
3002362,13755.84775951168
3004144,13755.84775951168
3005926,13755.84775951168
3007708,13755.84775951168
3009490,13755.84775951168
3011272,13755.84775951168
3013054,13755.84775951168
3014836,13755.84775951168
3016618,13755.84775951168
3018400,13755.84775951168
3020182,13755.84775951168
3021964,13755.84775951168
3023746,13755.84775951168
3025528,13755.84775951168
3027310,13755.84775951168
3029092,13755.84775951168
3002363,2393.167788136322
3004145,2393.167788136322
3005927,2393.167788136322
3007709,2393.167788136322
3009491,2393.167788136322
3011273,2393.167788136322
3013055,2393.167788136322
3014837,2393.167788136322
3016619,2393.167788136322
3018401,2393.167788136322
3020183,2393.167788136322
3021965,2393.167788136322
3023747,2393.167788136322
3025529,2393.167788136322
3027311,2393.167788136322
3029093,2393.167788136322
3002364,29379.993670687425
3004146,29379.993670687425
3005928,29379.993670687425
3007710,29379.993670687425
3009492,29379.993670687425
3011274,29379.993670687425
3013056,29379.993670687425
3014838,29379.993670687425
3016620,29379.993670687425
3018402,29379.993670687425
3020184,29379.993670687425
3021966,29379.993670687425
3023748,29379.993670687425
3025530,29379.993670687425
3027312,29379.993670687425
3029094,29379.993670687425
3002365,28191.69775395516
3004147,28191.69775395516
3005929,28191.69775395516
3007711,28191.69775395516
3009493,28191.69775395516
3011275,28191.69775395516
3013057,28191.69775395516
3014839,28191.69775395516
3016621,28191.69775395516
3018403,28191.69775395516
3020185,28191.69775395516
3021967,28191.69775395516
3023749,28191.69775395516
3025531,28191.69775395516
3027313,28191.69775395516
3029095,28191.69775395516
3002366,2393.167788136322
3004148,2393.167788136322
3005930,2393.167788136322
3007712,2393.167788136322
3009494,2393.167788136322
3011276,2393.167788136322
3013058,2393.167788136322
3014840,2393.167788136322
3016622,2393.167788136322
3018404,2393.167788136322
3020186,2393.167788136322
3021968,2393.167788136322
3023750,2393.167788136322
3025532,2393.167788136322
3027314,2393.167788136322
3029096,2393.167788136322
3002367,2393.167788136322
3004149,2393.167788136322
3005931,2393.167788136322
3007713,2393.167788136322
3009495,2393.167788136322
3011277,2393.167788136322
3013059,2393.167788136322
3014841,2393.167788136322
3016623,2393.167788136322
3018405,2393.167788136322
3020187,2393.167788136322
3021969,2393.167788136322
3023751,2393.167788136322
3025533,2393.167788136322
3027315,2393.167788136322
3029097,2393.167788136322
3002368,29379.993670687425
3004150,29379.993670687425
3005932,29379.993670687425
3007714,29379.993670687425
3009496,29379.993670687425
3011278,29379.993670687425
3013060,29379.993670687425
3014842,29379.993670687425
3016624,29379.993670687425
3018406,29379.993670687425
3020188,29379.993670687425
3021970,29379.993670687425
3023752,29379.993670687425
3025534,29379.993670687425
3027316,29379.993670687425
3029098,29379.993670687425
3002369,18867.114598218865
3004151,18867.114598218865
3005933,18867.114598218865
3007715,18867.114598218865
3009497,18867.114598218865
3011279,18867.114598218865
3013061,18867.114598218865
3014843,18867.114598218865
3016625,18867.114598218865
3018407,18867.114598218865
3020189,18867.114598218865
3021971,18867.114598218865
3023753,18867.114598218865
3025535,18867.114598218865
3027317,18867.114598218865
3029099,18867.114598218865
3002370,32530.527067124498
3004152,32530.527067124498
3005934,32530.527067124498
3007716,32530.527067124498
3009498,32530.527067124498
3011280,32530.527067124498
3013062,32530.527067124498
3014844,32530.527067124498
3016626,32530.527067124498
3018408,32530.527067124498
3020190,32530.527067124498
3021972,32530.527067124498
3023754,32530.527067124498
3025536,32530.527067124498
3027318,32530.527067124498
3029100,32530.527067124498
3002371,2393.167788136322
3004153,2393.167788136322
3005935,2393.167788136322
3007717,2393.167788136322
3009499,2393.167788136322
3011281,2393.167788136322
3013063,2393.167788136322
3014845,2393.167788136322
3016627,2393.167788136322
3018409,2393.167788136322
3020191,2393.167788136322
3021973,2393.167788136322
3023755,2393.167788136322
3025537,2393.167788136322
3027319,2393.167788136322
3029101,2393.167788136322
3002372,2393.167788136322
3004154,2393.167788136322
3005936,2393.167788136322
3007718,2393.167788136322
3009500,2393.167788136322
3011282,2393.167788136322
3013064,2393.167788136322
3014846,2393.167788136322
3016628,2393.167788136322
3018410,2393.167788136322
3020192,2393.167788136322
3021974,2393.167788136322
3023756,2393.167788136322
3025538,2393.167788136322
3027320,2393.167788136322
3029102,2393.167788136322
3002538,2393.167788136322
3004320,2393.167788136322
3006102,2393.167788136322
3007884,2393.167788136322
3009666,2393.167788136322
3011448,2393.167788136322
3013230,2393.167788136322
3015012,2393.167788136322
3016794,2393.167788136322
3018576,2393.167788136322
3020358,2393.167788136322
3022140,2393.167788136322
3023922,2393.167788136322
3025704,2393.167788136322
3027486,2393.167788136322
3029268,2393.167788136322
3002539,2393.167788136322
3004321,2393.167788136322
3006103,2393.167788136322
3007885,2393.167788136322
3009667,2393.167788136322
3011449,2393.167788136322
3013231,2393.167788136322
3015013,2393.167788136322
3016795,2393.167788136322
3018577,2393.167788136322
3020359,2393.167788136322
3022141,2393.167788136322
3023923,2393.167788136322
3025705,2393.167788136322
3027487,2393.167788136322
3029269,2393.167788136322
3002540,2393.167788136322
3004322,2393.167788136322
3006104,2393.167788136322
3007886,2393.167788136322
3009668,2393.167788136322
3011450,2393.167788136322
3013232,2393.167788136322
3015014,2393.167788136322
3016796,2393.167788136322
3018578,2393.167788136322
3020360,2393.167788136322
3022142,2393.167788136322
3023924,2393.167788136322
3025706,2393.167788136322
3027488,2393.167788136322
3029270,2393.167788136322
3002541,8.123019115496429e+103
3004323,8.123019115496429e+103
3006105,8.123019115496429e+103
3007887,8.123019115496429e+103
3009669,8.123019115496429e+103
3011451,8.123019115496429e+103
3013233,8.123019115496429e+103
3015015,8.123019115496429e+103
3016797,8.123019115496429e+103
3018579,8.123019115496429e+103
3020361,8.123019115496429e+103
3022143,8.123019115496429e+103
3023925,8.123019115496429e+103
3025707,8.123019115496429e+103
3027489,8.123019115496429e+103
3029271,8.123019115496429e+103
3002542,2393.167788136322
3004324,2393.167788136322
3006106,2393.167788136322
3007888,2393.167788136322
3009670,2393.167788136322
3011452,2393.167788136322
3013234,2393.167788136322
3015016,2393.167788136322
3016798,2393.167788136322
3018580,2393.167788136322
3020362,2393.167788136322
3022144,2393.167788136322
3023926,2393.167788136322
3025708,2393.167788136322
3027490,2393.167788136322
3029272,2393.167788136322
3002543,29379.993670687425
3004325,29379.993670687425
3006107,29379.993670687425
3007889,29379.993670687425
3009671,29379.993670687425
3011453,29379.993670687425
3013235,29379.993670687425
3015017,29379.993670687425
3016799,29379.993670687425
3018581,29379.993670687425
3020363,29379.993670687425
3022145,29379.993670687425
3023927,29379.993670687425
3025709,29379.993670687425
3027491,29379.993670687425
3029273,29379.993670687425
3002544,2393.167788136322
3004326,2393.167788136322
3006108,2393.167788136322
3007890,2393.167788136322
3009672,2393.167788136322
3011454,2393.167788136322
3013236,2393.167788136322
3015018,2393.167788136322
3016800,2393.167788136322
3018582,2393.167788136322
3020364,2393.167788136322
3022146,2393.167788136322
3023928,2393.167788136322
3025710,2393.167788136322
3027492,2393.167788136322
3029274,2393.167788136322
3002545,4.536043948145473e+35
3004327,4.536043948145473e+35
3006109,4.536043948145473e+35
3007891,4.536043948145473e+35
3009673,4.536043948145473e+35
3011455,4.536043948145473e+35
3013237,4.536043948145473e+35
3015019,4.536043948145473e+35
3016801,4.536043948145473e+35
3018583,4.536043948145473e+35
3020365,4.536043948145473e+35
3022147,4.536043948145473e+35
3023929,4.536043948145473e+35
3025711,4.536043948145473e+35
3027493,4.536043948145473e+35
3029275,4.536043948145473e+35
3002546,32530.527067124498
3004328,32530.527067124498
3006110,32530.527067124498
3007892,32530.527067124498
3009674,32530.527067124498
3011456,32530.527067124498
3013238,32530.527067124498
3015020,32530.527067124498
3016802,32530.527067124498
3018584,32530.527067124498
3020366,32530.527067124498
3022148,32530.527067124498
3023930,32530.527067124498
3025712,32530.527067124498
3027494,32530.527067124498
3029276,32530.527067124498
3002547,28191.69775395516
3004329,28191.69775395516
3006111,28191.69775395516
3007893,28191.69775395516
3009675,28191.69775395516
3011457,28191.69775395516
3013239,28191.69775395516
3015021,28191.69775395516
3016803,28191.69775395516
3018585,28191.69775395516
3020367,28191.69775395516
3022149,28191.69775395516
3023931,28191.69775395516
3025713,28191.69775395516
3027495,28191.69775395516
3029277,28191.69775395516
3002548,28191.69775395516
3004330,28191.69775395516
3006112,28191.69775395516
3007894,28191.69775395516
3009676,28191.69775395516
3011458,28191.69775395516
3013240,28191.69775395516
3015022,28191.69775395516
3016804,28191.69775395516
3018586,28191.69775395516
3020368,28191.69775395516
3022150,28191.69775395516
3023932,28191.69775395516
3025714,28191.69775395516
3027496,28191.69775395516
3029278,28191.69775395516
3002549,25447.284195908585
3004331,25447.284195908585
3006113,25447.284195908585
3007895,25447.284195908585
3009677,25447.284195908585
3011459,25447.284195908585
3013241,25447.284195908585
3015023,25447.284195908585
3016805,25447.284195908585
3018587,25447.284195908585
3020369,25447.284195908585
3022151,25447.284195908585
3023933,25447.284195908585
3025715,25447.284195908585
3027497,25447.284195908585
3029279,25447.284195908585
3002550,1.4828225547831566e+72
3004332,1.4828225547831566e+72
3006114,1.4828225547831566e+72
3007896,2.355858002465143e+75
3009678,2.355858002465143e+75
3011460,1.4828225547831566e+72
3013242,1.4828225547831566e+72
3015024,1.4828225547831566e+72
3016806,1.4828225547831566e+72
3018588,1.4828225547831566e+72
3020370,2.355858002465143e+75
3022152,2.355858002465143e+75
3023934,1.4828225547831566e+72
3025716,1.4828225547831566e+72
3027498,1.4828225547831566e+72
3029280,1.4828225547831566e+72
3002551,2393.167788136322
3004333,2393.167788136322
3006115,2393.167788136322
3007897,2393.167788136322
3009679,2393.167788136322
3011461,2393.167788136322
3013243,2393.167788136322
3015025,2393.167788136322
3016807,2393.167788136322
3018589,2393.167788136322
3020371,2393.167788136322
3022153,2393.167788136322
3023935,2393.167788136322
3025717,2393.167788136322
3027499,2393.167788136322
3029281,2393.167788136322
3002552,2393.167788136322
3004334,2393.167788136322
3006116,2393.167788136322
3007898,2393.167788136322
3009680,2393.167788136322
3011462,2393.167788136322
3013244,2393.167788136322
3015026,2393.167788136322
3016808,2393.167788136322
3018590,2393.167788136322
3020372,2393.167788136322
3022154,2393.167788136322
3023936,2393.167788136322
3025718,2393.167788136322
3027500,2393.167788136322
3029282,2393.167788136322
3002553,2393.167788136322
3004335,2393.167788136322
3006117,2393.167788136322
3007899,2393.167788136322
3009681,2393.167788136322
3011463,2393.167788136322
3013245,2393.167788136322
3015027,2393.167788136322
3016809,2393.167788136322
3018591,2393.167788136322
3020373,2393.167788136322
3022155,2393.167788136322
3023937,2393.167788136322
3025719,2393.167788136322
3027501,2393.167788136322
3029283,2393.167788136322
3002554,2393.167788136322
3004336,2393.167788136322
3006118,2393.167788136322
3007900,2393.167788136322
3009682,2393.167788136322
3011464,2393.167788136322
3013246,2393.167788136322
3015028,2393.167788136322
3016810,2393.167788136322
3018592,2393.167788136322
3020374,2393.167788136322
3022156,2393.167788136322
3023938,2393.167788136322
3025720,2393.167788136322
3027502,2393.167788136322
3029284,2393.167788136322
3002555,2393.167788136322
3004337,2393.167788136322
3006119,2393.167788136322
3007901,2393.167788136322
3009683,2393.167788136322
3011465,2393.167788136322
3013247,2393.167788136322
3015029,2393.167788136322
3016811,2393.167788136322
3018593,2393.167788136322
3020375,2393.167788136322
3022157,2393.167788136322
3023939,2393.167788136322
3025721,2393.167788136322
3027503,2393.167788136322
3029285,2393.167788136322
3002556,2393.167788136322
3004338,2393.167788136322
3006120,2393.167788136322
3007902,2393.167788136322
3009684,2393.167788136322
3011466,2393.167788136322
3013248,2393.167788136322
3015030,2393.167788136322
3016812,2393.167788136322
3018594,2393.167788136322
3020376,2393.167788136322
3022158,2393.167788136322
3023940,2393.167788136322
3025722,2393.167788136322
3027504,2393.167788136322
3029286,2393.167788136322
3002557,2393.167788136322
3004339,2393.167788136322
3006121,2393.167788136322
3007903,2393.167788136322
3009685,2393.167788136322
3011467,2393.167788136322
3013249,2393.167788136322
3015031,2393.167788136322
3016813,2393.167788136322
3018595,2393.167788136322
3020377,2393.167788136322
3022159,2393.167788136322
3023941,2393.167788136322
3025723,2393.167788136322
3027505,2393.167788136322
3029287,2393.167788136322
3002558,2393.167788136322
3004340,2393.167788136322
3006122,2393.167788136322
3007904,2393.167788136322
3009686,2393.167788136322
3011468,2393.167788136322
3013250,2393.167788136322
3015032,2393.167788136322
3016814,2393.167788136322
3018596,2393.167788136322
3020378,2393.167788136322
3022160,2393.167788136322
3023942,2393.167788136322
3025724,2393.167788136322
3027506,2393.167788136322
3029288,2393.167788136322
3002559,2393.167788136322
3004341,2393.167788136322
3006123,2393.167788136322
3007905,2393.167788136322
3009687,2393.167788136322
3011469,2393.167788136322
3013251,2393.167788136322
3015033,2393.167788136322
3016815,2393.167788136322
3018597,2393.167788136322
3020379,2393.167788136322
3022161,2393.167788136322
3023943,2393.167788136322
3025725,2393.167788136322
3027507,2393.167788136322
3029289,2393.167788136322
3002560,13755.84775951168
3004342,13755.84775951168
3006124,13755.84775951168
3007906,13755.84775951168
3009688,13755.84775951168
3011470,13755.84775951168
3013252,13755.84775951168
3015034,13755.84775951168
3016816,13755.84775951168
3018598,13755.84775951168
3020380,13755.84775951168
3022162,13755.84775951168
3023944,13755.84775951168
3025726,13755.84775951168
3027508,13755.84775951168
3029290,13755.84775951168
3002561,2393.167788136322
3004343,2393.167788136322
3006125,2393.167788136322
3007907,2393.167788136322
3009689,2393.167788136322
3011471,2393.167788136322
3013253,2393.167788136322
3015035,2393.167788136322
3016817,2393.167788136322
3018599,2393.167788136322
3020381,2393.167788136322
3022163,2393.167788136322
3023945,2393.167788136322
3025727,2393.167788136322
3027509,2393.167788136322
3029291,2393.167788136322
3002562,29379.993670687425
3004344,29379.993670687425
3006126,29379.993670687425
3007908,29379.993670687425
3009690,29379.993670687425
3011472,29379.993670687425
3013254,29379.993670687425
3015036,29379.993670687425
3016818,29379.993670687425
3018600,29379.993670687425
3020382,29379.993670687425
3022164,29379.993670687425
3023946,29379.993670687425
3025728,29379.993670687425
3027510,29379.993670687425
3029292,29379.993670687425
3002563,28191.69775395516
3004345,28191.69775395516
3006127,28191.69775395516
3007909,28191.69775395516
3009691,28191.69775395516
3011473,28191.69775395516
3013255,28191.69775395516
3015037,28191.69775395516
3016819,28191.69775395516
3018601,28191.69775395516
3020383,28191.69775395516
3022165,28191.69775395516
3023947,28191.69775395516
3025729,28191.69775395516
3027511,28191.69775395516
3029293,28191.69775395516
3002564,2393.167788136322
3004346,2393.167788136322
3006128,2393.167788136322
3007910,2393.167788136322
3009692,2393.167788136322
3011474,2393.167788136322
3013256,2393.167788136322
3015038,2393.167788136322
3016820,2393.167788136322
3018602,2393.167788136322
3020384,2393.167788136322
3022166,2393.167788136322
3023948,2393.167788136322
3025730,2393.167788136322
3027512,2393.167788136322
3029294,2393.167788136322
3002565,2393.167788136322
3004347,2393.167788136322
3006129,2393.167788136322
3007911,2393.167788136322
3009693,2393.167788136322
3011475,2393.167788136322
3013257,2393.167788136322
3015039,2393.167788136322
3016821,2393.167788136322
3018603,2393.167788136322
3020385,2393.167788136322
3022167,2393.167788136322
3023949,2393.167788136322
3025731,2393.167788136322
3027513,2393.167788136322
3029295,2393.167788136322
3002566,29379.993670687425
3004348,29379.993670687425
3006130,29379.993670687425
3007912,29379.993670687425
3009694,29379.993670687425
3011476,29379.993670687425
3013258,29379.993670687425
3015040,29379.993670687425
3016822,29379.993670687425
3018604,29379.993670687425
3020386,29379.993670687425
3022168,29379.993670687425
3023950,29379.993670687425
3025732,29379.993670687425
3027514,29379.993670687425
3029296,29379.993670687425
3002567,18867.114598218865
3004349,18867.114598218865
3006131,18867.114598218865
3007913,18867.114598218865
3009695,18867.114598218865
3011477,18867.114598218865
3013259,18867.114598218865
3015041,18867.114598218865
3016823,18867.114598218865
3018605,18867.114598218865
3020387,18867.114598218865
3022169,18867.114598218865
3023951,18867.114598218865
3025733,18867.114598218865
3027515,18867.114598218865
3029297,18867.114598218865
3002568,32530.527067124498
3004350,32530.527067124498
3006132,32530.527067124498
3007914,32530.527067124498
3009696,32530.527067124498
3011478,32530.527067124498
3013260,32530.527067124498
3015042,32530.527067124498
3016824,32530.527067124498
3018606,32530.527067124498
3020388,32530.527067124498
3022170,32530.527067124498
3023952,32530.527067124498
3025734,32530.527067124498
3027516,32530.527067124498
3029298,32530.527067124498
3002569,2393.167788136322
3004351,2393.167788136322
3006133,2393.167788136322
3007915,2393.167788136322
3009697,2393.167788136322
3011479,2393.167788136322
3013261,2393.167788136322
3015043,2393.167788136322
3016825,2393.167788136322
3018607,2393.167788136322
3020389,2393.167788136322
3022171,2393.167788136322
3023953,2393.167788136322
3025735,2393.167788136322
3027517,2393.167788136322
3029299,2393.167788136322
3002570,2393.167788136322
3004352,2393.167788136322
3006134,2393.167788136322
3007916,2393.167788136322
3009698,2393.167788136322
3011480,2393.167788136322
3013262,2393.167788136322
3015044,2393.167788136322
3016826,2393.167788136322
3018608,2393.167788136322
3020390,2393.167788136322
3022172,2393.167788136322
3023954,2393.167788136322
3025736,2393.167788136322
3027518,2393.167788136322
3029300,2393.167788136322
3002571,2393.167788136322
3004353,2393.167788136322
3006135,2393.167788136322
3007917,2393.167788136322
3009699,2393.167788136322
3011481,2393.167788136322
3013263,2393.167788136322
3015045,2393.167788136322
3016827,2393.167788136322
3018609,2393.167788136322
3020391,2393.167788136322
3022173,2393.167788136322
3023955,2393.167788136322
3025737,2393.167788136322
3027519,2393.167788136322
3029301,2393.167788136322
3002572,2393.167788136322
3004354,2393.167788136322
3006136,2393.167788136322
3007918,2393.167788136322
3009700,2393.167788136322
3011482,2393.167788136322
3013264,2393.167788136322
3015046,2393.167788136322
3016828,2393.167788136322
3018610,2393.167788136322
3020392,2393.167788136322
3022174,2393.167788136322
3023956,2393.167788136322
3025738,2393.167788136322
3027520,2393.167788136322
3029302,2393.167788136322
3002573,2393.167788136322
3004355,2393.167788136322
3006137,2393.167788136322
3007919,2393.167788136322
3009701,2393.167788136322
3011483,2393.167788136322
3013265,2393.167788136322
3015047,2393.167788136322
3016829,2393.167788136322
3018611,2393.167788136322
3020393,2393.167788136322
3022175,2393.167788136322
3023957,2393.167788136322
3025739,2393.167788136322
3027521,2393.167788136322
3029303,2393.167788136322
3002574,8.123019115496429e+103
3004356,8.123019115496429e+103
3006138,8.123019115496429e+103
3007920,8.123019115496429e+103
3009702,8.123019115496429e+103
3011484,8.123019115496429e+103
3013266,8.123019115496429e+103
3015048,8.123019115496429e+103
3016830,8.123019115496429e+103
3018612,8.123019115496429e+103
3020394,8.123019115496429e+103
3022176,8.123019115496429e+103
3023958,8.123019115496429e+103
3025740,8.123019115496429e+103
3027522,8.123019115496429e+103
3029304,8.123019115496429e+103
3002575,2393.167788136322
3004357,2393.167788136322
3006139,2393.167788136322
3007921,2393.167788136322
3009703,2393.167788136322
3011485,2393.167788136322
3013267,2393.167788136322
3015049,2393.167788136322
3016831,2393.167788136322
3018613,2393.167788136322
3020395,2393.167788136322
3022177,2393.167788136322
3023959,2393.167788136322
3025741,2393.167788136322
3027523,2393.167788136322
3029305,2393.167788136322
3002576,29379.993670687425
3004358,29379.993670687425
3006140,29379.993670687425
3007922,29379.993670687425
3009704,29379.993670687425
3011486,29379.993670687425
3013268,29379.993670687425
3015050,29379.993670687425
3016832,29379.993670687425
3018614,29379.993670687425
3020396,29379.993670687425
3022178,29379.993670687425
3023960,29379.993670687425
3025742,29379.993670687425
3027524,29379.993670687425
3029306,29379.993670687425
3002577,2393.167788136322
3004359,2393.167788136322
3006141,2393.167788136322
3007923,2393.167788136322
3009705,2393.167788136322
3011487,2393.167788136322
3013269,2393.167788136322
3015051,2393.167788136322
3016833,2393.167788136322
3018615,2393.167788136322
3020397,2393.167788136322
3022179,2393.167788136322
3023961,2393.167788136322
3025743,2393.167788136322
3027525,2393.167788136322
3029307,2393.167788136322
3002578,4.536043948145473e+35
3004360,4.536043948145473e+35
3006142,4.536043948145473e+35
3007924,4.536043948145473e+35
3009706,4.536043948145473e+35
3011488,4.536043948145473e+35
3013270,4.536043948145473e+35
3015052,4.536043948145473e+35
3016834,4.536043948145473e+35
3018616,4.536043948145473e+35
3020398,4.536043948145473e+35
3022180,4.536043948145473e+35
3023962,4.536043948145473e+35
3025744,4.536043948145473e+35
3027526,4.536043948145473e+35
3029308,4.536043948145473e+35
3002579,32530.527067124498
3004361,32530.527067124498
3006143,32530.527067124498
3007925,32530.527067124498
3009707,32530.527067124498
3011489,32530.527067124498
3013271,32530.527067124498
3015053,32530.527067124498
3016835,32530.527067124498
3018617,32530.527067124498
3020399,32530.527067124498
3022181,32530.527067124498
3023963,32530.527067124498
3025745,32530.527067124498
3027527,32530.527067124498
3029309,32530.527067124498
3002580,28191.69775395516
3004362,28191.69775395516
3006144,28191.69775395516
3007926,28191.69775395516
3009708,28191.69775395516
3011490,28191.69775395516
3013272,28191.69775395516
3015054,28191.69775395516
3016836,28191.69775395516
3018618,28191.69775395516
3020400,28191.69775395516
3022182,28191.69775395516
3023964,28191.69775395516
3025746,28191.69775395516
3027528,28191.69775395516
3029310,28191.69775395516
3002581,28191.69775395516
3004363,28191.69775395516
3006145,28191.69775395516
3007927,28191.69775395516
3009709,28191.69775395516
3011491,28191.69775395516
3013273,28191.69775395516
3015055,28191.69775395516
3016837,28191.69775395516
3018619,28191.69775395516
3020401,28191.69775395516
3022183,28191.69775395516
3023965,28191.69775395516
3025747,28191.69775395516
3027529,28191.69775395516
3029311,28191.69775395516
3002582,25447.284195908585
3004364,25447.284195908585
3006146,25447.284195908585
3007928,25447.284195908585
3009710,25447.284195908585
3011492,25447.284195908585
3013274,25447.284195908585
3015056,25447.284195908585
3016838,25447.284195908585
3018620,25447.284195908585
3020402,25447.284195908585
3022184,25447.284195908585
3023966,25447.284195908585
3025748,25447.284195908585
3027530,25447.284195908585
3029312,25447.284195908585
3002583,1.4828225547831566e+72
3004365,1.4828225547831566e+72
3006147,1.4828225547831566e+72
3007929,2.355858002465143e+75
3009711,2.355858002465143e+75
3011493,1.4828225547831566e+72
3013275,1.4828225547831566e+72
3015057,1.4828225547831566e+72
3016839,1.4828225547831566e+72
3018621,1.4828225547831566e+72
3020403,2.355858002465143e+75
3022185,2.355858002465143e+75
3023967,1.4828225547831566e+72
3025749,1.4828225547831566e+72
3027531,1.4828225547831566e+72
3029313,1.4828225547831566e+72
3002584,2393.167788136322
3004366,2393.167788136322
3006148,2393.167788136322
3007930,2393.167788136322
3009712,2393.167788136322
3011494,2393.167788136322
3013276,2393.167788136322
3015058,2393.167788136322
3016840,2393.167788136322
3018622,2393.167788136322
3020404,2393.167788136322
3022186,2393.167788136322
3023968,2393.167788136322
3025750,2393.167788136322
3027532,2393.167788136322
3029314,2393.167788136322
3002585,2393.167788136322
3004367,2393.167788136322
3006149,2393.167788136322
3007931,2393.167788136322
3009713,2393.167788136322
3011495,2393.167788136322
3013277,2393.167788136322
3015059,2393.167788136322
3016841,2393.167788136322
3018623,2393.167788136322
3020405,2393.167788136322
3022187,2393.167788136322
3023969,2393.167788136322
3025751,2393.167788136322
3027533,2393.167788136322
3029315,2393.167788136322
3002586,2393.167788136322
3004368,2393.167788136322
3006150,2393.167788136322
3007932,2393.167788136322
3009714,2393.167788136322
3011496,2393.167788136322
3013278,2393.167788136322
3015060,2393.167788136322
3016842,2393.167788136322
3018624,2393.167788136322
3020406,2393.167788136322
3022188,2393.167788136322
3023970,2393.167788136322
3025752,2393.167788136322
3027534,2393.167788136322
3029316,2393.167788136322
3002587,2393.167788136322
3004369,2393.167788136322
3006151,2393.167788136322
3007933,2393.167788136322
3009715,2393.167788136322
3011497,2393.167788136322
3013279,2393.167788136322
3015061,2393.167788136322
3016843,2393.167788136322
3018625,2393.167788136322
3020407,2393.167788136322
3022189,2393.167788136322
3023971,2393.167788136322
3025753,2393.167788136322
3027535,2393.167788136322
3029317,2393.167788136322
3002588,2393.167788136322
3004370,2393.167788136322
3006152,2393.167788136322
3007934,2393.167788136322
3009716,2393.167788136322
3011498,2393.167788136322
3013280,2393.167788136322
3015062,2393.167788136322
3016844,2393.167788136322
3018626,2393.167788136322
3020408,2393.167788136322
3022190,2393.167788136322
3023972,2393.167788136322
3025754,2393.167788136322
3027536,2393.167788136322
3029318,2393.167788136322
3002589,2393.167788136322
3004371,2393.167788136322
3006153,2393.167788136322
3007935,2393.167788136322
3009717,2393.167788136322
3011499,2393.167788136322
3013281,2393.167788136322
3015063,2393.167788136322
3016845,2393.167788136322
3018627,2393.167788136322
3020409,2393.167788136322
3022191,2393.167788136322
3023973,2393.167788136322
3025755,2393.167788136322
3027537,2393.167788136322
3029319,2393.167788136322
3002590,2393.167788136322
3004372,2393.167788136322
3006154,2393.167788136322
3007936,2393.167788136322
3009718,2393.167788136322
3011500,2393.167788136322
3013282,2393.167788136322
3015064,2393.167788136322
3016846,2393.167788136322
3018628,2393.167788136322
3020410,2393.167788136322
3022192,2393.167788136322
3023974,2393.167788136322
3025756,2393.167788136322
3027538,2393.167788136322
3029320,2393.167788136322
3002591,2393.167788136322
3004373,2393.167788136322
3006155,2393.167788136322
3007937,2393.167788136322
3009719,2393.167788136322
3011501,2393.167788136322
3013283,2393.167788136322
3015065,2393.167788136322
3016847,2393.167788136322
3018629,2393.167788136322
3020411,2393.167788136322
3022193,2393.167788136322
3023975,2393.167788136322
3025757,2393.167788136322
3027539,2393.167788136322
3029321,2393.167788136322
3002592,2393.167788136322
3004374,2393.167788136322
3006156,2393.167788136322
3007938,2393.167788136322
3009720,2393.167788136322
3011502,2393.167788136322
3013284,2393.167788136322
3015066,2393.167788136322
3016848,2393.167788136322
3018630,2393.167788136322
3020412,2393.167788136322
3022194,2393.167788136322
3023976,2393.167788136322
3025758,2393.167788136322
3027540,2393.167788136322
3029322,2393.167788136322
3002593,13755.84775951168
3004375,13755.84775951168
3006157,13755.84775951168
3007939,13755.84775951168
3009721,13755.84775951168
3011503,13755.84775951168
3013285,13755.84775951168
3015067,13755.84775951168
3016849,13755.84775951168
3018631,13755.84775951168
3020413,13755.84775951168
3022195,13755.84775951168
3023977,13755.84775951168
3025759,13755.84775951168
3027541,13755.84775951168
3029323,13755.84775951168
3002594,2393.167788136322
3004376,2393.167788136322
3006158,2393.167788136322
3007940,2393.167788136322
3009722,2393.167788136322
3011504,2393.167788136322
3013286,2393.167788136322
3015068,2393.167788136322
3016850,2393.167788136322
3018632,2393.167788136322
3020414,2393.167788136322
3022196,2393.167788136322
3023978,2393.167788136322
3025760,2393.167788136322
3027542,2393.167788136322
3029324,2393.167788136322
3002595,29379.993670687425
3004377,29379.993670687425
3006159,29379.993670687425
3007941,29379.993670687425
3009723,29379.993670687425
3011505,29379.993670687425
3013287,29379.993670687425
3015069,29379.993670687425
3016851,29379.993670687425
3018633,29379.993670687425
3020415,29379.993670687425
3022197,29379.993670687425
3023979,29379.993670687425
3025761,29379.993670687425
3027543,29379.993670687425
3029325,29379.993670687425
3002596,28191.69775395516
3004378,28191.69775395516
3006160,28191.69775395516
3007942,28191.69775395516
3009724,28191.69775395516
3011506,28191.69775395516
3013288,28191.69775395516
3015070,28191.69775395516
3016852,28191.69775395516
3018634,28191.69775395516
3020416,28191.69775395516
3022198,28191.69775395516
3023980,28191.69775395516
3025762,28191.69775395516
3027544,28191.69775395516
3029326,28191.69775395516
3002597,2393.167788136322
3004379,2393.167788136322
3006161,2393.167788136322
3007943,2393.167788136322
3009725,2393.167788136322
3011507,2393.167788136322
3013289,2393.167788136322
3015071,2393.167788136322
3016853,2393.167788136322
3018635,2393.167788136322
3020417,2393.167788136322
3022199,2393.167788136322
3023981,2393.167788136322
3025763,2393.167788136322
3027545,2393.167788136322
3029327,2393.167788136322
3002598,2393.167788136322
3004380,2393.167788136322
3006162,2393.167788136322
3007944,2393.167788136322
3009726,2393.167788136322
3011508,2393.167788136322
3013290,2393.167788136322
3015072,2393.167788136322
3016854,2393.167788136322
3018636,2393.167788136322
3020418,2393.167788136322
3022200,2393.167788136322
3023982,2393.167788136322
3025764,2393.167788136322
3027546,2393.167788136322
3029328,2393.167788136322
3002599,29379.993670687425
3004381,29379.993670687425
3006163,29379.993670687425
3007945,29379.993670687425
3009727,29379.993670687425
3011509,29379.993670687425
3013291,29379.993670687425
3015073,29379.993670687425
3016855,29379.993670687425
3018637,29379.993670687425
3020419,29379.993670687425
3022201,29379.993670687425
3023983,29379.993670687425
3025765,29379.993670687425
3027547,29379.993670687425
3029329,29379.993670687425
3002600,18867.114598218865
3004382,18867.114598218865
3006164,18867.114598218865
3007946,18867.114598218865
3009728,18867.114598218865
3011510,18867.114598218865
3013292,18867.114598218865
3015074,18867.114598218865
3016856,18867.114598218865
3018638,18867.114598218865
3020420,18867.114598218865
3022202,18867.114598218865
3023984,18867.114598218865
3025766,18867.114598218865
3027548,18867.114598218865
3029330,18867.114598218865
3002601,32530.527067124498
3004383,32530.527067124498
3006165,32530.527067124498
3007947,32530.527067124498
3009729,32530.527067124498
3011511,32530.527067124498
3013293,32530.527067124498
3015075,32530.527067124498
3016857,32530.527067124498
3018639,32530.527067124498
3020421,32530.527067124498
3022203,32530.527067124498
3023985,32530.527067124498
3025767,32530.527067124498
3027549,32530.527067124498
3029331,32530.527067124498
3002602,2393.167788136322
3004384,2393.167788136322
3006166,2393.167788136322
3007948,2393.167788136322
3009730,2393.167788136322
3011512,2393.167788136322
3013294,2393.167788136322
3015076,2393.167788136322
3016858,2393.167788136322
3018640,2393.167788136322
3020422,2393.167788136322
3022204,2393.167788136322
3023986,2393.167788136322
3025768,2393.167788136322
3027550,2393.167788136322
3029332,2393.167788136322
3002603,2393.167788136322
3004385,2393.167788136322
3006167,2393.167788136322
3007949,2393.167788136322
3009731,2393.167788136322
3011513,2393.167788136322
3013295,2393.167788136322
3015077,2393.167788136322
3016859,2393.167788136322
3018641,2393.167788136322
3020423,2393.167788136322
3022205,2393.167788136322
3023987,2393.167788136322
3025769,2393.167788136322
3027551,2393.167788136322
3029333,2393.167788136322
3002604,2393.167788136322
3004386,2393.167788136322
3006168,2393.167788136322
3007950,2393.167788136322
3009732,2393.167788136322
3011514,2393.167788136322
3013296,2393.167788136322
3015078,2393.167788136322
3016860,2393.167788136322
3018642,2393.167788136322
3020424,2393.167788136322
3022206,2393.167788136322
3023988,2393.167788136322
3025770,2393.167788136322
3027552,2393.167788136322
3029334,2393.167788136322
3002605,2393.167788136322
3004387,2393.167788136322
3006169,2393.167788136322
3007951,2393.167788136322
3009733,2393.167788136322
3011515,2393.167788136322
3013297,2393.167788136322
3015079,2393.167788136322
3016861,2393.167788136322
3018643,2393.167788136322
3020425,2393.167788136322
3022207,2393.167788136322
3023989,2393.167788136322
3025771,2393.167788136322
3027553,2393.167788136322
3029335,2393.167788136322
3002606,2393.167788136322
3004388,2393.167788136322
3006170,2393.167788136322
3007952,2393.167788136322
3009734,2393.167788136322
3011516,2393.167788136322
3013298,2393.167788136322
3015080,2393.167788136322
3016862,2393.167788136322
3018644,2393.167788136322
3020426,2393.167788136322
3022208,2393.167788136322
3023990,2393.167788136322
3025772,2393.167788136322
3027554,2393.167788136322
3029336,2393.167788136322
3002607,8.123019115496429e+103
3004389,8.123019115496429e+103
3006171,8.123019115496429e+103
3007953,8.123019115496429e+103
3009735,8.123019115496429e+103
3011517,8.123019115496429e+103
3013299,8.123019115496429e+103
3015081,8.123019115496429e+103
3016863,8.123019115496429e+103
3018645,8.123019115496429e+103
3020427,8.123019115496429e+103
3022209,8.123019115496429e+103
3023991,8.123019115496429e+103
3025773,8.123019115496429e+103
3027555,8.123019115496429e+103
3029337,8.123019115496429e+103
3002608,2393.167788136322
3004390,2393.167788136322
3006172,2393.167788136322
3007954,2393.167788136322
3009736,2393.167788136322
3011518,2393.167788136322
3013300,2393.167788136322
3015082,2393.167788136322
3016864,2393.167788136322
3018646,2393.167788136322
3020428,2393.167788136322
3022210,2393.167788136322
3023992,2393.167788136322
3025774,2393.167788136322
3027556,2393.167788136322
3029338,2393.167788136322
3002609,29379.993670687425
3004391,29379.993670687425
3006173,29379.993670687425
3007955,29379.993670687425
3009737,29379.993670687425
3011519,29379.993670687425
3013301,29379.993670687425
3015083,29379.993670687425
3016865,29379.993670687425
3018647,29379.993670687425
3020429,29379.993670687425
3022211,29379.993670687425
3023993,29379.993670687425
3025775,29379.993670687425
3027557,29379.993670687425
3029339,29379.993670687425
3002610,2393.167788136322
3004392,2393.167788136322
3006174,2393.167788136322
3007956,2393.167788136322
3009738,2393.167788136322
3011520,2393.167788136322
3013302,2393.167788136322
3015084,2393.167788136322
3016866,2393.167788136322
3018648,2393.167788136322
3020430,2393.167788136322
3022212,2393.167788136322
3023994,2393.167788136322
3025776,2393.167788136322
3027558,2393.167788136322
3029340,2393.167788136322
3002611,4.536043948145473e+35
3004393,4.536043948145473e+35
3006175,4.536043948145473e+35
3007957,4.536043948145473e+35
3009739,4.536043948145473e+35
3011521,4.536043948145473e+35
3013303,4.536043948145473e+35
3015085,4.536043948145473e+35
3016867,4.536043948145473e+35
3018649,4.536043948145473e+35
3020431,4.536043948145473e+35
3022213,4.536043948145473e+35
3023995,4.536043948145473e+35
3025777,4.536043948145473e+35
3027559,4.536043948145473e+35
3029341,4.536043948145473e+35
3002612,32530.527067124498
3004394,32530.527067124498
3006176,32530.527067124498
3007958,32530.527067124498
3009740,32530.527067124498
3011522,32530.527067124498
3013304,32530.527067124498
3015086,32530.527067124498
3016868,32530.527067124498
3018650,32530.527067124498
3020432,32530.527067124498
3022214,32530.527067124498
3023996,32530.527067124498
3025778,32530.527067124498
3027560,32530.527067124498
3029342,32530.527067124498
3002613,28191.69775395516
3004395,28191.69775395516
3006177,28191.69775395516
3007959,28191.69775395516
3009741,28191.69775395516
3011523,28191.69775395516
3013305,28191.69775395516
3015087,28191.69775395516
3016869,28191.69775395516
3018651,28191.69775395516
3020433,28191.69775395516
3022215,28191.69775395516
3023997,28191.69775395516
3025779,28191.69775395516
3027561,28191.69775395516
3029343,28191.69775395516
3002614,28191.69775395516
3004396,28191.69775395516
3006178,28191.69775395516
3007960,28191.69775395516
3009742,28191.69775395516
3011524,28191.69775395516
3013306,28191.69775395516
3015088,28191.69775395516
3016870,28191.69775395516
3018652,28191.69775395516
3020434,28191.69775395516
3022216,28191.69775395516
3023998,28191.69775395516
3025780,28191.69775395516
3027562,28191.69775395516
3029344,28191.69775395516
3002615,25447.284195908585
3004397,25447.284195908585
3006179,25447.284195908585
3007961,25447.284195908585
3009743,25447.284195908585
3011525,25447.284195908585
3013307,25447.284195908585
3015089,25447.284195908585
3016871,25447.284195908585
3018653,25447.284195908585
3020435,25447.284195908585
3022217,25447.284195908585
3023999,25447.284195908585
3025781,25447.284195908585
3027563,25447.284195908585
3029345,25447.284195908585
3002616,1.4828225547831566e+72
3004398,1.4828225547831566e+72
3006180,1.4828225547831566e+72
3007962,2.355858002465143e+75
3009744,2.355858002465143e+75
3011526,1.4828225547831566e+72
3013308,1.4828225547831566e+72
3015090,1.4828225547831566e+72
3016872,1.4828225547831566e+72
3018654,1.4828225547831566e+72
3020436,2.355858002465143e+75
3022218,2.355858002465143e+75
3024000,1.4828225547831566e+72
3025782,1.4828225547831566e+72
3027564,1.4828225547831566e+72
3029346,1.4828225547831566e+72
3002617,2393.167788136322
3004399,2393.167788136322
3006181,2393.167788136322
3007963,2393.167788136322
3009745,2393.167788136322
3011527,2393.167788136322
3013309,2393.167788136322
3015091,2393.167788136322
3016873,2393.167788136322
3018655,2393.167788136322
3020437,2393.167788136322
3022219,2393.167788136322
3024001,2393.167788136322
3025783,2393.167788136322
3027565,2393.167788136322
3029347,2393.167788136322
3002618,2393.167788136322
3004400,2393.167788136322
3006182,2393.167788136322
3007964,2393.167788136322
3009746,2393.167788136322
3011528,2393.167788136322
3013310,2393.167788136322
3015092,2393.167788136322
3016874,2393.167788136322
3018656,2393.167788136322
3020438,2393.167788136322
3022220,2393.167788136322
3024002,2393.167788136322
3025784,2393.167788136322
3027566,2393.167788136322
3029348,2393.167788136322
3002619,2393.167788136322
3004401,2393.167788136322
3006183,2393.167788136322
3007965,2393.167788136322
3009747,2393.167788136322
3011529,2393.167788136322
3013311,2393.167788136322
3015093,2393.167788136322
3016875,2393.167788136322
3018657,2393.167788136322
3020439,2393.167788136322
3022221,2393.167788136322
3024003,2393.167788136322
3025785,2393.167788136322
3027567,2393.167788136322
3029349,2393.167788136322
3002620,2393.167788136322
3004402,2393.167788136322
3006184,2393.167788136322
3007966,2393.167788136322
3009748,2393.167788136322
3011530,2393.167788136322
3013312,2393.167788136322
3015094,2393.167788136322
3016876,2393.167788136322
3018658,2393.167788136322
3020440,2393.167788136322
3022222,2393.167788136322
3024004,2393.167788136322
3025786,2393.167788136322
3027568,2393.167788136322
3029350,2393.167788136322
3002621,2393.167788136322
3004403,2393.167788136322
3006185,2393.167788136322
3007967,2393.167788136322
3009749,2393.167788136322
3011531,2393.167788136322
3013313,2393.167788136322
3015095,2393.167788136322
3016877,2393.167788136322
3018659,2393.167788136322
3020441,2393.167788136322
3022223,2393.167788136322
3024005,2393.167788136322
3025787,2393.167788136322
3027569,2393.167788136322
3029351,2393.167788136322
3002622,2393.167788136322
3004404,2393.167788136322
3006186,2393.167788136322
3007968,2393.167788136322
3009750,2393.167788136322
3011532,2393.167788136322
3013314,2393.167788136322
3015096,2393.167788136322
3016878,2393.167788136322
3018660,2393.167788136322
3020442,2393.167788136322
3022224,2393.167788136322
3024006,2393.167788136322
3025788,2393.167788136322
3027570,2393.167788136322
3029352,2393.167788136322
3002623,2393.167788136322
3004405,2393.167788136322
3006187,2393.167788136322
3007969,2393.167788136322
3009751,2393.167788136322
3011533,2393.167788136322
3013315,2393.167788136322
3015097,2393.167788136322
3016879,2393.167788136322
3018661,2393.167788136322
3020443,2393.167788136322
3022225,2393.167788136322
3024007,2393.167788136322
3025789,2393.167788136322
3027571,2393.167788136322
3029353,2393.167788136322
3002624,2393.167788136322
3004406,2393.167788136322
3006188,2393.167788136322
3007970,2393.167788136322
3009752,2393.167788136322
3011534,2393.167788136322
3013316,2393.167788136322
3015098,2393.167788136322
3016880,2393.167788136322
3018662,2393.167788136322
3020444,2393.167788136322
3022226,2393.167788136322
3024008,2393.167788136322
3025790,2393.167788136322
3027572,2393.167788136322
3029354,2393.167788136322
3002625,2393.167788136322
3004407,2393.167788136322
3006189,2393.167788136322
3007971,2393.167788136322
3009753,2393.167788136322
3011535,2393.167788136322
3013317,2393.167788136322
3015099,2393.167788136322
3016881,2393.167788136322
3018663,2393.167788136322
3020445,2393.167788136322
3022227,2393.167788136322
3024009,2393.167788136322
3025791,2393.167788136322
3027573,2393.167788136322
3029355,2393.167788136322
3002626,13755.84775951168
3004408,13755.84775951168
3006190,13755.84775951168
3007972,13755.84775951168
3009754,13755.84775951168
3011536,13755.84775951168
3013318,13755.84775951168
3015100,13755.84775951168
3016882,13755.84775951168
3018664,13755.84775951168
3020446,13755.84775951168
3022228,13755.84775951168
3024010,13755.84775951168
3025792,13755.84775951168
3027574,13755.84775951168
3029356,13755.84775951168
3002627,2393.167788136322
3004409,2393.167788136322
3006191,2393.167788136322
3007973,2393.167788136322
3009755,2393.167788136322
3011537,2393.167788136322
3013319,2393.167788136322
3015101,2393.167788136322
3016883,2393.167788136322
3018665,2393.167788136322
3020447,2393.167788136322
3022229,2393.167788136322
3024011,2393.167788136322
3025793,2393.167788136322
3027575,2393.167788136322
3029357,2393.167788136322
3002628,29379.993670687425
3004410,29379.993670687425
3006192,29379.993670687425
3007974,29379.993670687425
3009756,29379.993670687425
3011538,29379.993670687425
3013320,29379.993670687425
3015102,29379.993670687425
3016884,29379.993670687425
3018666,29379.993670687425
3020448,29379.993670687425
3022230,29379.993670687425
3024012,29379.993670687425
3025794,29379.993670687425
3027576,29379.993670687425
3029358,29379.993670687425
3002629,28191.69775395516
3004411,28191.69775395516
3006193,28191.69775395516
3007975,28191.69775395516
3009757,28191.69775395516
3011539,28191.69775395516
3013321,28191.69775395516
3015103,28191.69775395516
3016885,28191.69775395516
3018667,28191.69775395516
3020449,28191.69775395516
3022231,28191.69775395516
3024013,28191.69775395516
3025795,28191.69775395516
3027577,28191.69775395516
3029359,28191.69775395516
3002630,2393.167788136322
3004412,2393.167788136322
3006194,2393.167788136322
3007976,2393.167788136322
3009758,2393.167788136322
3011540,2393.167788136322
3013322,2393.167788136322
3015104,2393.167788136322
3016886,2393.167788136322
3018668,2393.167788136322
3020450,2393.167788136322
3022232,2393.167788136322
3024014,2393.167788136322
3025796,2393.167788136322
3027578,2393.167788136322
3029360,2393.167788136322
3002631,2393.167788136322
3004413,2393.167788136322
3006195,2393.167788136322
3007977,2393.167788136322
3009759,2393.167788136322
3011541,2393.167788136322
3013323,2393.167788136322
3015105,2393.167788136322
3016887,2393.167788136322
3018669,2393.167788136322
3020451,2393.167788136322
3022233,2393.167788136322
3024015,2393.167788136322
3025797,2393.167788136322
3027579,2393.167788136322
3029361,2393.167788136322
3002632,29379.993670687425
3004414,29379.993670687425
3006196,29379.993670687425
3007978,29379.993670687425
3009760,29379.993670687425
3011542,29379.993670687425
3013324,29379.993670687425
3015106,29379.993670687425
3016888,29379.993670687425
3018670,29379.993670687425
3020452,29379.993670687425
3022234,29379.993670687425
3024016,29379.993670687425
3025798,29379.993670687425
3027580,29379.993670687425
3029362,29379.993670687425
3002633,18867.114598218865
3004415,18867.114598218865
3006197,18867.114598218865
3007979,18867.114598218865
3009761,18867.114598218865
3011543,18867.114598218865
3013325,18867.114598218865
3015107,18867.114598218865
3016889,18867.114598218865
3018671,18867.114598218865
3020453,18867.114598218865
3022235,18867.114598218865
3024017,18867.114598218865
3025799,18867.114598218865
3027581,18867.114598218865
3029363,18867.114598218865
3002634,32530.527067124498
3004416,32530.527067124498
3006198,32530.527067124498
3007980,32530.527067124498
3009762,32530.527067124498
3011544,32530.527067124498
3013326,32530.527067124498
3015108,32530.527067124498
3016890,32530.527067124498
3018672,32530.527067124498
3020454,32530.527067124498
3022236,32530.527067124498
3024018,32530.527067124498
3025800,32530.527067124498
3027582,32530.527067124498
3029364,32530.527067124498
3002635,2393.167788136322
3004417,2393.167788136322
3006199,2393.167788136322
3007981,2393.167788136322
3009763,2393.167788136322
3011545,2393.167788136322
3013327,2393.167788136322
3015109,2393.167788136322
3016891,2393.167788136322
3018673,2393.167788136322
3020455,2393.167788136322
3022237,2393.167788136322
3024019,2393.167788136322
3025801,2393.167788136322
3027583,2393.167788136322
3029365,2393.167788136322
3002636,2393.167788136322
3004418,2393.167788136322
3006200,2393.167788136322
3007982,2393.167788136322
3009764,2393.167788136322
3011546,2393.167788136322
3013328,2393.167788136322
3015110,2393.167788136322
3016892,2393.167788136322
3018674,2393.167788136322
3020456,2393.167788136322
3022238,2393.167788136322
3024020,2393.167788136322
3025802,2393.167788136322
3027584,2393.167788136322
3029366,2393.167788136322
3002637,2393.167788136322
3004419,2393.167788136322
3006201,2393.167788136322
3007983,2393.167788136322
3009765,2393.167788136322
3011547,2393.167788136322
3013329,2393.167788136322
3015111,2393.167788136322
3016893,2393.167788136322
3018675,2393.167788136322
3020457,2393.167788136322
3022239,2393.167788136322
3024021,2393.167788136322
3025803,2393.167788136322
3027585,2393.167788136322
3029367,2393.167788136322
3002638,2393.167788136322
3004420,2393.167788136322
3006202,2393.167788136322
3007984,2393.167788136322
3009766,2393.167788136322
3011548,2393.167788136322
3013330,2393.167788136322
3015112,2393.167788136322
3016894,2393.167788136322
3018676,2393.167788136322
3020458,2393.167788136322
3022240,2393.167788136322
3024022,2393.167788136322
3025804,2393.167788136322
3027586,2393.167788136322
3029368,2393.167788136322
3002639,2393.167788136322
3004421,2393.167788136322
3006203,2393.167788136322
3007985,2393.167788136322
3009767,2393.167788136322
3011549,2393.167788136322
3013331,2393.167788136322
3015113,2393.167788136322
3016895,2393.167788136322
3018677,2393.167788136322
3020459,2393.167788136322
3022241,2393.167788136322
3024023,2393.167788136322
3025805,2393.167788136322
3027587,2393.167788136322
3029369,2393.167788136322
3002640,8.123019115496429e+103
3004422,8.123019115496429e+103
3006204,8.123019115496429e+103
3007986,8.123019115496429e+103
3009768,8.123019115496429e+103
3011550,8.123019115496429e+103
3013332,8.123019115496429e+103
3015114,8.123019115496429e+103
3016896,8.123019115496429e+103
3018678,8.123019115496429e+103
3020460,8.123019115496429e+103
3022242,8.123019115496429e+103
3024024,8.123019115496429e+103
3025806,8.123019115496429e+103
3027588,8.123019115496429e+103
3029370,8.123019115496429e+103
3002641,2393.167788136322
3004423,2393.167788136322
3006205,2393.167788136322
3007987,2393.167788136322
3009769,2393.167788136322
3011551,2393.167788136322
3013333,2393.167788136322
3015115,2393.167788136322
3016897,2393.167788136322
3018679,2393.167788136322
3020461,2393.167788136322
3022243,2393.167788136322
3024025,2393.167788136322
3025807,2393.167788136322
3027589,2393.167788136322
3029371,2393.167788136322
3002642,29379.993670687425
3004424,29379.993670687425
3006206,29379.993670687425
3007988,29379.993670687425
3009770,29379.993670687425
3011552,29379.993670687425
3013334,29379.993670687425
3015116,29379.993670687425
3016898,29379.993670687425
3018680,29379.993670687425
3020462,29379.993670687425
3022244,29379.993670687425
3024026,29379.993670687425
3025808,29379.993670687425
3027590,29379.993670687425
3029372,29379.993670687425
3002643,2393.167788136322
3004425,2393.167788136322
3006207,2393.167788136322
3007989,2393.167788136322
3009771,2393.167788136322
3011553,2393.167788136322
3013335,2393.167788136322
3015117,2393.167788136322
3016899,2393.167788136322
3018681,2393.167788136322
3020463,2393.167788136322
3022245,2393.167788136322
3024027,2393.167788136322
3025809,2393.167788136322
3027591,2393.167788136322
3029373,2393.167788136322
3002644,4.536043948145473e+35
3004426,4.536043948145473e+35
3006208,4.536043948145473e+35
3007990,4.536043948145473e+35
3009772,4.536043948145473e+35
3011554,4.536043948145473e+35
3013336,4.536043948145473e+35
3015118,4.536043948145473e+35
3016900,4.536043948145473e+35
3018682,4.536043948145473e+35
3020464,4.536043948145473e+35
3022246,4.536043948145473e+35
3024028,4.536043948145473e+35
3025810,4.536043948145473e+35
3027592,4.536043948145473e+35
3029374,4.536043948145473e+35
3002645,32530.527067124498
3004427,32530.527067124498
3006209,32530.527067124498
3007991,32530.527067124498
3009773,32530.527067124498
3011555,32530.527067124498
3013337,32530.527067124498
3015119,32530.527067124498
3016901,32530.527067124498
3018683,32530.527067124498
3020465,32530.527067124498
3022247,32530.527067124498
3024029,32530.527067124498
3025811,32530.527067124498
3027593,32530.527067124498
3029375,32530.527067124498
3002646,28191.69775395516
3004428,28191.69775395516
3006210,28191.69775395516
3007992,28191.69775395516
3009774,28191.69775395516
3011556,28191.69775395516
3013338,28191.69775395516
3015120,28191.69775395516
3016902,28191.69775395516
3018684,28191.69775395516
3020466,28191.69775395516
3022248,28191.69775395516
3024030,28191.69775395516
3025812,28191.69775395516
3027594,28191.69775395516
3029376,28191.69775395516
3002647,28191.69775395516
3004429,28191.69775395516
3006211,28191.69775395516
3007993,28191.69775395516
3009775,28191.69775395516
3011557,28191.69775395516
3013339,28191.69775395516
3015121,28191.69775395516
3016903,28191.69775395516
3018685,28191.69775395516
3020467,28191.69775395516
3022249,28191.69775395516
3024031,28191.69775395516
3025813,28191.69775395516
3027595,28191.69775395516
3029377,28191.69775395516
3002648,25447.284195908585
3004430,25447.284195908585
3006212,25447.284195908585
3007994,25447.284195908585
3009776,25447.284195908585
3011558,25447.284195908585
3013340,25447.284195908585
3015122,25447.284195908585
3016904,25447.284195908585
3018686,25447.284195908585
3020468,25447.284195908585
3022250,25447.284195908585
3024032,25447.284195908585
3025814,25447.284195908585
3027596,25447.284195908585
3029378,25447.284195908585
3002649,1.4828225547831566e+72
3004431,1.4828225547831566e+72
3006213,1.4828225547831566e+72
3007995,2.355858002465143e+75
3009777,2.355858002465143e+75
3011559,1.4828225547831566e+72
3013341,1.4828225547831566e+72
3015123,1.4828225547831566e+72
3016905,1.4828225547831566e+72
3018687,1.4828225547831566e+72
3020469,2.355858002465143e+75
3022251,2.355858002465143e+75
3024033,1.4828225547831566e+72
3025815,1.4828225547831566e+72
3027597,1.4828225547831566e+72
3029379,1.4828225547831566e+72
3002650,2393.167788136322
3004432,2393.167788136322
3006214,2393.167788136322
3007996,2393.167788136322
3009778,2393.167788136322
3011560,2393.167788136322
3013342,2393.167788136322
3015124,2393.167788136322
3016906,2393.167788136322
3018688,2393.167788136322
3020470,2393.167788136322
3022252,2393.167788136322
3024034,2393.167788136322
3025816,2393.167788136322
3027598,2393.167788136322
3029380,2393.167788136322
3002651,2393.167788136322
3004433,2393.167788136322
3006215,2393.167788136322
3007997,2393.167788136322
3009779,2393.167788136322
3011561,2393.167788136322
3013343,2393.167788136322
3015125,2393.167788136322
3016907,2393.167788136322
3018689,2393.167788136322
3020471,2393.167788136322
3022253,2393.167788136322
3024035,2393.167788136322
3025817,2393.167788136322
3027599,2393.167788136322
3029381,2393.167788136322
3002652,2393.167788136322
3004434,2393.167788136322
3006216,2393.167788136322
3007998,2393.167788136322
3009780,2393.167788136322
3011562,2393.167788136322
3013344,2393.167788136322
3015126,2393.167788136322
3016908,2393.167788136322
3018690,2393.167788136322
3020472,2393.167788136322
3022254,2393.167788136322
3024036,2393.167788136322
3025818,2393.167788136322
3027600,2393.167788136322
3029382,2393.167788136322
3002653,2393.167788136322
3004435,2393.167788136322
3006217,2393.167788136322
3007999,2393.167788136322
3009781,2393.167788136322
3011563,2393.167788136322
3013345,2393.167788136322
3015127,2393.167788136322
3016909,2393.167788136322
3018691,2393.167788136322
3020473,2393.167788136322
3022255,2393.167788136322
3024037,2393.167788136322
3025819,2393.167788136322
3027601,2393.167788136322
3029383,2393.167788136322
3002654,2393.167788136322
3004436,2393.167788136322
3006218,2393.167788136322
3008000,2393.167788136322
3009782,2393.167788136322
3011564,2393.167788136322
3013346,2393.167788136322
3015128,2393.167788136322
3016910,2393.167788136322
3018692,2393.167788136322
3020474,2393.167788136322
3022256,2393.167788136322
3024038,2393.167788136322
3025820,2393.167788136322
3027602,2393.167788136322
3029384,2393.167788136322
3002655,2393.167788136322
3004437,2393.167788136322
3006219,2393.167788136322
3008001,2393.167788136322
3009783,2393.167788136322
3011565,2393.167788136322
3013347,2393.167788136322
3015129,2393.167788136322
3016911,2393.167788136322
3018693,2393.167788136322
3020475,2393.167788136322
3022257,2393.167788136322
3024039,2393.167788136322
3025821,2393.167788136322
3027603,2393.167788136322
3029385,2393.167788136322
3002656,2393.167788136322
3004438,2393.167788136322
3006220,2393.167788136322
3008002,2393.167788136322
3009784,2393.167788136322
3011566,2393.167788136322
3013348,2393.167788136322
3015130,2393.167788136322
3016912,2393.167788136322
3018694,2393.167788136322
3020476,2393.167788136322
3022258,2393.167788136322
3024040,2393.167788136322
3025822,2393.167788136322
3027604,2393.167788136322
3029386,2393.167788136322
3002657,2393.167788136322
3004439,2393.167788136322
3006221,2393.167788136322
3008003,2393.167788136322
3009785,2393.167788136322
3011567,2393.167788136322
3013349,2393.167788136322
3015131,2393.167788136322
3016913,2393.167788136322
3018695,2393.167788136322
3020477,2393.167788136322
3022259,2393.167788136322
3024041,2393.167788136322
3025823,2393.167788136322
3027605,2393.167788136322
3029387,2393.167788136322
3002658,2393.167788136322
3004440,2393.167788136322
3006222,2393.167788136322
3008004,2393.167788136322
3009786,2393.167788136322
3011568,2393.167788136322
3013350,2393.167788136322
3015132,2393.167788136322
3016914,2393.167788136322
3018696,2393.167788136322
3020478,2393.167788136322
3022260,2393.167788136322
3024042,2393.167788136322
3025824,2393.167788136322
3027606,2393.167788136322
3029388,2393.167788136322
3002659,13755.84775951168
3004441,13755.84775951168
3006223,13755.84775951168
3008005,13755.84775951168
3009787,13755.84775951168
3011569,13755.84775951168
3013351,13755.84775951168
3015133,13755.84775951168
3016915,13755.84775951168
3018697,13755.84775951168
3020479,13755.84775951168
3022261,13755.84775951168
3024043,13755.84775951168
3025825,13755.84775951168
3027607,13755.84775951168
3029389,13755.84775951168
3002660,2393.167788136322
3004442,2393.167788136322
3006224,2393.167788136322
3008006,2393.167788136322
3009788,2393.167788136322
3011570,2393.167788136322
3013352,2393.167788136322
3015134,2393.167788136322
3016916,2393.167788136322
3018698,2393.167788136322
3020480,2393.167788136322
3022262,2393.167788136322
3024044,2393.167788136322
3025826,2393.167788136322
3027608,2393.167788136322
3029390,2393.167788136322
3002661,29379.993670687425
3004443,29379.993670687425
3006225,29379.993670687425
3008007,29379.993670687425
3009789,29379.993670687425
3011571,29379.993670687425
3013353,29379.993670687425
3015135,29379.993670687425
3016917,29379.993670687425
3018699,29379.993670687425
3020481,29379.993670687425
3022263,29379.993670687425
3024045,29379.993670687425
3025827,29379.993670687425
3027609,29379.993670687425
3029391,29379.993670687425
3002662,28191.69775395516
3004444,28191.69775395516
3006226,28191.69775395516
3008008,28191.69775395516
3009790,28191.69775395516
3011572,28191.69775395516
3013354,28191.69775395516
3015136,28191.69775395516
3016918,28191.69775395516
3018700,28191.69775395516
3020482,28191.69775395516
3022264,28191.69775395516
3024046,28191.69775395516
3025828,28191.69775395516
3027610,28191.69775395516
3029392,28191.69775395516
3002663,2393.167788136322
3004445,2393.167788136322
3006227,2393.167788136322
3008009,2393.167788136322
3009791,2393.167788136322
3011573,2393.167788136322
3013355,2393.167788136322
3015137,2393.167788136322
3016919,2393.167788136322
3018701,2393.167788136322
3020483,2393.167788136322
3022265,2393.167788136322
3024047,2393.167788136322
3025829,2393.167788136322
3027611,2393.167788136322
3029393,2393.167788136322
3002664,2393.167788136322
3004446,2393.167788136322
3006228,2393.167788136322
3008010,2393.167788136322
3009792,2393.167788136322
3011574,2393.167788136322
3013356,2393.167788136322
3015138,2393.167788136322
3016920,2393.167788136322
3018702,2393.167788136322
3020484,2393.167788136322
3022266,2393.167788136322
3024048,2393.167788136322
3025830,2393.167788136322
3027612,2393.167788136322
3029394,2393.167788136322
3002665,29379.993670687425
3004447,29379.993670687425
3006229,29379.993670687425
3008011,29379.993670687425
3009793,29379.993670687425
3011575,29379.993670687425
3013357,29379.993670687425
3015139,29379.993670687425
3016921,29379.993670687425
3018703,29379.993670687425
3020485,29379.993670687425
3022267,29379.993670687425
3024049,29379.993670687425
3025831,29379.993670687425
3027613,29379.993670687425
3029395,29379.993670687425
3002666,18867.114598218865
3004448,18867.114598218865
3006230,18867.114598218865
3008012,18867.114598218865
3009794,18867.114598218865
3011576,18867.114598218865
3013358,18867.114598218865
3015140,18867.114598218865
3016922,18867.114598218865
3018704,18867.114598218865
3020486,18867.114598218865
3022268,18867.114598218865
3024050,18867.114598218865
3025832,18867.114598218865
3027614,18867.114598218865
3029396,18867.114598218865
3002667,32530.527067124498
3004449,32530.527067124498
3006231,32530.527067124498
3008013,32530.527067124498
3009795,32530.527067124498
3011577,32530.527067124498
3013359,32530.527067124498
3015141,32530.527067124498
3016923,32530.527067124498
3018705,32530.527067124498
3020487,32530.527067124498
3022269,32530.527067124498
3024051,32530.527067124498
3025833,32530.527067124498
3027615,32530.527067124498
3029397,32530.527067124498
3002668,2393.167788136322
3004450,2393.167788136322
3006232,2393.167788136322
3008014,2393.167788136322
3009796,2393.167788136322
3011578,2393.167788136322
3013360,2393.167788136322
3015142,2393.167788136322
3016924,2393.167788136322
3018706,2393.167788136322
3020488,2393.167788136322
3022270,2393.167788136322
3024052,2393.167788136322
3025834,2393.167788136322
3027616,2393.167788136322
3029398,2393.167788136322
3002669,2393.167788136322
3004451,2393.167788136322
3006233,2393.167788136322
3008015,2393.167788136322
3009797,2393.167788136322
3011579,2393.167788136322
3013361,2393.167788136322
3015143,2393.167788136322
3016925,2393.167788136322
3018707,2393.167788136322
3020489,2393.167788136322
3022271,2393.167788136322
3024053,2393.167788136322
3025835,2393.167788136322
3027617,2393.167788136322
3029399,2393.167788136322
3000921,2393.167788136322
3002703,2393.167788136322
3004485,2393.167788136322
3006267,2393.167788136322
3008049,2393.167788136322
3009831,2393.167788136322
3011613,2393.167788136322
3013395,2393.167788136322
3015177,2393.167788136322
3016959,2393.167788136322
3018741,2393.167788136322
3020523,2393.167788136322
3022305,2393.167788136322
3024087,2393.167788136322
3025869,2393.167788136322
3027651,2393.167788136322
3000922,2393.167788136322
3002704,2393.167788136322
3004486,2393.167788136322
3006268,2393.167788136322
3008050,2393.167788136322
3009832,2393.167788136322
3011614,2393.167788136322
3013396,2393.167788136322
3015178,2393.167788136322
3016960,2393.167788136322
3018742,2393.167788136322
3020524,2393.167788136322
3022306,2393.167788136322
3024088,2393.167788136322
3025870,2393.167788136322
3027652,2393.167788136322
3000923,2393.167788136322
3002705,2393.167788136322
3004487,2393.167788136322
3006269,2393.167788136322
3008051,2393.167788136322
3009833,2393.167788136322
3011615,2393.167788136322
3013397,2393.167788136322
3015179,2393.167788136322
3016961,2393.167788136322
3018743,2393.167788136322
3020525,2393.167788136322
3022307,2393.167788136322
3024089,2393.167788136322
3025871,2393.167788136322
3027653,2393.167788136322
3000924,3.007842063574425e+108
3002706,3.007842063574425e+108
3004488,3.007842063574425e+108
3006270,3.007842063574425e+108
3008052,3.007842063574425e+108
3009834,3.007842063574425e+108
3011616,3.007842063574425e+108
3013398,3.007842063574425e+108
3015180,3.007842063574425e+108
3016962,3.007842063574425e+108
3018744,3.007842063574425e+108
3020526,3.007842063574425e+108
3022308,3.007842063574425e+108
3024090,3.007842063574425e+108
3025872,3.007842063574425e+108
3027654,3.007842063574425e+108
3000925,2393.167788136322
3002707,2393.167788136322
3004489,2393.167788136322
3006271,2393.167788136322
3008053,2393.167788136322
3009835,2393.167788136322
3011617,2393.167788136322
3013399,2393.167788136322
3015181,2393.167788136322
3016963,2393.167788136322
3018745,2393.167788136322
3020527,2393.167788136322
3022309,2393.167788136322
3024091,2393.167788136322
3025873,2393.167788136322
3027655,2393.167788136322
3000926,29379.993670687425
3002708,29379.993670687425
3004490,29379.993670687425
3006272,29379.993670687425
3008054,29379.993670687425
3009836,29379.993670687425
3011618,29379.993670687425
3013400,29379.993670687425
3015182,29379.993670687425
3016964,29379.993670687425
3018746,29379.993670687425
3020528,29379.993670687425
3022310,29379.993670687425
3024092,29379.993670687425
3025874,29379.993670687425
3027656,29379.993670687425
3000927,2393.167788136322
3002709,2393.167788136322
3004491,2393.167788136322
3006273,2393.167788136322
3008055,2393.167788136322
3009837,2393.167788136322
3011619,2393.167788136322
3013401,2393.167788136322
3015183,2393.167788136322
3016965,2393.167788136322
3018747,2393.167788136322
3020529,2393.167788136322
3022311,2393.167788136322
3024093,2393.167788136322
3025875,2393.167788136322
3027657,2393.167788136322
3000928,1.4890016199601365e+39
3002710,1.4890016199601365e+39
3004492,1.4890016199601365e+39
3006274,1.4890016199601365e+39
3008056,1.4890016199601365e+39
3009838,1.4890016199601365e+39
3011620,1.4890016199601365e+39
3013402,1.4890016199601365e+39
3015184,1.4890016199601365e+39
3016966,1.4890016199601365e+39
3018748,1.4890016199601365e+39
3020530,1.4890016199601365e+39
3022312,1.4890016199601365e+39
3024094,1.4890016199601365e+39
3025876,1.4890016199601365e+39
3027658,1.4890016199601365e+39
3000929,32530.527067124498
3002711,32530.527067124498
3004493,32530.527067124498
3006275,32530.527067124498
3008057,32530.527067124498
3009839,32530.527067124498
3011621,32530.527067124498
3013403,32530.527067124498
3015185,32530.527067124498
3016967,32530.527067124498
3018749,32530.527067124498
3020531,32530.527067124498
3022313,32530.527067124498
3024095,32530.527067124498
3025877,32530.527067124498
3027659,32530.527067124498
3000930,28191.69775395516
3002712,28191.69775395516
3004494,28191.69775395516
3006276,28191.69775395516
3008058,28191.69775395516
3009840,28191.69775395516
3011622,28191.69775395516
3013404,28191.69775395516
3015186,28191.69775395516
3016968,28191.69775395516
3018750,28191.69775395516
3020532,28191.69775395516
3022314,28191.69775395516
3024096,28191.69775395516
3025878,28191.69775395516
3027660,28191.69775395516
3000931,28191.69775395516
3002713,28191.69775395516
3004495,28191.69775395516
3006277,28191.69775395516
3008059,28191.69775395516
3009841,28191.69775395516
3011623,28191.69775395516
3013405,28191.69775395516
3015187,28191.69775395516
3016969,28191.69775395516
3018751,28191.69775395516
3020533,28191.69775395516
3022315,28191.69775395516
3024097,28191.69775395516
3025879,28191.69775395516
3027661,28191.69775395516
3000932,25447.284195908585
3002714,25447.284195908585
3004496,25447.284195908585
3006278,25447.284195908585
3008060,25447.284195908585
3009842,25447.284195908585
3011624,25447.284195908585
3013406,25447.284195908585
3015188,25447.284195908585
3016970,25447.284195908585
3018752,25447.284195908585
3020534,25447.284195908585
3022316,25447.284195908585
3024098,25447.284195908585
3025880,25447.284195908585
3027662,25447.284195908585
3000933,4.041054834009305e+87
3002715,4.041054834009305e+87
3004497,4.041054834009305e+87
3006279,6.42029037014039e+90
3008061,6.42029037014039e+90
3009843,4.041054834009305e+87
3011625,4.041054834009305e+87
3013407,4.041054834009305e+87
3015189,4.041054834009305e+87
3016971,4.041054834009305e+87
3018753,6.42029037014039e+90
3020535,6.42029037014039e+90
3022317,4.041054834009305e+87
3024099,4.041054834009305e+87
3025881,4.041054834009305e+87
3027663,4.041054834009305e+87
3000934,2393.167788136322
3002716,2393.167788136322
3004498,2393.167788136322
3006280,2393.167788136322
3008062,2393.167788136322
3009844,2393.167788136322
3011626,2393.167788136322
3013408,2393.167788136322
3015190,2393.167788136322
3016972,2393.167788136322
3018754,2393.167788136322
3020536,2393.167788136322
3022318,2393.167788136322
3024100,2393.167788136322
3025882,2393.167788136322
3027664,2393.167788136322
3000935,2393.167788136322
3002717,2393.167788136322
3004499,2393.167788136322
3006281,2393.167788136322
3008063,2393.167788136322
3009845,2393.167788136322
3011627,2393.167788136322
3013409,2393.167788136322
3015191,2393.167788136322
3016973,2393.167788136322
3018755,2393.167788136322
3020537,2393.167788136322
3022319,2393.167788136322
3024101,2393.167788136322
3025883,2393.167788136322
3027665,2393.167788136322
3000936,2393.167788136322
3002718,2393.167788136322
3004500,2393.167788136322
3006282,2393.167788136322
3008064,2393.167788136322
3009846,2393.167788136322
3011628,2393.167788136322
3013410,2393.167788136322
3015192,2393.167788136322
3016974,2393.167788136322
3018756,2393.167788136322
3020538,2393.167788136322
3022320,2393.167788136322
3024102,2393.167788136322
3025884,2393.167788136322
3027666,2393.167788136322
3000937,2393.167788136322
3002719,2393.167788136322
3004501,2393.167788136322
3006283,2393.167788136322
3008065,2393.167788136322
3009847,2393.167788136322
3011629,2393.167788136322
3013411,2393.167788136322
3015193,2393.167788136322
3016975,2393.167788136322
3018757,2393.167788136322
3020539,2393.167788136322
3022321,2393.167788136322
3024103,2393.167788136322
3025885,2393.167788136322
3027667,2393.167788136322
3000938,2393.167788136322
3002720,2393.167788136322
3004502,2393.167788136322
3006284,2393.167788136322
3008066,2393.167788136322
3009848,2393.167788136322
3011630,2393.167788136322
3013412,2393.167788136322
3015194,2393.167788136322
3016976,2393.167788136322
3018758,2393.167788136322
3020540,2393.167788136322
3022322,2393.167788136322
3024104,2393.167788136322
3025886,2393.167788136322
3027668,2393.167788136322
3000939,2393.167788136322
3002721,2393.167788136322
3004503,2393.167788136322
3006285,2393.167788136322
3008067,2393.167788136322
3009849,2393.167788136322
3011631,2393.167788136322
3013413,2393.167788136322
3015195,2393.167788136322
3016977,2393.167788136322
3018759,2393.167788136322
3020541,2393.167788136322
3022323,2393.167788136322
3024105,2393.167788136322
3025887,2393.167788136322
3027669,2393.167788136322
3000940,2393.167788136322
3002722,2393.167788136322
3004504,2393.167788136322
3006286,2393.167788136322
3008068,2393.167788136322
3009850,2393.167788136322
3011632,2393.167788136322
3013414,2393.167788136322
3015196,2393.167788136322
3016978,2393.167788136322
3018760,2393.167788136322
3020542,2393.167788136322
3022324,2393.167788136322
3024106,2393.167788136322
3025888,2393.167788136322
3027670,2393.167788136322
3000941,2393.167788136322
3002723,2393.167788136322
3004505,2393.167788136322
3006287,2393.167788136322
3008069,2393.167788136322
3009851,2393.167788136322
3011633,2393.167788136322
3013415,2393.167788136322
3015197,2393.167788136322
3016979,2393.167788136322
3018761,2393.167788136322
3020543,2393.167788136322
3022325,2393.167788136322
3024107,2393.167788136322
3025889,2393.167788136322
3027671,2393.167788136322
3000942,2393.167788136322
3002724,2393.167788136322
3004506,2393.167788136322
3006288,2393.167788136322
3008070,2393.167788136322
3009852,2393.167788136322
3011634,2393.167788136322
3013416,2393.167788136322
3015198,2393.167788136322
3016980,2393.167788136322
3018762,2393.167788136322
3020544,2393.167788136322
3022326,2393.167788136322
3024108,2393.167788136322
3025890,2393.167788136322
3027672,2393.167788136322
3000943,13755.84775951168
3002725,13755.84775951168
3004507,13755.84775951168
3006289,13755.84775951168
3008071,13755.84775951168
3009853,13755.84775951168
3011635,13755.84775951168
3013417,13755.84775951168
3015199,13755.84775951168
3016981,13755.84775951168
3018763,13755.84775951168
3020545,13755.84775951168
3022327,13755.84775951168
3024109,13755.84775951168
3025891,13755.84775951168
3027673,13755.84775951168
3000944,2393.167788136322
3002726,2393.167788136322
3004508,2393.167788136322
3006290,2393.167788136322
3008072,2393.167788136322
3009854,2393.167788136322
3011636,2393.167788136322
3013418,2393.167788136322
3015200,2393.167788136322
3016982,2393.167788136322
3018764,2393.167788136322
3020546,2393.167788136322
3022328,2393.167788136322
3024110,2393.167788136322
3025892,2393.167788136322
3027674,2393.167788136322
3000945,29379.993670687425
3002727,29379.993670687425
3004509,29379.993670687425
3006291,29379.993670687425
3008073,29379.993670687425
3009855,29379.993670687425
3011637,29379.993670687425
3013419,29379.993670687425
3015201,29379.993670687425
3016983,29379.993670687425
3018765,29379.993670687425
3020547,29379.993670687425
3022329,29379.993670687425
3024111,29379.993670687425
3025893,29379.993670687425
3027675,29379.993670687425
3000946,28191.69775395516
3002728,28191.69775395516
3004510,28191.69775395516
3006292,28191.69775395516
3008074,28191.69775395516
3009856,28191.69775395516
3011638,28191.69775395516
3013420,28191.69775395516
3015202,28191.69775395516
3016984,28191.69775395516
3018766,28191.69775395516
3020548,28191.69775395516
3022330,28191.69775395516
3024112,28191.69775395516
3025894,28191.69775395516
3027676,28191.69775395516
3000947,2393.167788136322
3002729,2393.167788136322
3004511,2393.167788136322
3006293,2393.167788136322
3008075,2393.167788136322
3009857,2393.167788136322
3011639,2393.167788136322
3013421,2393.167788136322
3015203,2393.167788136322
3016985,2393.167788136322
3018767,2393.167788136322
3020549,2393.167788136322
3022331,2393.167788136322
3024113,2393.167788136322
3025895,2393.167788136322
3027677,2393.167788136322
3000948,2393.167788136322
3002730,2393.167788136322
3004512,2393.167788136322
3006294,2393.167788136322
3008076,2393.167788136322
3009858,2393.167788136322
3011640,2393.167788136322
3013422,2393.167788136322
3015204,2393.167788136322
3016986,2393.167788136322
3018768,2393.167788136322
3020550,2393.167788136322
3022332,2393.167788136322
3024114,2393.167788136322
3025896,2393.167788136322
3027678,2393.167788136322
3000949,29379.993670687425
3002731,29379.993670687425
3004513,29379.993670687425
3006295,29379.993670687425
3008077,29379.993670687425
3009859,29379.993670687425
3011641,29379.993670687425
3013423,29379.993670687425
3015205,29379.993670687425
3016987,29379.993670687425
3018769,29379.993670687425
3020551,29379.993670687425
3022333,29379.993670687425
3024115,29379.993670687425
3025897,29379.993670687425
3027679,29379.993670687425
3000950,18867.114598218865
3002732,18867.114598218865
3004514,18867.114598218865
3006296,18867.114598218865
3008078,18867.114598218865
3009860,18867.114598218865
3011642,18867.114598218865
3013424,18867.114598218865
3015206,18867.114598218865
3016988,18867.114598218865
3018770,18867.114598218865
3020552,18867.114598218865
3022334,18867.114598218865
3024116,18867.114598218865
3025898,18867.114598218865
3027680,18867.114598218865
3000951,32530.527067124498
3002733,32530.527067124498
3004515,32530.527067124498
3006297,32530.527067124498
3008079,32530.527067124498
3009861,32530.527067124498
3011643,32530.527067124498
3013425,32530.527067124498
3015207,32530.527067124498
3016989,32530.527067124498
3018771,32530.527067124498
3020553,32530.527067124498
3022335,32530.527067124498
3024117,32530.527067124498
3025899,32530.527067124498
3027681,32530.527067124498
3000952,2393.167788136322
3002734,2393.167788136322
3004516,2393.167788136322
3006298,2393.167788136322
3008080,2393.167788136322
3009862,2393.167788136322
3011644,2393.167788136322
3013426,2393.167788136322
3015208,2393.167788136322
3016990,2393.167788136322
3018772,2393.167788136322
3020554,2393.167788136322
3022336,2393.167788136322
3024118,2393.167788136322
3025900,2393.167788136322
3027682,2393.167788136322
3000953,2393.167788136322
3002735,2393.167788136322
3004517,2393.167788136322
3006299,2393.167788136322
3008081,2393.167788136322
3009863,2393.167788136322
3011645,2393.167788136322
3013427,2393.167788136322
3015209,2393.167788136322
3016991,2393.167788136322
3018773,2393.167788136322
3020555,2393.167788136322
3022337,2393.167788136322
3024119,2393.167788136322
3025901,2393.167788136322
3027683,2393.167788136322
3000954,2393.167788136322
3002736,2393.167788136322
3004518,2393.167788136322
3006300,2393.167788136322
3008082,2393.167788136322
3009864,2393.167788136322
3011646,2393.167788136322
3013428,2393.167788136322
3015210,2393.167788136322
3016992,2393.167788136322
3018774,2393.167788136322
3020556,2393.167788136322
3022338,2393.167788136322
3024120,2393.167788136322
3025902,2393.167788136322
3027684,2393.167788136322
3000955,2393.167788136322
3002737,2393.167788136322
3004519,2393.167788136322
3006301,2393.167788136322
3008083,2393.167788136322
3009865,2393.167788136322
3011647,2393.167788136322
3013429,2393.167788136322
3015211,2393.167788136322
3016993,2393.167788136322
3018775,2393.167788136322
3020557,2393.167788136322
3022339,2393.167788136322
3024121,2393.167788136322
3025903,2393.167788136322
3027685,2393.167788136322
3000956,2393.167788136322
3002738,2393.167788136322
3004520,2393.167788136322
3006302,2393.167788136322
3008084,2393.167788136322
3009866,2393.167788136322
3011648,2393.167788136322
3013430,2393.167788136322
3015212,2393.167788136322
3016994,2393.167788136322
3018776,2393.167788136322
3020558,2393.167788136322
3022340,2393.167788136322
3024122,2393.167788136322
3025904,2393.167788136322
3027686,2393.167788136322
3000957,3.007842063574425e+108
3002739,3.007842063574425e+108
3004521,3.007842063574425e+108
3006303,3.007842063574425e+108
3008085,3.007842063574425e+108
3009867,3.007842063574425e+108
3011649,3.007842063574425e+108
3013431,3.007842063574425e+108
3015213,3.007842063574425e+108
3016995,3.007842063574425e+108
3018777,3.007842063574425e+108
3020559,3.007842063574425e+108
3022341,3.007842063574425e+108
3024123,3.007842063574425e+108
3025905,3.007842063574425e+108
3027687,3.007842063574425e+108
3000958,2393.167788136322
3002740,2393.167788136322
3004522,2393.167788136322
3006304,2393.167788136322
3008086,2393.167788136322
3009868,2393.167788136322
3011650,2393.167788136322
3013432,2393.167788136322
3015214,2393.167788136322
3016996,2393.167788136322
3018778,2393.167788136322
3020560,2393.167788136322
3022342,2393.167788136322
3024124,2393.167788136322
3025906,2393.167788136322
3027688,2393.167788136322
3000959,29379.993670687425
3002741,29379.993670687425
3004523,29379.993670687425
3006305,29379.993670687425
3008087,29379.993670687425
3009869,29379.993670687425
3011651,29379.993670687425
3013433,29379.993670687425
3015215,29379.993670687425
3016997,29379.993670687425
3018779,29379.993670687425
3020561,29379.993670687425
3022343,29379.993670687425
3024125,29379.993670687425
3025907,29379.993670687425
3027689,29379.993670687425
3000960,2393.167788136322
3002742,2393.167788136322
3004524,2393.167788136322
3006306,2393.167788136322
3008088,2393.167788136322
3009870,2393.167788136322
3011652,2393.167788136322
3013434,2393.167788136322
3015216,2393.167788136322
3016998,2393.167788136322
3018780,2393.167788136322
3020562,2393.167788136322
3022344,2393.167788136322
3024126,2393.167788136322
3025908,2393.167788136322
3027690,2393.167788136322
3000961,1.4890016199601365e+39
3002743,1.4890016199601365e+39
3004525,1.4890016199601365e+39
3006307,1.4890016199601365e+39
3008089,1.4890016199601365e+39
3009871,1.4890016199601365e+39
3011653,1.4890016199601365e+39
3013435,1.4890016199601365e+39
3015217,1.4890016199601365e+39
3016999,1.4890016199601365e+39
3018781,1.4890016199601365e+39
3020563,1.4890016199601365e+39
3022345,1.4890016199601365e+39
3024127,1.4890016199601365e+39
3025909,1.4890016199601365e+39
3027691,1.4890016199601365e+39
3000962,32530.527067124498
3002744,32530.527067124498
3004526,32530.527067124498
3006308,32530.527067124498
3008090,32530.527067124498
3009872,32530.527067124498
3011654,32530.527067124498
3013436,32530.527067124498
3015218,32530.527067124498
3017000,32530.527067124498
3018782,32530.527067124498
3020564,32530.527067124498
3022346,32530.527067124498
3024128,32530.527067124498
3025910,32530.527067124498
3027692,32530.527067124498
3000963,28191.69775395516
3002745,28191.69775395516
3004527,28191.69775395516
3006309,28191.69775395516
3008091,28191.69775395516
3009873,28191.69775395516
3011655,28191.69775395516
3013437,28191.69775395516
3015219,28191.69775395516
3017001,28191.69775395516
3018783,28191.69775395516
3020565,28191.69775395516
3022347,28191.69775395516
3024129,28191.69775395516
3025911,28191.69775395516
3027693,28191.69775395516
3000964,28191.69775395516
3002746,28191.69775395516
3004528,28191.69775395516
3006310,28191.69775395516
3008092,28191.69775395516
3009874,28191.69775395516
3011656,28191.69775395516
3013438,28191.69775395516
3015220,28191.69775395516
3017002,28191.69775395516
3018784,28191.69775395516
3020566,28191.69775395516
3022348,28191.69775395516
3024130,28191.69775395516
3025912,28191.69775395516
3027694,28191.69775395516
3000965,25447.284195908585
3002747,25447.284195908585
3004529,25447.284195908585
3006311,25447.284195908585
3008093,25447.284195908585
3009875,25447.284195908585
3011657,25447.284195908585
3013439,25447.284195908585
3015221,25447.284195908585
3017003,25447.284195908585
3018785,25447.284195908585
3020567,25447.284195908585
3022349,25447.284195908585
3024131,25447.284195908585
3025913,25447.284195908585
3027695,25447.284195908585
3000966,4.041054834009305e+87
3002748,4.041054834009305e+87
3004530,4.041054834009305e+87
3006312,6.42029037014039e+90
3008094,6.42029037014039e+90
3009876,4.041054834009305e+87
3011658,4.041054834009305e+87
3013440,4.041054834009305e+87
3015222,4.041054834009305e+87
3017004,4.041054834009305e+87
3018786,6.42029037014039e+90
3020568,6.42029037014039e+90
3022350,4.041054834009305e+87
3024132,4.041054834009305e+87
3025914,4.041054834009305e+87
3027696,4.041054834009305e+87
3000967,2393.167788136322
3002749,2393.167788136322
3004531,2393.167788136322
3006313,2393.167788136322
3008095,2393.167788136322
3009877,2393.167788136322
3011659,2393.167788136322
3013441,2393.167788136322
3015223,2393.167788136322
3017005,2393.167788136322
3018787,2393.167788136322
3020569,2393.167788136322
3022351,2393.167788136322
3024133,2393.167788136322
3025915,2393.167788136322
3027697,2393.167788136322
3000968,2393.167788136322
3002750,2393.167788136322
3004532,2393.167788136322
3006314,2393.167788136322
3008096,2393.167788136322
3009878,2393.167788136322
3011660,2393.167788136322
3013442,2393.167788136322
3015224,2393.167788136322
3017006,2393.167788136322
3018788,2393.167788136322
3020570,2393.167788136322
3022352,2393.167788136322
3024134,2393.167788136322
3025916,2393.167788136322
3027698,2393.167788136322
3000969,2393.167788136322
3002751,2393.167788136322
3004533,2393.167788136322
3006315,2393.167788136322
3008097,2393.167788136322
3009879,2393.167788136322
3011661,2393.167788136322
3013443,2393.167788136322
3015225,2393.167788136322
3017007,2393.167788136322
3018789,2393.167788136322
3020571,2393.167788136322
3022353,2393.167788136322
3024135,2393.167788136322
3025917,2393.167788136322
3027699,2393.167788136322
3000970,2393.167788136322
3002752,2393.167788136322
3004534,2393.167788136322
3006316,2393.167788136322
3008098,2393.167788136322
3009880,2393.167788136322
3011662,2393.167788136322
3013444,2393.167788136322
3015226,2393.167788136322
3017008,2393.167788136322
3018790,2393.167788136322
3020572,2393.167788136322
3022354,2393.167788136322
3024136,2393.167788136322
3025918,2393.167788136322
3027700,2393.167788136322
3000971,2393.167788136322
3002753,2393.167788136322
3004535,2393.167788136322
3006317,2393.167788136322
3008099,2393.167788136322
3009881,2393.167788136322
3011663,2393.167788136322
3013445,2393.167788136322
3015227,2393.167788136322
3017009,2393.167788136322
3018791,2393.167788136322
3020573,2393.167788136322
3022355,2393.167788136322
3024137,2393.167788136322
3025919,2393.167788136322
3027701,2393.167788136322
3000972,2393.167788136322
3002754,2393.167788136322
3004536,2393.167788136322
3006318,2393.167788136322
3008100,2393.167788136322
3009882,2393.167788136322
3011664,2393.167788136322
3013446,2393.167788136322
3015228,2393.167788136322
3017010,2393.167788136322
3018792,2393.167788136322
3020574,2393.167788136322
3022356,2393.167788136322
3024138,2393.167788136322
3025920,2393.167788136322
3027702,2393.167788136322
3000973,2393.167788136322
3002755,2393.167788136322
3004537,2393.167788136322
3006319,2393.167788136322
3008101,2393.167788136322
3009883,2393.167788136322
3011665,2393.167788136322
3013447,2393.167788136322
3015229,2393.167788136322
3017011,2393.167788136322
3018793,2393.167788136322
3020575,2393.167788136322
3022357,2393.167788136322
3024139,2393.167788136322
3025921,2393.167788136322
3027703,2393.167788136322
3000974,2393.167788136322
3002756,2393.167788136322
3004538,2393.167788136322
3006320,2393.167788136322
3008102,2393.167788136322
3009884,2393.167788136322
3011666,2393.167788136322
3013448,2393.167788136322
3015230,2393.167788136322
3017012,2393.167788136322
3018794,2393.167788136322
3020576,2393.167788136322
3022358,2393.167788136322
3024140,2393.167788136322
3025922,2393.167788136322
3027704,2393.167788136322
3000975,2393.167788136322
3002757,2393.167788136322
3004539,2393.167788136322
3006321,2393.167788136322
3008103,2393.167788136322
3009885,2393.167788136322
3011667,2393.167788136322
3013449,2393.167788136322
3015231,2393.167788136322
3017013,2393.167788136322
3018795,2393.167788136322
3020577,2393.167788136322
3022359,2393.167788136322
3024141,2393.167788136322
3025923,2393.167788136322
3027705,2393.167788136322
3000976,13755.84775951168
3002758,13755.84775951168
3004540,13755.84775951168
3006322,13755.84775951168
3008104,13755.84775951168
3009886,13755.84775951168
3011668,13755.84775951168
3013450,13755.84775951168
3015232,13755.84775951168
3017014,13755.84775951168
3018796,13755.84775951168
3020578,13755.84775951168
3022360,13755.84775951168
3024142,13755.84775951168
3025924,13755.84775951168
3027706,13755.84775951168
3000977,2393.167788136322
3002759,2393.167788136322
3004541,2393.167788136322
3006323,2393.167788136322
3008105,2393.167788136322
3009887,2393.167788136322
3011669,2393.167788136322
3013451,2393.167788136322
3015233,2393.167788136322
3017015,2393.167788136322
3018797,2393.167788136322
3020579,2393.167788136322
3022361,2393.167788136322
3024143,2393.167788136322
3025925,2393.167788136322
3027707,2393.167788136322
3000978,29379.993670687425
3002760,29379.993670687425
3004542,29379.993670687425
3006324,29379.993670687425
3008106,29379.993670687425
3009888,29379.993670687425
3011670,29379.993670687425
3013452,29379.993670687425
3015234,29379.993670687425
3017016,29379.993670687425
3018798,29379.993670687425
3020580,29379.993670687425
3022362,29379.993670687425
3024144,29379.993670687425
3025926,29379.993670687425
3027708,29379.993670687425
3000979,28191.69775395516
3002761,28191.69775395516
3004543,28191.69775395516
3006325,28191.69775395516
3008107,28191.69775395516
3009889,28191.69775395516
3011671,28191.69775395516
3013453,28191.69775395516
3015235,28191.69775395516
3017017,28191.69775395516
3018799,28191.69775395516
3020581,28191.69775395516
3022363,28191.69775395516
3024145,28191.69775395516
3025927,28191.69775395516
3027709,28191.69775395516
3000980,2393.167788136322
3002762,2393.167788136322
3004544,2393.167788136322
3006326,2393.167788136322
3008108,2393.167788136322
3009890,2393.167788136322
3011672,2393.167788136322
3013454,2393.167788136322
3015236,2393.167788136322
3017018,2393.167788136322
3018800,2393.167788136322
3020582,2393.167788136322
3022364,2393.167788136322
3024146,2393.167788136322
3025928,2393.167788136322
3027710,2393.167788136322
3000981,2393.167788136322
3002763,2393.167788136322
3004545,2393.167788136322
3006327,2393.167788136322
3008109,2393.167788136322
3009891,2393.167788136322
3011673,2393.167788136322
3013455,2393.167788136322
3015237,2393.167788136322
3017019,2393.167788136322
3018801,2393.167788136322
3020583,2393.167788136322
3022365,2393.167788136322
3024147,2393.167788136322
3025929,2393.167788136322
3027711,2393.167788136322
3000982,29379.993670687425
3002764,29379.993670687425
3004546,29379.993670687425
3006328,29379.993670687425
3008110,29379.993670687425
3009892,29379.993670687425
3011674,29379.993670687425
3013456,29379.993670687425
3015238,29379.993670687425
3017020,29379.993670687425
3018802,29379.993670687425
3020584,29379.993670687425
3022366,29379.993670687425
3024148,29379.993670687425
3025930,29379.993670687425
3027712,29379.993670687425
3000983,18867.114598218865
3002765,18867.114598218865
3004547,18867.114598218865
3006329,18867.114598218865
3008111,18867.114598218865
3009893,18867.114598218865
3011675,18867.114598218865
3013457,18867.114598218865
3015239,18867.114598218865
3017021,18867.114598218865
3018803,18867.114598218865
3020585,18867.114598218865
3022367,18867.114598218865
3024149,18867.114598218865
3025931,18867.114598218865
3027713,18867.114598218865
3000984,32530.527067124498
3002766,32530.527067124498
3004548,32530.527067124498
3006330,32530.527067124498
3008112,32530.527067124498
3009894,32530.527067124498
3011676,32530.527067124498
3013458,32530.527067124498
3015240,32530.527067124498
3017022,32530.527067124498
3018804,32530.527067124498
3020586,32530.527067124498
3022368,32530.527067124498
3024150,32530.527067124498
3025932,32530.527067124498
3027714,32530.527067124498
3000985,2393.167788136322
3002767,2393.167788136322
3004549,2393.167788136322
3006331,2393.167788136322
3008113,2393.167788136322
3009895,2393.167788136322
3011677,2393.167788136322
3013459,2393.167788136322
3015241,2393.167788136322
3017023,2393.167788136322
3018805,2393.167788136322
3020587,2393.167788136322
3022369,2393.167788136322
3024151,2393.167788136322
3025933,2393.167788136322
3027715,2393.167788136322
3000986,2393.167788136322
3002768,2393.167788136322
3004550,2393.167788136322
3006332,2393.167788136322
3008114,2393.167788136322
3009896,2393.167788136322
3011678,2393.167788136322
3013460,2393.167788136322
3015242,2393.167788136322
3017024,2393.167788136322
3018806,2393.167788136322
3020588,2393.167788136322
3022370,2393.167788136322
3024152,2393.167788136322
3025934,2393.167788136322
3027716,2393.167788136322
3000987,2393.167788136322
3002769,2393.167788136322
3004551,2393.167788136322
3006333,2393.167788136322
3008115,2393.167788136322
3009897,2393.167788136322
3011679,2393.167788136322
3013461,2393.167788136322
3015243,2393.167788136322
3017025,2393.167788136322
3018807,2393.167788136322
3020589,2393.167788136322
3022371,2393.167788136322
3024153,2393.167788136322
3025935,2393.167788136322
3027717,2393.167788136322
3000988,2393.167788136322
3002770,2393.167788136322
3004552,2393.167788136322
3006334,2393.167788136322
3008116,2393.167788136322
3009898,2393.167788136322
3011680,2393.167788136322
3013462,2393.167788136322
3015244,2393.167788136322
3017026,2393.167788136322
3018808,2393.167788136322
3020590,2393.167788136322
3022372,2393.167788136322
3024154,2393.167788136322
3025936,2393.167788136322
3027718,2393.167788136322
3000989,2393.167788136322
3002771,2393.167788136322
3004553,2393.167788136322
3006335,2393.167788136322
3008117,2393.167788136322
3009899,2393.167788136322
3011681,2393.167788136322
3013463,2393.167788136322
3015245,2393.167788136322
3017027,2393.167788136322
3018809,2393.167788136322
3020591,2393.167788136322
3022373,2393.167788136322
3024155,2393.167788136322
3025937,2393.167788136322
3027719,2393.167788136322
3000990,3.007842063574425e+108
3002772,3.007842063574425e+108
3004554,3.007842063574425e+108
3006336,3.007842063574425e+108
3008118,3.007842063574425e+108
3009900,3.007842063574425e+108
3011682,3.007842063574425e+108
3013464,3.007842063574425e+108
3015246,3.007842063574425e+108
3017028,3.007842063574425e+108
3018810,3.007842063574425e+108
3020592,3.007842063574425e+108
3022374,3.007842063574425e+108
3024156,3.007842063574425e+108
3025938,3.007842063574425e+108
3027720,3.007842063574425e+108
3000991,2393.167788136322
3002773,2393.167788136322
3004555,2393.167788136322
3006337,2393.167788136322
3008119,2393.167788136322
3009901,2393.167788136322
3011683,2393.167788136322
3013465,2393.167788136322
3015247,2393.167788136322
3017029,2393.167788136322
3018811,2393.167788136322
3020593,2393.167788136322
3022375,2393.167788136322
3024157,2393.167788136322
3025939,2393.167788136322
3027721,2393.167788136322
3000992,29379.993670687425
3002774,29379.993670687425
3004556,29379.993670687425
3006338,29379.993670687425
3008120,29379.993670687425
3009902,29379.993670687425
3011684,29379.993670687425
3013466,29379.993670687425
3015248,29379.993670687425
3017030,29379.993670687425
3018812,29379.993670687425
3020594,29379.993670687425
3022376,29379.993670687425
3024158,29379.993670687425
3025940,29379.993670687425
3027722,29379.993670687425
3000993,2393.167788136322
3002775,2393.167788136322
3004557,2393.167788136322
3006339,2393.167788136322
3008121,2393.167788136322
3009903,2393.167788136322
3011685,2393.167788136322
3013467,2393.167788136322
3015249,2393.167788136322
3017031,2393.167788136322
3018813,2393.167788136322
3020595,2393.167788136322
3022377,2393.167788136322
3024159,2393.167788136322
3025941,2393.167788136322
3027723,2393.167788136322
3000994,1.4890016199601365e+39
3002776,1.4890016199601365e+39
3004558,1.4890016199601365e+39
3006340,1.4890016199601365e+39
3008122,1.4890016199601365e+39
3009904,1.4890016199601365e+39
3011686,1.4890016199601365e+39
3013468,1.4890016199601365e+39
3015250,1.4890016199601365e+39
3017032,1.4890016199601365e+39
3018814,1.4890016199601365e+39
3020596,1.4890016199601365e+39
3022378,1.4890016199601365e+39
3024160,1.4890016199601365e+39
3025942,1.4890016199601365e+39
3027724,1.4890016199601365e+39
3000995,32530.527067124498
3002777,32530.527067124498
3004559,32530.527067124498
3006341,32530.527067124498
3008123,32530.527067124498
3009905,32530.527067124498
3011687,32530.527067124498
3013469,32530.527067124498
3015251,32530.527067124498
3017033,32530.527067124498
3018815,32530.527067124498
3020597,32530.527067124498
3022379,32530.527067124498
3024161,32530.527067124498
3025943,32530.527067124498
3027725,32530.527067124498
3000996,28191.69775395516
3002778,28191.69775395516
3004560,28191.69775395516
3006342,28191.69775395516
3008124,28191.69775395516
3009906,28191.69775395516
3011688,28191.69775395516
3013470,28191.69775395516
3015252,28191.69775395516
3017034,28191.69775395516
3018816,28191.69775395516
3020598,28191.69775395516
3022380,28191.69775395516
3024162,28191.69775395516
3025944,28191.69775395516
3027726,28191.69775395516
3000997,28191.69775395516
3002779,28191.69775395516
3004561,28191.69775395516
3006343,28191.69775395516
3008125,28191.69775395516
3009907,28191.69775395516
3011689,28191.69775395516
3013471,28191.69775395516
3015253,28191.69775395516
3017035,28191.69775395516
3018817,28191.69775395516
3020599,28191.69775395516
3022381,28191.69775395516
3024163,28191.69775395516
3025945,28191.69775395516
3027727,28191.69775395516
3000998,25447.284195908585
3002780,25447.284195908585
3004562,25447.284195908585
3006344,25447.284195908585
3008126,25447.284195908585
3009908,25447.284195908585
3011690,25447.284195908585
3013472,25447.284195908585
3015254,25447.284195908585
3017036,25447.284195908585
3018818,25447.284195908585
3020600,25447.284195908585
3022382,25447.284195908585
3024164,25447.284195908585
3025946,25447.284195908585
3027728,25447.284195908585
3000999,4.041054834009305e+87
3002781,4.041054834009305e+87
3004563,4.041054834009305e+87
3006345,6.42029037014039e+90
3008127,6.42029037014039e+90
3009909,4.041054834009305e+87
3011691,4.041054834009305e+87
3013473,4.041054834009305e+87
3015255,4.041054834009305e+87
3017037,4.041054834009305e+87
3018819,6.42029037014039e+90
3020601,6.42029037014039e+90
3022383,4.041054834009305e+87
3024165,4.041054834009305e+87
3025947,4.041054834009305e+87
3027729,4.041054834009305e+87
3001000,2393.167788136322
3002782,2393.167788136322
3004564,2393.167788136322
3006346,2393.167788136322
3008128,2393.167788136322
3009910,2393.167788136322
3011692,2393.167788136322
3013474,2393.167788136322
3015256,2393.167788136322
3017038,2393.167788136322
3018820,2393.167788136322
3020602,2393.167788136322
3022384,2393.167788136322
3024166,2393.167788136322
3025948,2393.167788136322
3027730,2393.167788136322
3001001,2393.167788136322
3002783,2393.167788136322
3004565,2393.167788136322
3006347,2393.167788136322
3008129,2393.167788136322
3009911,2393.167788136322
3011693,2393.167788136322
3013475,2393.167788136322
3015257,2393.167788136322
3017039,2393.167788136322
3018821,2393.167788136322
3020603,2393.167788136322
3022385,2393.167788136322
3024167,2393.167788136322
3025949,2393.167788136322
3027731,2393.167788136322
3001002,2393.167788136322
3002784,2393.167788136322
3004566,2393.167788136322
3006348,2393.167788136322
3008130,2393.167788136322
3009912,2393.167788136322
3011694,2393.167788136322
3013476,2393.167788136322
3015258,2393.167788136322
3017040,2393.167788136322
3018822,2393.167788136322
3020604,2393.167788136322
3022386,2393.167788136322
3024168,2393.167788136322
3025950,2393.167788136322
3027732,2393.167788136322
3001003,2393.167788136322
3002785,2393.167788136322
3004567,2393.167788136322
3006349,2393.167788136322
3008131,2393.167788136322
3009913,2393.167788136322
3011695,2393.167788136322
3013477,2393.167788136322
3015259,2393.167788136322
3017041,2393.167788136322
3018823,2393.167788136322
3020605,2393.167788136322
3022387,2393.167788136322
3024169,2393.167788136322
3025951,2393.167788136322
3027733,2393.167788136322
3001004,2393.167788136322
3002786,2393.167788136322
3004568,2393.167788136322
3006350,2393.167788136322
3008132,2393.167788136322
3009914,2393.167788136322
3011696,2393.167788136322
3013478,2393.167788136322
3015260,2393.167788136322
3017042,2393.167788136322
3018824,2393.167788136322
3020606,2393.167788136322
3022388,2393.167788136322
3024170,2393.167788136322
3025952,2393.167788136322
3027734,2393.167788136322
3001005,2393.167788136322
3002787,2393.167788136322
3004569,2393.167788136322
3006351,2393.167788136322
3008133,2393.167788136322
3009915,2393.167788136322
3011697,2393.167788136322
3013479,2393.167788136322
3015261,2393.167788136322
3017043,2393.167788136322
3018825,2393.167788136322
3020607,2393.167788136322
3022389,2393.167788136322
3024171,2393.167788136322
3025953,2393.167788136322
3027735,2393.167788136322
3001006,2393.167788136322
3002788,2393.167788136322
3004570,2393.167788136322
3006352,2393.167788136322
3008134,2393.167788136322
3009916,2393.167788136322
3011698,2393.167788136322
3013480,2393.167788136322
3015262,2393.167788136322
3017044,2393.167788136322
3018826,2393.167788136322
3020608,2393.167788136322
3022390,2393.167788136322
3024172,2393.167788136322
3025954,2393.167788136322
3027736,2393.167788136322
3001007,2393.167788136322
3002789,2393.167788136322
3004571,2393.167788136322
3006353,2393.167788136322
3008135,2393.167788136322
3009917,2393.167788136322
3011699,2393.167788136322
3013481,2393.167788136322
3015263,2393.167788136322
3017045,2393.167788136322
3018827,2393.167788136322
3020609,2393.167788136322
3022391,2393.167788136322
3024173,2393.167788136322
3025955,2393.167788136322
3027737,2393.167788136322
3001008,2393.167788136322
3002790,2393.167788136322
3004572,2393.167788136322
3006354,2393.167788136322
3008136,2393.167788136322
3009918,2393.167788136322
3011700,2393.167788136322
3013482,2393.167788136322
3015264,2393.167788136322
3017046,2393.167788136322
3018828,2393.167788136322
3020610,2393.167788136322
3022392,2393.167788136322
3024174,2393.167788136322
3025956,2393.167788136322
3027738,2393.167788136322
3001009,13755.84775951168
3002791,13755.84775951168
3004573,13755.84775951168
3006355,13755.84775951168
3008137,13755.84775951168
3009919,13755.84775951168
3011701,13755.84775951168
3013483,13755.84775951168
3015265,13755.84775951168
3017047,13755.84775951168
3018829,13755.84775951168
3020611,13755.84775951168
3022393,13755.84775951168
3024175,13755.84775951168
3025957,13755.84775951168
3027739,13755.84775951168
3001010,2393.167788136322
3002792,2393.167788136322
3004574,2393.167788136322
3006356,2393.167788136322
3008138,2393.167788136322
3009920,2393.167788136322
3011702,2393.167788136322
3013484,2393.167788136322
3015266,2393.167788136322
3017048,2393.167788136322
3018830,2393.167788136322
3020612,2393.167788136322
3022394,2393.167788136322
3024176,2393.167788136322
3025958,2393.167788136322
3027740,2393.167788136322
3001011,29379.993670687425
3002793,29379.993670687425
3004575,29379.993670687425
3006357,29379.993670687425
3008139,29379.993670687425
3009921,29379.993670687425
3011703,29379.993670687425
3013485,29379.993670687425
3015267,29379.993670687425
3017049,29379.993670687425
3018831,29379.993670687425
3020613,29379.993670687425
3022395,29379.993670687425
3024177,29379.993670687425
3025959,29379.993670687425
3027741,29379.993670687425
3001012,28191.69775395516
3002794,28191.69775395516
3004576,28191.69775395516
3006358,28191.69775395516
3008140,28191.69775395516
3009922,28191.69775395516
3011704,28191.69775395516
3013486,28191.69775395516
3015268,28191.69775395516
3017050,28191.69775395516
3018832,28191.69775395516
3020614,28191.69775395516
3022396,28191.69775395516
3024178,28191.69775395516
3025960,28191.69775395516
3027742,28191.69775395516
3001013,2393.167788136322
3002795,2393.167788136322
3004577,2393.167788136322
3006359,2393.167788136322
3008141,2393.167788136322
3009923,2393.167788136322
3011705,2393.167788136322
3013487,2393.167788136322
3015269,2393.167788136322
3017051,2393.167788136322
3018833,2393.167788136322
3020615,2393.167788136322
3022397,2393.167788136322
3024179,2393.167788136322
3025961,2393.167788136322
3027743,2393.167788136322
3001014,2393.167788136322
3002796,2393.167788136322
3004578,2393.167788136322
3006360,2393.167788136322
3008142,2393.167788136322
3009924,2393.167788136322
3011706,2393.167788136322
3013488,2393.167788136322
3015270,2393.167788136322
3017052,2393.167788136322
3018834,2393.167788136322
3020616,2393.167788136322
3022398,2393.167788136322
3024180,2393.167788136322
3025962,2393.167788136322
3027744,2393.167788136322
3001015,29379.993670687425
3002797,29379.993670687425
3004579,29379.993670687425
3006361,29379.993670687425
3008143,29379.993670687425
3009925,29379.993670687425
3011707,29379.993670687425
3013489,29379.993670687425
3015271,29379.993670687425
3017053,29379.993670687425
3018835,29379.993670687425
3020617,29379.993670687425
3022399,29379.993670687425
3024181,29379.993670687425
3025963,29379.993670687425
3027745,29379.993670687425
3001016,18867.114598218865
3002798,18867.114598218865
3004580,18867.114598218865
3006362,18867.114598218865
3008144,18867.114598218865
3009926,18867.114598218865
3011708,18867.114598218865
3013490,18867.114598218865
3015272,18867.114598218865
3017054,18867.114598218865
3018836,18867.114598218865
3020618,18867.114598218865
3022400,18867.114598218865
3024182,18867.114598218865
3025964,18867.114598218865
3027746,18867.114598218865
3001017,32530.527067124498
3002799,32530.527067124498
3004581,32530.527067124498
3006363,32530.527067124498
3008145,32530.527067124498
3009927,32530.527067124498
3011709,32530.527067124498
3013491,32530.527067124498
3015273,32530.527067124498
3017055,32530.527067124498
3018837,32530.527067124498
3020619,32530.527067124498
3022401,32530.527067124498
3024183,32530.527067124498
3025965,32530.527067124498
3027747,32530.527067124498
3001018,2393.167788136322
3002800,2393.167788136322
3004582,2393.167788136322
3006364,2393.167788136322
3008146,2393.167788136322
3009928,2393.167788136322
3011710,2393.167788136322
3013492,2393.167788136322
3015274,2393.167788136322
3017056,2393.167788136322
3018838,2393.167788136322
3020620,2393.167788136322
3022402,2393.167788136322
3024184,2393.167788136322
3025966,2393.167788136322
3027748,2393.167788136322
3001019,2393.167788136322
3002801,2393.167788136322
3004583,2393.167788136322
3006365,2393.167788136322
3008147,2393.167788136322
3009929,2393.167788136322
3011711,2393.167788136322
3013493,2393.167788136322
3015275,2393.167788136322
3017057,2393.167788136322
3018839,2393.167788136322
3020621,2393.167788136322
3022403,2393.167788136322
3024185,2393.167788136322
3025967,2393.167788136322
3027749,2393.167788136322
3001020,2393.167788136322
3002802,2393.167788136322
3004584,2393.167788136322
3006366,2393.167788136322
3008148,2393.167788136322
3009930,2393.167788136322
3011712,2393.167788136322
3013494,2393.167788136322
3015276,2393.167788136322
3017058,2393.167788136322
3018840,2393.167788136322
3020622,2393.167788136322
3022404,2393.167788136322
3024186,2393.167788136322
3025968,2393.167788136322
3027750,2393.167788136322
3001021,2393.167788136322
3002803,2393.167788136322
3004585,2393.167788136322
3006367,2393.167788136322
3008149,2393.167788136322
3009931,2393.167788136322
3011713,2393.167788136322
3013495,2393.167788136322
3015277,2393.167788136322
3017059,2393.167788136322
3018841,2393.167788136322
3020623,2393.167788136322
3022405,2393.167788136322
3024187,2393.167788136322
3025969,2393.167788136322
3027751,2393.167788136322
3001022,2393.167788136322
3002804,2393.167788136322
3004586,2393.167788136322
3006368,2393.167788136322
3008150,2393.167788136322
3009932,2393.167788136322
3011714,2393.167788136322
3013496,2393.167788136322
3015278,2393.167788136322
3017060,2393.167788136322
3018842,2393.167788136322
3020624,2393.167788136322
3022406,2393.167788136322
3024188,2393.167788136322
3025970,2393.167788136322
3027752,2393.167788136322
3001023,3.007842063574425e+108
3002805,3.007842063574425e+108
3004587,3.007842063574425e+108
3006369,3.007842063574425e+108
3008151,3.007842063574425e+108
3009933,3.007842063574425e+108
3011715,3.007842063574425e+108
3013497,3.007842063574425e+108
3015279,3.007842063574425e+108
3017061,3.007842063574425e+108
3018843,3.007842063574425e+108
3020625,3.007842063574425e+108
3022407,3.007842063574425e+108
3024189,3.007842063574425e+108
3025971,3.007842063574425e+108
3027753,3.007842063574425e+108
3001024,2393.167788136322
3002806,2393.167788136322
3004588,2393.167788136322
3006370,2393.167788136322
3008152,2393.167788136322
3009934,2393.167788136322
3011716,2393.167788136322
3013498,2393.167788136322
3015280,2393.167788136322
3017062,2393.167788136322
3018844,2393.167788136322
3020626,2393.167788136322
3022408,2393.167788136322
3024190,2393.167788136322
3025972,2393.167788136322
3027754,2393.167788136322
3001025,29379.993670687425
3002807,29379.993670687425
3004589,29379.993670687425
3006371,29379.993670687425
3008153,29379.993670687425
3009935,29379.993670687425
3011717,29379.993670687425
3013499,29379.993670687425
3015281,29379.993670687425
3017063,29379.993670687425
3018845,29379.993670687425
3020627,29379.993670687425
3022409,29379.993670687425
3024191,29379.993670687425
3025973,29379.993670687425
3027755,29379.993670687425
3001026,2393.167788136322
3002808,2393.167788136322
3004590,2393.167788136322
3006372,2393.167788136322
3008154,2393.167788136322
3009936,2393.167788136322
3011718,2393.167788136322
3013500,2393.167788136322
3015282,2393.167788136322
3017064,2393.167788136322
3018846,2393.167788136322
3020628,2393.167788136322
3022410,2393.167788136322
3024192,2393.167788136322
3025974,2393.167788136322
3027756,2393.167788136322
3001027,1.4890016199601365e+39
3002809,1.4890016199601365e+39
3004591,1.4890016199601365e+39
3006373,1.4890016199601365e+39
3008155,1.4890016199601365e+39
3009937,1.4890016199601365e+39
3011719,1.4890016199601365e+39
3013501,1.4890016199601365e+39
3015283,1.4890016199601365e+39
3017065,1.4890016199601365e+39
3018847,1.4890016199601365e+39
3020629,1.4890016199601365e+39
3022411,1.4890016199601365e+39
3024193,1.4890016199601365e+39
3025975,1.4890016199601365e+39
3027757,1.4890016199601365e+39
3001028,32530.527067124498
3002810,32530.527067124498
3004592,32530.527067124498
3006374,32530.527067124498
3008156,32530.527067124498
3009938,32530.527067124498
3011720,32530.527067124498
3013502,32530.527067124498
3015284,32530.527067124498
3017066,32530.527067124498
3018848,32530.527067124498
3020630,32530.527067124498
3022412,32530.527067124498
3024194,32530.527067124498
3025976,32530.527067124498
3027758,32530.527067124498
3001029,28191.69775395516
3002811,28191.69775395516
3004593,28191.69775395516
3006375,28191.69775395516
3008157,28191.69775395516
3009939,28191.69775395516
3011721,28191.69775395516
3013503,28191.69775395516
3015285,28191.69775395516
3017067,28191.69775395516
3018849,28191.69775395516
3020631,28191.69775395516
3022413,28191.69775395516
3024195,28191.69775395516
3025977,28191.69775395516
3027759,28191.69775395516
3001030,28191.69775395516
3002812,28191.69775395516
3004594,28191.69775395516
3006376,28191.69775395516
3008158,28191.69775395516
3009940,28191.69775395516
3011722,28191.69775395516
3013504,28191.69775395516
3015286,28191.69775395516
3017068,28191.69775395516
3018850,28191.69775395516
3020632,28191.69775395516
3022414,28191.69775395516
3024196,28191.69775395516
3025978,28191.69775395516
3027760,28191.69775395516
3001031,25447.284195908585
3002813,25447.284195908585
3004595,25447.284195908585
3006377,25447.284195908585
3008159,25447.284195908585
3009941,25447.284195908585
3011723,25447.284195908585
3013505,25447.284195908585
3015287,25447.284195908585
3017069,25447.284195908585
3018851,25447.284195908585
3020633,25447.284195908585
3022415,25447.284195908585
3024197,25447.284195908585
3025979,25447.284195908585
3027761,25447.284195908585
3001032,4.041054834009305e+87
3002814,4.041054834009305e+87
3004596,4.041054834009305e+87
3006378,6.42029037014039e+90
3008160,6.42029037014039e+90
3009942,4.041054834009305e+87
3011724,4.041054834009305e+87
3013506,4.041054834009305e+87
3015288,4.041054834009305e+87
3017070,4.041054834009305e+87
3018852,6.42029037014039e+90
3020634,6.42029037014039e+90
3022416,4.041054834009305e+87
3024198,4.041054834009305e+87
3025980,4.041054834009305e+87
3027762,4.041054834009305e+87
3001033,2393.167788136322
3002815,2393.167788136322
3004597,2393.167788136322
3006379,2393.167788136322
3008161,2393.167788136322
3009943,2393.167788136322
3011725,2393.167788136322
3013507,2393.167788136322
3015289,2393.167788136322
3017071,2393.167788136322
3018853,2393.167788136322
3020635,2393.167788136322
3022417,2393.167788136322
3024199,2393.167788136322
3025981,2393.167788136322
3027763,2393.167788136322
3001034,2393.167788136322
3002816,2393.167788136322
3004598,2393.167788136322
3006380,2393.167788136322
3008162,2393.167788136322
3009944,2393.167788136322
3011726,2393.167788136322
3013508,2393.167788136322
3015290,2393.167788136322
3017072,2393.167788136322
3018854,2393.167788136322
3020636,2393.167788136322
3022418,2393.167788136322
3024200,2393.167788136322
3025982,2393.167788136322
3027764,2393.167788136322
3001035,2393.167788136322
3002817,2393.167788136322
3004599,2393.167788136322
3006381,2393.167788136322
3008163,2393.167788136322
3009945,2393.167788136322
3011727,2393.167788136322
3013509,2393.167788136322
3015291,2393.167788136322
3017073,2393.167788136322
3018855,2393.167788136322
3020637,2393.167788136322
3022419,2393.167788136322
3024201,2393.167788136322
3025983,2393.167788136322
3027765,2393.167788136322
3001036,2393.167788136322
3002818,2393.167788136322
3004600,2393.167788136322
3006382,2393.167788136322
3008164,2393.167788136322
3009946,2393.167788136322
3011728,2393.167788136322
3013510,2393.167788136322
3015292,2393.167788136322
3017074,2393.167788136322
3018856,2393.167788136322
3020638,2393.167788136322
3022420,2393.167788136322
3024202,2393.167788136322
3025984,2393.167788136322
3027766,2393.167788136322
3001037,2393.167788136322
3002819,2393.167788136322
3004601,2393.167788136322
3006383,2393.167788136322
3008165,2393.167788136322
3009947,2393.167788136322
3011729,2393.167788136322
3013511,2393.167788136322
3015293,2393.167788136322
3017075,2393.167788136322
3018857,2393.167788136322
3020639,2393.167788136322
3022421,2393.167788136322
3024203,2393.167788136322
3025985,2393.167788136322
3027767,2393.167788136322
3001038,2393.167788136322
3002820,2393.167788136322
3004602,2393.167788136322
3006384,2393.167788136322
3008166,2393.167788136322
3009948,2393.167788136322
3011730,2393.167788136322
3013512,2393.167788136322
3015294,2393.167788136322
3017076,2393.167788136322
3018858,2393.167788136322
3020640,2393.167788136322
3022422,2393.167788136322
3024204,2393.167788136322
3025986,2393.167788136322
3027768,2393.167788136322
3001039,2393.167788136322
3002821,2393.167788136322
3004603,2393.167788136322
3006385,2393.167788136322
3008167,2393.167788136322
3009949,2393.167788136322
3011731,2393.167788136322
3013513,2393.167788136322
3015295,2393.167788136322
3017077,2393.167788136322
3018859,2393.167788136322
3020641,2393.167788136322
3022423,2393.167788136322
3024205,2393.167788136322
3025987,2393.167788136322
3027769,2393.167788136322
3001040,2393.167788136322
3002822,2393.167788136322
3004604,2393.167788136322
3006386,2393.167788136322
3008168,2393.167788136322
3009950,2393.167788136322
3011732,2393.167788136322
3013514,2393.167788136322
3015296,2393.167788136322
3017078,2393.167788136322
3018860,2393.167788136322
3020642,2393.167788136322
3022424,2393.167788136322
3024206,2393.167788136322
3025988,2393.167788136322
3027770,2393.167788136322
3001041,2393.167788136322
3002823,2393.167788136322
3004605,2393.167788136322
3006387,2393.167788136322
3008169,2393.167788136322
3009951,2393.167788136322
3011733,2393.167788136322
3013515,2393.167788136322
3015297,2393.167788136322
3017079,2393.167788136322
3018861,2393.167788136322
3020643,2393.167788136322
3022425,2393.167788136322
3024207,2393.167788136322
3025989,2393.167788136322
3027771,2393.167788136322
3001042,13755.84775951168
3002824,13755.84775951168
3004606,13755.84775951168
3006388,13755.84775951168
3008170,13755.84775951168
3009952,13755.84775951168
3011734,13755.84775951168
3013516,13755.84775951168
3015298,13755.84775951168
3017080,13755.84775951168
3018862,13755.84775951168
3020644,13755.84775951168
3022426,13755.84775951168
3024208,13755.84775951168
3025990,13755.84775951168
3027772,13755.84775951168
3001043,2393.167788136322
3002825,2393.167788136322
3004607,2393.167788136322
3006389,2393.167788136322
3008171,2393.167788136322
3009953,2393.167788136322
3011735,2393.167788136322
3013517,2393.167788136322
3015299,2393.167788136322
3017081,2393.167788136322
3018863,2393.167788136322
3020645,2393.167788136322
3022427,2393.167788136322
3024209,2393.167788136322
3025991,2393.167788136322
3027773,2393.167788136322
3001044,29379.993670687425
3002826,29379.993670687425
3004608,29379.993670687425
3006390,29379.993670687425
3008172,29379.993670687425
3009954,29379.993670687425
3011736,29379.993670687425
3013518,29379.993670687425
3015300,29379.993670687425
3017082,29379.993670687425
3018864,29379.993670687425
3020646,29379.993670687425
3022428,29379.993670687425
3024210,29379.993670687425
3025992,29379.993670687425
3027774,29379.993670687425
3001045,28191.69775395516
3002827,28191.69775395516
3004609,28191.69775395516
3006391,28191.69775395516
3008173,28191.69775395516
3009955,28191.69775395516
3011737,28191.69775395516
3013519,28191.69775395516
3015301,28191.69775395516
3017083,28191.69775395516
3018865,28191.69775395516
3020647,28191.69775395516
3022429,28191.69775395516
3024211,28191.69775395516
3025993,28191.69775395516
3027775,28191.69775395516
3001046,2393.167788136322
3002828,2393.167788136322
3004610,2393.167788136322
3006392,2393.167788136322
3008174,2393.167788136322
3009956,2393.167788136322
3011738,2393.167788136322
3013520,2393.167788136322
3015302,2393.167788136322
3017084,2393.167788136322
3018866,2393.167788136322
3020648,2393.167788136322
3022430,2393.167788136322
3024212,2393.167788136322
3025994,2393.167788136322
3027776,2393.167788136322
3001047,2393.167788136322
3002829,2393.167788136322
3004611,2393.167788136322
3006393,2393.167788136322
3008175,2393.167788136322
3009957,2393.167788136322
3011739,2393.167788136322
3013521,2393.167788136322
3015303,2393.167788136322
3017085,2393.167788136322
3018867,2393.167788136322
3020649,2393.167788136322
3022431,2393.167788136322
3024213,2393.167788136322
3025995,2393.167788136322
3027777,2393.167788136322
3001048,29379.993670687425
3002830,29379.993670687425
3004612,29379.993670687425
3006394,29379.993670687425
3008176,29379.993670687425
3009958,29379.993670687425
3011740,29379.993670687425
3013522,29379.993670687425
3015304,29379.993670687425
3017086,29379.993670687425
3018868,29379.993670687425
3020650,29379.993670687425
3022432,29379.993670687425
3024214,29379.993670687425
3025996,29379.993670687425
3027778,29379.993670687425
3001049,18867.114598218865
3002831,18867.114598218865
3004613,18867.114598218865
3006395,18867.114598218865
3008177,18867.114598218865
3009959,18867.114598218865
3011741,18867.114598218865
3013523,18867.114598218865
3015305,18867.114598218865
3017087,18867.114598218865
3018869,18867.114598218865
3020651,18867.114598218865
3022433,18867.114598218865
3024215,18867.114598218865
3025997,18867.114598218865
3027779,18867.114598218865
3001050,32530.527067124498
3002832,32530.527067124498
3004614,32530.527067124498
3006396,32530.527067124498
3008178,32530.527067124498
3009960,32530.527067124498
3011742,32530.527067124498
3013524,32530.527067124498
3015306,32530.527067124498
3017088,32530.527067124498
3018870,32530.527067124498
3020652,32530.527067124498
3022434,32530.527067124498
3024216,32530.527067124498
3025998,32530.527067124498
3027780,32530.527067124498
3001051,2393.167788136322
3002833,2393.167788136322
3004615,2393.167788136322
3006397,2393.167788136322
3008179,2393.167788136322
3009961,2393.167788136322
3011743,2393.167788136322
3013525,2393.167788136322
3015307,2393.167788136322
3017089,2393.167788136322
3018871,2393.167788136322
3020653,2393.167788136322
3022435,2393.167788136322
3024217,2393.167788136322
3025999,2393.167788136322
3027781,2393.167788136322
3001052,2393.167788136322
3002834,2393.167788136322
3004616,2393.167788136322
3006398,2393.167788136322
3008180,2393.167788136322
3009962,2393.167788136322
3011744,2393.167788136322
3013526,2393.167788136322
3015308,2393.167788136322
3017090,2393.167788136322
3018872,2393.167788136322
3020654,2393.167788136322
3022436,2393.167788136322
3024218,2393.167788136322
3026000,2393.167788136322
3027782,2393.167788136322
3001053,2393.167788136322
3002835,2393.167788136322
3004617,2393.167788136322
3006399,2393.167788136322
3008181,2393.167788136322
3009963,2393.167788136322
3011745,2393.167788136322
3013527,2393.167788136322
3015309,2393.167788136322
3017091,2393.167788136322
3018873,2393.167788136322
3020655,2393.167788136322
3022437,2393.167788136322
3024219,2393.167788136322
3026001,2393.167788136322
3027783,2393.167788136322
3001054,2393.167788136322
3002836,2393.167788136322
3004618,2393.167788136322
3006400,2393.167788136322
3008182,2393.167788136322
3009964,2393.167788136322
3011746,2393.167788136322
3013528,2393.167788136322
3015310,2393.167788136322
3017092,2393.167788136322
3018874,2393.167788136322
3020656,2393.167788136322
3022438,2393.167788136322
3024220,2393.167788136322
3026002,2393.167788136322
3027784,2393.167788136322
3001055,2393.167788136322
3002837,2393.167788136322
3004619,2393.167788136322
3006401,2393.167788136322
3008183,2393.167788136322
3009965,2393.167788136322
3011747,2393.167788136322
3013529,2393.167788136322
3015311,2393.167788136322
3017093,2393.167788136322
3018875,2393.167788136322
3020657,2393.167788136322
3022439,2393.167788136322
3024221,2393.167788136322
3026003,2393.167788136322
3027785,2393.167788136322
3001056,3.007842063574425e+108
3002838,3.007842063574425e+108
3004620,3.007842063574425e+108
3006402,3.007842063574425e+108
3008184,3.007842063574425e+108
3009966,3.007842063574425e+108
3011748,3.007842063574425e+108
3013530,3.007842063574425e+108
3015312,3.007842063574425e+108
3017094,3.007842063574425e+108
3018876,3.007842063574425e+108
3020658,3.007842063574425e+108
3022440,3.007842063574425e+108
3024222,3.007842063574425e+108
3026004,3.007842063574425e+108
3027786,3.007842063574425e+108
3001057,2393.167788136322
3002839,2393.167788136322
3004621,2393.167788136322
3006403,2393.167788136322
3008185,2393.167788136322
3009967,2393.167788136322
3011749,2393.167788136322
3013531,2393.167788136322
3015313,2393.167788136322
3017095,2393.167788136322
3018877,2393.167788136322
3020659,2393.167788136322
3022441,2393.167788136322
3024223,2393.167788136322
3026005,2393.167788136322
3027787,2393.167788136322
3001058,29379.993670687425
3002840,29379.993670687425
3004622,29379.993670687425
3006404,29379.993670687425
3008186,29379.993670687425
3009968,29379.993670687425
3011750,29379.993670687425
3013532,29379.993670687425
3015314,29379.993670687425
3017096,29379.993670687425
3018878,29379.993670687425
3020660,29379.993670687425
3022442,29379.993670687425
3024224,29379.993670687425
3026006,29379.993670687425
3027788,29379.993670687425
3001059,2393.167788136322
3002841,2393.167788136322
3004623,2393.167788136322
3006405,2393.167788136322
3008187,2393.167788136322
3009969,2393.167788136322
3011751,2393.167788136322
3013533,2393.167788136322
3015315,2393.167788136322
3017097,2393.167788136322
3018879,2393.167788136322
3020661,2393.167788136322
3022443,2393.167788136322
3024225,2393.167788136322
3026007,2393.167788136322
3027789,2393.167788136322
3001060,1.4890016199601365e+39
3002842,1.4890016199601365e+39
3004624,1.4890016199601365e+39
3006406,1.4890016199601365e+39
3008188,1.4890016199601365e+39
3009970,1.4890016199601365e+39
3011752,1.4890016199601365e+39
3013534,1.4890016199601365e+39
3015316,1.4890016199601365e+39
3017098,1.4890016199601365e+39
3018880,1.4890016199601365e+39
3020662,1.4890016199601365e+39
3022444,1.4890016199601365e+39
3024226,1.4890016199601365e+39
3026008,1.4890016199601365e+39
3027790,1.4890016199601365e+39
3001061,32530.527067124498
3002843,32530.527067124498
3004625,32530.527067124498
3006407,32530.527067124498
3008189,32530.527067124498
3009971,32530.527067124498
3011753,32530.527067124498
3013535,32530.527067124498
3015317,32530.527067124498
3017099,32530.527067124498
3018881,32530.527067124498
3020663,32530.527067124498
3022445,32530.527067124498
3024227,32530.527067124498
3026009,32530.527067124498
3027791,32530.527067124498
3001062,28191.69775395516
3002844,28191.69775395516
3004626,28191.69775395516
3006408,28191.69775395516
3008190,28191.69775395516
3009972,28191.69775395516
3011754,28191.69775395516
3013536,28191.69775395516
3015318,28191.69775395516
3017100,28191.69775395516
3018882,28191.69775395516
3020664,28191.69775395516
3022446,28191.69775395516
3024228,28191.69775395516
3026010,28191.69775395516
3027792,28191.69775395516
3001063,28191.69775395516
3002845,28191.69775395516
3004627,28191.69775395516
3006409,28191.69775395516
3008191,28191.69775395516
3009973,28191.69775395516
3011755,28191.69775395516
3013537,28191.69775395516
3015319,28191.69775395516
3017101,28191.69775395516
3018883,28191.69775395516
3020665,28191.69775395516
3022447,28191.69775395516
3024229,28191.69775395516
3026011,28191.69775395516
3027793,28191.69775395516
3001064,25447.284195908585
3002846,25447.284195908585
3004628,25447.284195908585
3006410,25447.284195908585
3008192,25447.284195908585
3009974,25447.284195908585
3011756,25447.284195908585
3013538,25447.284195908585
3015320,25447.284195908585
3017102,25447.284195908585
3018884,25447.284195908585
3020666,25447.284195908585
3022448,25447.284195908585
3024230,25447.284195908585
3026012,25447.284195908585
3027794,25447.284195908585
3001065,4.041054834009305e+87
3002847,4.041054834009305e+87
3004629,4.041054834009305e+87
3006411,6.42029037014039e+90
3008193,6.42029037014039e+90
3009975,4.041054834009305e+87
3011757,4.041054834009305e+87
3013539,4.041054834009305e+87
3015321,4.041054834009305e+87
3017103,4.041054834009305e+87
3018885,6.42029037014039e+90
3020667,6.42029037014039e+90
3022449,4.041054834009305e+87
3024231,4.041054834009305e+87
3026013,4.041054834009305e+87
3027795,4.041054834009305e+87
3001066,2393.167788136322
3002848,2393.167788136322
3004630,2393.167788136322
3006412,2393.167788136322
3008194,2393.167788136322
3009976,2393.167788136322
3011758,2393.167788136322
3013540,2393.167788136322
3015322,2393.167788136322
3017104,2393.167788136322
3018886,2393.167788136322
3020668,2393.167788136322
3022450,2393.167788136322
3024232,2393.167788136322
3026014,2393.167788136322
3027796,2393.167788136322
3001067,2393.167788136322
3002849,2393.167788136322
3004631,2393.167788136322
3006413,2393.167788136322
3008195,2393.167788136322
3009977,2393.167788136322
3011759,2393.167788136322
3013541,2393.167788136322
3015323,2393.167788136322
3017105,2393.167788136322
3018887,2393.167788136322
3020669,2393.167788136322
3022451,2393.167788136322
3024233,2393.167788136322
3026015,2393.167788136322
3027797,2393.167788136322
3001068,2393.167788136322
3002850,2393.167788136322
3004632,2393.167788136322
3006414,2393.167788136322
3008196,2393.167788136322
3009978,2393.167788136322
3011760,2393.167788136322
3013542,2393.167788136322
3015324,2393.167788136322
3017106,2393.167788136322
3018888,2393.167788136322
3020670,2393.167788136322
3022452,2393.167788136322
3024234,2393.167788136322
3026016,2393.167788136322
3027798,2393.167788136322
3001069,2393.167788136322
3002851,2393.167788136322
3004633,2393.167788136322
3006415,2393.167788136322
3008197,2393.167788136322
3009979,2393.167788136322
3011761,2393.167788136322
3013543,2393.167788136322
3015325,2393.167788136322
3017107,2393.167788136322
3018889,2393.167788136322
3020671,2393.167788136322
3022453,2393.167788136322
3024235,2393.167788136322
3026017,2393.167788136322
3027799,2393.167788136322
3001070,2393.167788136322
3002852,2393.167788136322
3004634,2393.167788136322
3006416,2393.167788136322
3008198,2393.167788136322
3009980,2393.167788136322
3011762,2393.167788136322
3013544,2393.167788136322
3015326,2393.167788136322
3017108,2393.167788136322
3018890,2393.167788136322
3020672,2393.167788136322
3022454,2393.167788136322
3024236,2393.167788136322
3026018,2393.167788136322
3027800,2393.167788136322
3001071,2393.167788136322
3002853,2393.167788136322
3004635,2393.167788136322
3006417,2393.167788136322
3008199,2393.167788136322
3009981,2393.167788136322
3011763,2393.167788136322
3013545,2393.167788136322
3015327,2393.167788136322
3017109,2393.167788136322
3018891,2393.167788136322
3020673,2393.167788136322
3022455,2393.167788136322
3024237,2393.167788136322
3026019,2393.167788136322
3027801,2393.167788136322
3001072,2393.167788136322
3002854,2393.167788136322
3004636,2393.167788136322
3006418,2393.167788136322
3008200,2393.167788136322
3009982,2393.167788136322
3011764,2393.167788136322
3013546,2393.167788136322
3015328,2393.167788136322
3017110,2393.167788136322
3018892,2393.167788136322
3020674,2393.167788136322
3022456,2393.167788136322
3024238,2393.167788136322
3026020,2393.167788136322
3027802,2393.167788136322
3001073,2393.167788136322
3002855,2393.167788136322
3004637,2393.167788136322
3006419,2393.167788136322
3008201,2393.167788136322
3009983,2393.167788136322
3011765,2393.167788136322
3013547,2393.167788136322
3015329,2393.167788136322
3017111,2393.167788136322
3018893,2393.167788136322
3020675,2393.167788136322
3022457,2393.167788136322
3024239,2393.167788136322
3026021,2393.167788136322
3027803,2393.167788136322
3001074,2393.167788136322
3002856,2393.167788136322
3004638,2393.167788136322
3006420,2393.167788136322
3008202,2393.167788136322
3009984,2393.167788136322
3011766,2393.167788136322
3013548,2393.167788136322
3015330,2393.167788136322
3017112,2393.167788136322
3018894,2393.167788136322
3020676,2393.167788136322
3022458,2393.167788136322
3024240,2393.167788136322
3026022,2393.167788136322
3027804,2393.167788136322
3001075,13755.84775951168
3002857,13755.84775951168
3004639,13755.84775951168
3006421,13755.84775951168
3008203,13755.84775951168
3009985,13755.84775951168
3011767,13755.84775951168
3013549,13755.84775951168
3015331,13755.84775951168
3017113,13755.84775951168
3018895,13755.84775951168
3020677,13755.84775951168
3022459,13755.84775951168
3024241,13755.84775951168
3026023,13755.84775951168
3027805,13755.84775951168
3001076,2393.167788136322
3002858,2393.167788136322
3004640,2393.167788136322
3006422,2393.167788136322
3008204,2393.167788136322
3009986,2393.167788136322
3011768,2393.167788136322
3013550,2393.167788136322
3015332,2393.167788136322
3017114,2393.167788136322
3018896,2393.167788136322
3020678,2393.167788136322
3022460,2393.167788136322
3024242,2393.167788136322
3026024,2393.167788136322
3027806,2393.167788136322
3001077,29379.993670687425
3002859,29379.993670687425
3004641,29379.993670687425
3006423,29379.993670687425
3008205,29379.993670687425
3009987,29379.993670687425
3011769,29379.993670687425
3013551,29379.993670687425
3015333,29379.993670687425
3017115,29379.993670687425
3018897,29379.993670687425
3020679,29379.993670687425
3022461,29379.993670687425
3024243,29379.993670687425
3026025,29379.993670687425
3027807,29379.993670687425
3001078,28191.69775395516
3002860,28191.69775395516
3004642,28191.69775395516
3006424,28191.69775395516
3008206,28191.69775395516
3009988,28191.69775395516
3011770,28191.69775395516
3013552,28191.69775395516
3015334,28191.69775395516
3017116,28191.69775395516
3018898,28191.69775395516
3020680,28191.69775395516
3022462,28191.69775395516
3024244,28191.69775395516
3026026,28191.69775395516
3027808,28191.69775395516
3001079,2393.167788136322
3002861,2393.167788136322
3004643,2393.167788136322
3006425,2393.167788136322
3008207,2393.167788136322
3009989,2393.167788136322
3011771,2393.167788136322
3013553,2393.167788136322
3015335,2393.167788136322
3017117,2393.167788136322
3018899,2393.167788136322
3020681,2393.167788136322
3022463,2393.167788136322
3024245,2393.167788136322
3026027,2393.167788136322
3027809,2393.167788136322
3001080,2393.167788136322
3002862,2393.167788136322
3004644,2393.167788136322
3006426,2393.167788136322
3008208,2393.167788136322
3009990,2393.167788136322
3011772,2393.167788136322
3013554,2393.167788136322
3015336,2393.167788136322
3017118,2393.167788136322
3018900,2393.167788136322
3020682,2393.167788136322
3022464,2393.167788136322
3024246,2393.167788136322
3026028,2393.167788136322
3027810,2393.167788136322
3001081,29379.993670687425
3002863,29379.993670687425
3004645,29379.993670687425
3006427,29379.993670687425
3008209,29379.993670687425
3009991,29379.993670687425
3011773,29379.993670687425
3013555,29379.993670687425
3015337,29379.993670687425
3017119,29379.993670687425
3018901,29379.993670687425
3020683,29379.993670687425
3022465,29379.993670687425
3024247,29379.993670687425
3026029,29379.993670687425
3027811,29379.993670687425
3001082,18867.114598218865
3002864,18867.114598218865
3004646,18867.114598218865
3006428,18867.114598218865
3008210,18867.114598218865
3009992,18867.114598218865
3011774,18867.114598218865
3013556,18867.114598218865
3015338,18867.114598218865
3017120,18867.114598218865
3018902,18867.114598218865
3020684,18867.114598218865
3022466,18867.114598218865
3024248,18867.114598218865
3026030,18867.114598218865
3027812,18867.114598218865
3001083,32530.527067124498
3002865,32530.527067124498
3004647,32530.527067124498
3006429,32530.527067124498
3008211,32530.527067124498
3009993,32530.527067124498
3011775,32530.527067124498
3013557,32530.527067124498
3015339,32530.527067124498
3017121,32530.527067124498
3018903,32530.527067124498
3020685,32530.527067124498
3022467,32530.527067124498
3024249,32530.527067124498
3026031,32530.527067124498
3027813,32530.527067124498
3001084,2393.167788136322
3002866,2393.167788136322
3004648,2393.167788136322
3006430,2393.167788136322
3008212,2393.167788136322
3009994,2393.167788136322
3011776,2393.167788136322
3013558,2393.167788136322
3015340,2393.167788136322
3017122,2393.167788136322
3018904,2393.167788136322
3020686,2393.167788136322
3022468,2393.167788136322
3024250,2393.167788136322
3026032,2393.167788136322
3027814,2393.167788136322
3001085,2393.167788136322
3002867,2393.167788136322
3004649,2393.167788136322
3006431,2393.167788136322
3008213,2393.167788136322
3009995,2393.167788136322
3011777,2393.167788136322
3013559,2393.167788136322
3015341,2393.167788136322
3017123,2393.167788136322
3018905,2393.167788136322
3020687,2393.167788136322
3022469,2393.167788136322
3024251,2393.167788136322
3026033,2393.167788136322
3027815,2393.167788136322
3001086,2393.167788136322
3002868,2393.167788136322
3004650,2393.167788136322
3006432,2393.167788136322
3008214,2393.167788136322
3009996,2393.167788136322
3011778,2393.167788136322
3013560,2393.167788136322
3015342,2393.167788136322
3017124,2393.167788136322
3018906,2393.167788136322
3020688,2393.167788136322
3022470,2393.167788136322
3024252,2393.167788136322
3026034,2393.167788136322
3027816,2393.167788136322
3001087,2393.167788136322
3002869,2393.167788136322
3004651,2393.167788136322
3006433,2393.167788136322
3008215,2393.167788136322
3009997,2393.167788136322
3011779,2393.167788136322
3013561,2393.167788136322
3015343,2393.167788136322
3017125,2393.167788136322
3018907,2393.167788136322
3020689,2393.167788136322
3022471,2393.167788136322
3024253,2393.167788136322
3026035,2393.167788136322
3027817,2393.167788136322
3001088,2393.167788136322
3002870,2393.167788136322
3004652,2393.167788136322
3006434,2393.167788136322
3008216,2393.167788136322
3009998,2393.167788136322
3011780,2393.167788136322
3013562,2393.167788136322
3015344,2393.167788136322
3017126,2393.167788136322
3018908,2393.167788136322
3020690,2393.167788136322
3022472,2393.167788136322
3024254,2393.167788136322
3026036,2393.167788136322
3027818,2393.167788136322
3001089,3.007842063574425e+108
3002871,3.007842063574425e+108
3004653,3.007842063574425e+108
3006435,3.007842063574425e+108
3008217,3.007842063574425e+108
3009999,3.007842063574425e+108
3011781,3.007842063574425e+108
3013563,3.007842063574425e+108
3015345,3.007842063574425e+108
3017127,3.007842063574425e+108
3018909,3.007842063574425e+108
3020691,3.007842063574425e+108
3022473,3.007842063574425e+108
3024255,3.007842063574425e+108
3026037,3.007842063574425e+108
3027819,3.007842063574425e+108
3001090,2393.167788136322
3002872,2393.167788136322
3004654,2393.167788136322
3006436,2393.167788136322
3008218,2393.167788136322
3010000,2393.167788136322
3011782,2393.167788136322
3013564,2393.167788136322
3015346,2393.167788136322
3017128,2393.167788136322
3018910,2393.167788136322
3020692,2393.167788136322
3022474,2393.167788136322
3024256,2393.167788136322
3026038,2393.167788136322
3027820,2393.167788136322
3001091,29379.993670687425
3002873,29379.993670687425
3004655,29379.993670687425
3006437,29379.993670687425
3008219,29379.993670687425
3010001,29379.993670687425
3011783,29379.993670687425
3013565,29379.993670687425
3015347,29379.993670687425
3017129,29379.993670687425
3018911,29379.993670687425
3020693,29379.993670687425
3022475,29379.993670687425
3024257,29379.993670687425
3026039,29379.993670687425
3027821,29379.993670687425
3001092,2393.167788136322
3002874,2393.167788136322
3004656,2393.167788136322
3006438,2393.167788136322
3008220,2393.167788136322
3010002,2393.167788136322
3011784,2393.167788136322
3013566,2393.167788136322
3015348,2393.167788136322
3017130,2393.167788136322
3018912,2393.167788136322
3020694,2393.167788136322
3022476,2393.167788136322
3024258,2393.167788136322
3026040,2393.167788136322
3027822,2393.167788136322
3001093,1.4890016199601365e+39
3002875,1.4890016199601365e+39
3004657,1.4890016199601365e+39
3006439,1.4890016199601365e+39
3008221,1.4890016199601365e+39
3010003,1.4890016199601365e+39
3011785,1.4890016199601365e+39
3013567,1.4890016199601365e+39
3015349,1.4890016199601365e+39
3017131,1.4890016199601365e+39
3018913,1.4890016199601365e+39
3020695,1.4890016199601365e+39
3022477,1.4890016199601365e+39
3024259,1.4890016199601365e+39
3026041,1.4890016199601365e+39
3027823,1.4890016199601365e+39
3001094,32530.527067124498
3002876,32530.527067124498
3004658,32530.527067124498
3006440,32530.527067124498
3008222,32530.527067124498
3010004,32530.527067124498
3011786,32530.527067124498
3013568,32530.527067124498
3015350,32530.527067124498
3017132,32530.527067124498
3018914,32530.527067124498
3020696,32530.527067124498
3022478,32530.527067124498
3024260,32530.527067124498
3026042,32530.527067124498
3027824,32530.527067124498
3001095,28191.69775395516
3002877,28191.69775395516
3004659,28191.69775395516
3006441,28191.69775395516
3008223,28191.69775395516
3010005,28191.69775395516
3011787,28191.69775395516
3013569,28191.69775395516
3015351,28191.69775395516
3017133,28191.69775395516
3018915,28191.69775395516
3020697,28191.69775395516
3022479,28191.69775395516
3024261,28191.69775395516
3026043,28191.69775395516
3027825,28191.69775395516
3001096,28191.69775395516
3002878,28191.69775395516
3004660,28191.69775395516
3006442,28191.69775395516
3008224,28191.69775395516
3010006,28191.69775395516
3011788,28191.69775395516
3013570,28191.69775395516
3015352,28191.69775395516
3017134,28191.69775395516
3018916,28191.69775395516
3020698,28191.69775395516
3022480,28191.69775395516
3024262,28191.69775395516
3026044,28191.69775395516
3027826,28191.69775395516
3001097,25447.284195908585
3002879,25447.284195908585
3004661,25447.284195908585
3006443,25447.284195908585
3008225,25447.284195908585
3010007,25447.284195908585
3011789,25447.284195908585
3013571,25447.284195908585
3015353,25447.284195908585
3017135,25447.284195908585
3018917,25447.284195908585
3020699,25447.284195908585
3022481,25447.284195908585
3024263,25447.284195908585
3026045,25447.284195908585
3027827,25447.284195908585
3001098,4.041054834009305e+87
3002880,4.041054834009305e+87
3004662,4.041054834009305e+87
3006444,6.42029037014039e+90
3008226,6.42029037014039e+90
3010008,4.041054834009305e+87
3011790,4.041054834009305e+87
3013572,4.041054834009305e+87
3015354,4.041054834009305e+87
3017136,4.041054834009305e+87
3018918,6.42029037014039e+90
3020700,6.42029037014039e+90
3022482,4.041054834009305e+87
3024264,4.041054834009305e+87
3026046,4.041054834009305e+87
3027828,4.041054834009305e+87
3001099,2393.167788136322
3002881,2393.167788136322
3004663,2393.167788136322
3006445,2393.167788136322
3008227,2393.167788136322
3010009,2393.167788136322
3011791,2393.167788136322
3013573,2393.167788136322
3015355,2393.167788136322
3017137,2393.167788136322
3018919,2393.167788136322
3020701,2393.167788136322
3022483,2393.167788136322
3024265,2393.167788136322
3026047,2393.167788136322
3027829,2393.167788136322
3001100,2393.167788136322
3002882,2393.167788136322
3004664,2393.167788136322
3006446,2393.167788136322
3008228,2393.167788136322
3010010,2393.167788136322
3011792,2393.167788136322
3013574,2393.167788136322
3015356,2393.167788136322
3017138,2393.167788136322
3018920,2393.167788136322
3020702,2393.167788136322
3022484,2393.167788136322
3024266,2393.167788136322
3026048,2393.167788136322
3027830,2393.167788136322
3001101,2393.167788136322
3002883,2393.167788136322
3004665,2393.167788136322
3006447,2393.167788136322
3008229,2393.167788136322
3010011,2393.167788136322
3011793,2393.167788136322
3013575,2393.167788136322
3015357,2393.167788136322
3017139,2393.167788136322
3018921,2393.167788136322
3020703,2393.167788136322
3022485,2393.167788136322
3024267,2393.167788136322
3026049,2393.167788136322
3027831,2393.167788136322
3001102,2393.167788136322
3002884,2393.167788136322
3004666,2393.167788136322
3006448,2393.167788136322
3008230,2393.167788136322
3010012,2393.167788136322
3011794,2393.167788136322
3013576,2393.167788136322
3015358,2393.167788136322
3017140,2393.167788136322
3018922,2393.167788136322
3020704,2393.167788136322
3022486,2393.167788136322
3024268,2393.167788136322
3026050,2393.167788136322
3027832,2393.167788136322
3001103,2393.167788136322
3002885,2393.167788136322
3004667,2393.167788136322
3006449,2393.167788136322
3008231,2393.167788136322
3010013,2393.167788136322
3011795,2393.167788136322
3013577,2393.167788136322
3015359,2393.167788136322
3017141,2393.167788136322
3018923,2393.167788136322
3020705,2393.167788136322
3022487,2393.167788136322
3024269,2393.167788136322
3026051,2393.167788136322
3027833,2393.167788136322
3001104,2393.167788136322
3002886,2393.167788136322
3004668,2393.167788136322
3006450,2393.167788136322
3008232,2393.167788136322
3010014,2393.167788136322
3011796,2393.167788136322
3013578,2393.167788136322
3015360,2393.167788136322
3017142,2393.167788136322
3018924,2393.167788136322
3020706,2393.167788136322
3022488,2393.167788136322
3024270,2393.167788136322
3026052,2393.167788136322
3027834,2393.167788136322
3001105,2393.167788136322
3002887,2393.167788136322
3004669,2393.167788136322
3006451,2393.167788136322
3008233,2393.167788136322
3010015,2393.167788136322
3011797,2393.167788136322
3013579,2393.167788136322
3015361,2393.167788136322
3017143,2393.167788136322
3018925,2393.167788136322
3020707,2393.167788136322
3022489,2393.167788136322
3024271,2393.167788136322
3026053,2393.167788136322
3027835,2393.167788136322
3001106,2393.167788136322
3002888,2393.167788136322
3004670,2393.167788136322
3006452,2393.167788136322
3008234,2393.167788136322
3010016,2393.167788136322
3011798,2393.167788136322
3013580,2393.167788136322
3015362,2393.167788136322
3017144,2393.167788136322
3018926,2393.167788136322
3020708,2393.167788136322
3022490,2393.167788136322
3024272,2393.167788136322
3026054,2393.167788136322
3027836,2393.167788136322
3001107,2393.167788136322
3002889,2393.167788136322
3004671,2393.167788136322
3006453,2393.167788136322
3008235,2393.167788136322
3010017,2393.167788136322
3011799,2393.167788136322
3013581,2393.167788136322
3015363,2393.167788136322
3017145,2393.167788136322
3018927,2393.167788136322
3020709,2393.167788136322
3022491,2393.167788136322
3024273,2393.167788136322
3026055,2393.167788136322
3027837,2393.167788136322
3001108,13755.84775951168
3002890,13755.84775951168
3004672,13755.84775951168
3006454,13755.84775951168
3008236,13755.84775951168
3010018,13755.84775951168
3011800,13755.84775951168
3013582,13755.84775951168
3015364,13755.84775951168
3017146,13755.84775951168
3018928,13755.84775951168
3020710,13755.84775951168
3022492,13755.84775951168
3024274,13755.84775951168
3026056,13755.84775951168
3027838,13755.84775951168
3001109,2393.167788136322
3002891,2393.167788136322
3004673,2393.167788136322
3006455,2393.167788136322
3008237,2393.167788136322
3010019,2393.167788136322
3011801,2393.167788136322
3013583,2393.167788136322
3015365,2393.167788136322
3017147,2393.167788136322
3018929,2393.167788136322
3020711,2393.167788136322
3022493,2393.167788136322
3024275,2393.167788136322
3026057,2393.167788136322
3027839,2393.167788136322
3001110,29379.993670687425
3002892,29379.993670687425
3004674,29379.993670687425
3006456,29379.993670687425
3008238,29379.993670687425
3010020,29379.993670687425
3011802,29379.993670687425
3013584,29379.993670687425
3015366,29379.993670687425
3017148,29379.993670687425
3018930,29379.993670687425
3020712,29379.993670687425
3022494,29379.993670687425
3024276,29379.993670687425
3026058,29379.993670687425
3027840,29379.993670687425
3001111,28191.69775395516
3002893,28191.69775395516
3004675,28191.69775395516
3006457,28191.69775395516
3008239,28191.69775395516
3010021,28191.69775395516
3011803,28191.69775395516
3013585,28191.69775395516
3015367,28191.69775395516
3017149,28191.69775395516
3018931,28191.69775395516
3020713,28191.69775395516
3022495,28191.69775395516
3024277,28191.69775395516
3026059,28191.69775395516
3027841,28191.69775395516
3001112,2393.167788136322
3002894,2393.167788136322
3004676,2393.167788136322
3006458,2393.167788136322
3008240,2393.167788136322
3010022,2393.167788136322
3011804,2393.167788136322
3013586,2393.167788136322
3015368,2393.167788136322
3017150,2393.167788136322
3018932,2393.167788136322
3020714,2393.167788136322
3022496,2393.167788136322
3024278,2393.167788136322
3026060,2393.167788136322
3027842,2393.167788136322
3001113,2393.167788136322
3002895,2393.167788136322
3004677,2393.167788136322
3006459,2393.167788136322
3008241,2393.167788136322
3010023,2393.167788136322
3011805,2393.167788136322
3013587,2393.167788136322
3015369,2393.167788136322
3017151,2393.167788136322
3018933,2393.167788136322
3020715,2393.167788136322
3022497,2393.167788136322
3024279,2393.167788136322
3026061,2393.167788136322
3027843,2393.167788136322
3001114,29379.993670687425
3002896,29379.993670687425
3004678,29379.993670687425
3006460,29379.993670687425
3008242,29379.993670687425
3010024,29379.993670687425
3011806,29379.993670687425
3013588,29379.993670687425
3015370,29379.993670687425
3017152,29379.993670687425
3018934,29379.993670687425
3020716,29379.993670687425
3022498,29379.993670687425
3024280,29379.993670687425
3026062,29379.993670687425
3027844,29379.993670687425
3001115,18867.114598218865
3002897,18867.114598218865
3004679,18867.114598218865
3006461,18867.114598218865
3008243,18867.114598218865
3010025,18867.114598218865
3011807,18867.114598218865
3013589,18867.114598218865
3015371,18867.114598218865
3017153,18867.114598218865
3018935,18867.114598218865
3020717,18867.114598218865
3022499,18867.114598218865
3024281,18867.114598218865
3026063,18867.114598218865
3027845,18867.114598218865
3001116,32530.527067124498
3002898,32530.527067124498
3004680,32530.527067124498
3006462,32530.527067124498
3008244,32530.527067124498
3010026,32530.527067124498
3011808,32530.527067124498
3013590,32530.527067124498
3015372,32530.527067124498
3017154,32530.527067124498
3018936,32530.527067124498
3020718,32530.527067124498
3022500,32530.527067124498
3024282,32530.527067124498
3026064,32530.527067124498
3027846,32530.527067124498
3001117,2393.167788136322
3002899,2393.167788136322
3004681,2393.167788136322
3006463,2393.167788136322
3008245,2393.167788136322
3010027,2393.167788136322
3011809,2393.167788136322
3013591,2393.167788136322
3015373,2393.167788136322
3017155,2393.167788136322
3018937,2393.167788136322
3020719,2393.167788136322
3022501,2393.167788136322
3024283,2393.167788136322
3026065,2393.167788136322
3027847,2393.167788136322
3001118,2393.167788136322
3002900,2393.167788136322
3004682,2393.167788136322
3006464,2393.167788136322
3008246,2393.167788136322
3010028,2393.167788136322
3011810,2393.167788136322
3013592,2393.167788136322
3015374,2393.167788136322
3017156,2393.167788136322
3018938,2393.167788136322
3020720,2393.167788136322
3022502,2393.167788136322
3024284,2393.167788136322
3026066,2393.167788136322
3027848,2393.167788136322
3001119,2393.167788136322
3002901,2393.167788136322
3004683,2393.167788136322
3006465,2393.167788136322
3008247,2393.167788136322
3010029,2393.167788136322
3011811,2393.167788136322
3013593,2393.167788136322
3015375,2393.167788136322
3017157,2393.167788136322
3018939,2393.167788136322
3020721,2393.167788136322
3022503,2393.167788136322
3024285,2393.167788136322
3026067,2393.167788136322
3027849,2393.167788136322
3001120,2393.167788136322
3002902,2393.167788136322
3004684,2393.167788136322
3006466,2393.167788136322
3008248,2393.167788136322
3010030,2393.167788136322
3011812,2393.167788136322
3013594,2393.167788136322
3015376,2393.167788136322
3017158,2393.167788136322
3018940,2393.167788136322
3020722,2393.167788136322
3022504,2393.167788136322
3024286,2393.167788136322
3026068,2393.167788136322
3027850,2393.167788136322
3001121,2393.167788136322
3002903,2393.167788136322
3004685,2393.167788136322
3006467,2393.167788136322
3008249,2393.167788136322
3010031,2393.167788136322
3011813,2393.167788136322
3013595,2393.167788136322
3015377,2393.167788136322
3017159,2393.167788136322
3018941,2393.167788136322
3020723,2393.167788136322
3022505,2393.167788136322
3024287,2393.167788136322
3026069,2393.167788136322
3027851,2393.167788136322
3001122,3.007842063574425e+108
3002904,3.007842063574425e+108
3004686,3.007842063574425e+108
3006468,3.007842063574425e+108
3008250,3.007842063574425e+108
3010032,3.007842063574425e+108
3011814,3.007842063574425e+108
3013596,3.007842063574425e+108
3015378,3.007842063574425e+108
3017160,3.007842063574425e+108
3018942,3.007842063574425e+108
3020724,3.007842063574425e+108
3022506,3.007842063574425e+108
3024288,3.007842063574425e+108
3026070,3.007842063574425e+108
3027852,3.007842063574425e+108
3001123,2393.167788136322
3002905,2393.167788136322
3004687,2393.167788136322
3006469,2393.167788136322
3008251,2393.167788136322
3010033,2393.167788136322
3011815,2393.167788136322
3013597,2393.167788136322
3015379,2393.167788136322
3017161,2393.167788136322
3018943,2393.167788136322
3020725,2393.167788136322
3022507,2393.167788136322
3024289,2393.167788136322
3026071,2393.167788136322
3027853,2393.167788136322
3001124,29379.993670687425
3002906,29379.993670687425
3004688,29379.993670687425
3006470,29379.993670687425
3008252,29379.993670687425
3010034,29379.993670687425
3011816,29379.993670687425
3013598,29379.993670687425
3015380,29379.993670687425
3017162,29379.993670687425
3018944,29379.993670687425
3020726,29379.993670687425
3022508,29379.993670687425
3024290,29379.993670687425
3026072,29379.993670687425
3027854,29379.993670687425
3001125,2393.167788136322
3002907,2393.167788136322
3004689,2393.167788136322
3006471,2393.167788136322
3008253,2393.167788136322
3010035,2393.167788136322
3011817,2393.167788136322
3013599,2393.167788136322
3015381,2393.167788136322
3017163,2393.167788136322
3018945,2393.167788136322
3020727,2393.167788136322
3022509,2393.167788136322
3024291,2393.167788136322
3026073,2393.167788136322
3027855,2393.167788136322
3001126,1.4890016199601365e+39
3002908,1.4890016199601365e+39
3004690,1.4890016199601365e+39
3006472,1.4890016199601365e+39
3008254,1.4890016199601365e+39
3010036,1.4890016199601365e+39
3011818,1.4890016199601365e+39
3013600,1.4890016199601365e+39
3015382,1.4890016199601365e+39
3017164,1.4890016199601365e+39
3018946,1.4890016199601365e+39
3020728,1.4890016199601365e+39
3022510,1.4890016199601365e+39
3024292,1.4890016199601365e+39
3026074,1.4890016199601365e+39
3027856,1.4890016199601365e+39
3001127,32530.527067124498
3002909,32530.527067124498
3004691,32530.527067124498
3006473,32530.527067124498
3008255,32530.527067124498
3010037,32530.527067124498
3011819,32530.527067124498
3013601,32530.527067124498
3015383,32530.527067124498
3017165,32530.527067124498
3018947,32530.527067124498
3020729,32530.527067124498
3022511,32530.527067124498
3024293,32530.527067124498
3026075,32530.527067124498
3027857,32530.527067124498
3001128,28191.69775395516
3002910,28191.69775395516
3004692,28191.69775395516
3006474,28191.69775395516
3008256,28191.69775395516
3010038,28191.69775395516
3011820,28191.69775395516
3013602,28191.69775395516
3015384,28191.69775395516
3017166,28191.69775395516
3018948,28191.69775395516
3020730,28191.69775395516
3022512,28191.69775395516
3024294,28191.69775395516
3026076,28191.69775395516
3027858,28191.69775395516
3001129,28191.69775395516
3002911,28191.69775395516
3004693,28191.69775395516
3006475,28191.69775395516
3008257,28191.69775395516
3010039,28191.69775395516
3011821,28191.69775395516
3013603,28191.69775395516
3015385,28191.69775395516
3017167,28191.69775395516
3018949,28191.69775395516
3020731,28191.69775395516
3022513,28191.69775395516
3024295,28191.69775395516
3026077,28191.69775395516
3027859,28191.69775395516
3001130,25447.284195908585
3002912,25447.284195908585
3004694,25447.284195908585
3006476,25447.284195908585
3008258,25447.284195908585
3010040,25447.284195908585
3011822,25447.284195908585
3013604,25447.284195908585
3015386,25447.284195908585
3017168,25447.284195908585
3018950,25447.284195908585
3020732,25447.284195908585
3022514,25447.284195908585
3024296,25447.284195908585
3026078,25447.284195908585
3027860,25447.284195908585
3001131,4.041054834009305e+87
3002913,4.041054834009305e+87
3004695,4.041054834009305e+87
3006477,6.42029037014039e+90
3008259,6.42029037014039e+90
3010041,4.041054834009305e+87
3011823,4.041054834009305e+87
3013605,4.041054834009305e+87
3015387,4.041054834009305e+87
3017169,4.041054834009305e+87
3018951,6.42029037014039e+90
3020733,6.42029037014039e+90
3022515,4.041054834009305e+87
3024297,4.041054834009305e+87
3026079,4.041054834009305e+87
3027861,4.041054834009305e+87
3001132,2393.167788136322
3002914,2393.167788136322
3004696,2393.167788136322
3006478,2393.167788136322
3008260,2393.167788136322
3010042,2393.167788136322
3011824,2393.167788136322
3013606,2393.167788136322
3015388,2393.167788136322
3017170,2393.167788136322
3018952,2393.167788136322
3020734,2393.167788136322
3022516,2393.167788136322
3024298,2393.167788136322
3026080,2393.167788136322
3027862,2393.167788136322
3001133,2393.167788136322
3002915,2393.167788136322
3004697,2393.167788136322
3006479,2393.167788136322
3008261,2393.167788136322
3010043,2393.167788136322
3011825,2393.167788136322
3013607,2393.167788136322
3015389,2393.167788136322
3017171,2393.167788136322
3018953,2393.167788136322
3020735,2393.167788136322
3022517,2393.167788136322
3024299,2393.167788136322
3026081,2393.167788136322
3027863,2393.167788136322
3001134,2393.167788136322
3002916,2393.167788136322
3004698,2393.167788136322
3006480,2393.167788136322
3008262,2393.167788136322
3010044,2393.167788136322
3011826,2393.167788136322
3013608,2393.167788136322
3015390,2393.167788136322
3017172,2393.167788136322
3018954,2393.167788136322
3020736,2393.167788136322
3022518,2393.167788136322
3024300,2393.167788136322
3026082,2393.167788136322
3027864,2393.167788136322
3001135,2393.167788136322
3002917,2393.167788136322
3004699,2393.167788136322
3006481,2393.167788136322
3008263,2393.167788136322
3010045,2393.167788136322
3011827,2393.167788136322
3013609,2393.167788136322
3015391,2393.167788136322
3017173,2393.167788136322
3018955,2393.167788136322
3020737,2393.167788136322
3022519,2393.167788136322
3024301,2393.167788136322
3026083,2393.167788136322
3027865,2393.167788136322
3001136,2393.167788136322
3002918,2393.167788136322
3004700,2393.167788136322
3006482,2393.167788136322
3008264,2393.167788136322
3010046,2393.167788136322
3011828,2393.167788136322
3013610,2393.167788136322
3015392,2393.167788136322
3017174,2393.167788136322
3018956,2393.167788136322
3020738,2393.167788136322
3022520,2393.167788136322
3024302,2393.167788136322
3026084,2393.167788136322
3027866,2393.167788136322
3001137,2393.167788136322
3002919,2393.167788136322
3004701,2393.167788136322
3006483,2393.167788136322
3008265,2393.167788136322
3010047,2393.167788136322
3011829,2393.167788136322
3013611,2393.167788136322
3015393,2393.167788136322
3017175,2393.167788136322
3018957,2393.167788136322
3020739,2393.167788136322
3022521,2393.167788136322
3024303,2393.167788136322
3026085,2393.167788136322
3027867,2393.167788136322
3001138,2393.167788136322
3002920,2393.167788136322
3004702,2393.167788136322
3006484,2393.167788136322
3008266,2393.167788136322
3010048,2393.167788136322
3011830,2393.167788136322
3013612,2393.167788136322
3015394,2393.167788136322
3017176,2393.167788136322
3018958,2393.167788136322
3020740,2393.167788136322
3022522,2393.167788136322
3024304,2393.167788136322
3026086,2393.167788136322
3027868,2393.167788136322
3001139,2393.167788136322
3002921,2393.167788136322
3004703,2393.167788136322
3006485,2393.167788136322
3008267,2393.167788136322
3010049,2393.167788136322
3011831,2393.167788136322
3013613,2393.167788136322
3015395,2393.167788136322
3017177,2393.167788136322
3018959,2393.167788136322
3020741,2393.167788136322
3022523,2393.167788136322
3024305,2393.167788136322
3026087,2393.167788136322
3027869,2393.167788136322
3001140,2393.167788136322
3002922,2393.167788136322
3004704,2393.167788136322
3006486,2393.167788136322
3008268,2393.167788136322
3010050,2393.167788136322
3011832,2393.167788136322
3013614,2393.167788136322
3015396,2393.167788136322
3017178,2393.167788136322
3018960,2393.167788136322
3020742,2393.167788136322
3022524,2393.167788136322
3024306,2393.167788136322
3026088,2393.167788136322
3027870,2393.167788136322
3001141,13755.84775951168
3002923,13755.84775951168
3004705,13755.84775951168
3006487,13755.84775951168
3008269,13755.84775951168
3010051,13755.84775951168
3011833,13755.84775951168
3013615,13755.84775951168
3015397,13755.84775951168
3017179,13755.84775951168
3018961,13755.84775951168
3020743,13755.84775951168
3022525,13755.84775951168
3024307,13755.84775951168
3026089,13755.84775951168
3027871,13755.84775951168
3001142,2393.167788136322
3002924,2393.167788136322
3004706,2393.167788136322
3006488,2393.167788136322
3008270,2393.167788136322
3010052,2393.167788136322
3011834,2393.167788136322
3013616,2393.167788136322
3015398,2393.167788136322
3017180,2393.167788136322
3018962,2393.167788136322
3020744,2393.167788136322
3022526,2393.167788136322
3024308,2393.167788136322
3026090,2393.167788136322
3027872,2393.167788136322
3001143,29379.993670687425
3002925,29379.993670687425
3004707,29379.993670687425
3006489,29379.993670687425
3008271,29379.993670687425
3010053,29379.993670687425
3011835,29379.993670687425
3013617,29379.993670687425
3015399,29379.993670687425
3017181,29379.993670687425
3018963,29379.993670687425
3020745,29379.993670687425
3022527,29379.993670687425
3024309,29379.993670687425
3026091,29379.993670687425
3027873,29379.993670687425
3001144,28191.69775395516
3002926,28191.69775395516
3004708,28191.69775395516
3006490,28191.69775395516
3008272,28191.69775395516
3010054,28191.69775395516
3011836,28191.69775395516
3013618,28191.69775395516
3015400,28191.69775395516
3017182,28191.69775395516
3018964,28191.69775395516
3020746,28191.69775395516
3022528,28191.69775395516
3024310,28191.69775395516
3026092,28191.69775395516
3027874,28191.69775395516
3001145,2393.167788136322
3002927,2393.167788136322
3004709,2393.167788136322
3006491,2393.167788136322
3008273,2393.167788136322
3010055,2393.167788136322
3011837,2393.167788136322
3013619,2393.167788136322
3015401,2393.167788136322
3017183,2393.167788136322
3018965,2393.167788136322
3020747,2393.167788136322
3022529,2393.167788136322
3024311,2393.167788136322
3026093,2393.167788136322
3027875,2393.167788136322
3001146,2393.167788136322
3002928,2393.167788136322
3004710,2393.167788136322
3006492,2393.167788136322
3008274,2393.167788136322
3010056,2393.167788136322
3011838,2393.167788136322
3013620,2393.167788136322
3015402,2393.167788136322
3017184,2393.167788136322
3018966,2393.167788136322
3020748,2393.167788136322
3022530,2393.167788136322
3024312,2393.167788136322
3026094,2393.167788136322
3027876,2393.167788136322
3001147,29379.993670687425
3002929,29379.993670687425
3004711,29379.993670687425
3006493,29379.993670687425
3008275,29379.993670687425
3010057,29379.993670687425
3011839,29379.993670687425
3013621,29379.993670687425
3015403,29379.993670687425
3017185,29379.993670687425
3018967,29379.993670687425
3020749,29379.993670687425
3022531,29379.993670687425
3024313,29379.993670687425
3026095,29379.993670687425
3027877,29379.993670687425
3001148,18867.114598218865
3002930,18867.114598218865
3004712,18867.114598218865
3006494,18867.114598218865
3008276,18867.114598218865
3010058,18867.114598218865
3011840,18867.114598218865
3013622,18867.114598218865
3015404,18867.114598218865
3017186,18867.114598218865
3018968,18867.114598218865
3020750,18867.114598218865
3022532,18867.114598218865
3024314,18867.114598218865
3026096,18867.114598218865
3027878,18867.114598218865
3001149,32530.527067124498
3002931,32530.527067124498
3004713,32530.527067124498
3006495,32530.527067124498
3008277,32530.527067124498
3010059,32530.527067124498
3011841,32530.527067124498
3013623,32530.527067124498
3015405,32530.527067124498
3017187,32530.527067124498
3018969,32530.527067124498
3020751,32530.527067124498
3022533,32530.527067124498
3024315,32530.527067124498
3026097,32530.527067124498
3027879,32530.527067124498
3001150,2393.167788136322
3002932,2393.167788136322
3004714,2393.167788136322
3006496,2393.167788136322
3008278,2393.167788136322
3010060,2393.167788136322
3011842,2393.167788136322
3013624,2393.167788136322
3015406,2393.167788136322
3017188,2393.167788136322
3018970,2393.167788136322
3020752,2393.167788136322
3022534,2393.167788136322
3024316,2393.167788136322
3026098,2393.167788136322
3027880,2393.167788136322
3001151,2393.167788136322
3002933,2393.167788136322
3004715,2393.167788136322
3006497,2393.167788136322
3008279,2393.167788136322
3010061,2393.167788136322
3011843,2393.167788136322
3013625,2393.167788136322
3015407,2393.167788136322
3017189,2393.167788136322
3018971,2393.167788136322
3020753,2393.167788136322
3022535,2393.167788136322
3024317,2393.167788136322
3026099,2393.167788136322
3027881,2393.167788136322
3001152,2393.167788136322
3002934,2393.167788136322
3004716,2393.167788136322
3006498,2393.167788136322
3008280,2393.167788136322
3010062,2393.167788136322
3011844,2393.167788136322
3013626,2393.167788136322
3015408,2393.167788136322
3017190,2393.167788136322
3018972,2393.167788136322
3020754,2393.167788136322
3022536,2393.167788136322
3024318,2393.167788136322
3026100,2393.167788136322
3027882,2393.167788136322
3001153,2393.167788136322
3002935,2393.167788136322
3004717,2393.167788136322
3006499,2393.167788136322
3008281,2393.167788136322
3010063,2393.167788136322
3011845,2393.167788136322
3013627,2393.167788136322
3015409,2393.167788136322
3017191,2393.167788136322
3018973,2393.167788136322
3020755,2393.167788136322
3022537,2393.167788136322
3024319,2393.167788136322
3026101,2393.167788136322
3027883,2393.167788136322
3001154,2393.167788136322
3002936,2393.167788136322
3004718,2393.167788136322
3006500,2393.167788136322
3008282,2393.167788136322
3010064,2393.167788136322
3011846,2393.167788136322
3013628,2393.167788136322
3015410,2393.167788136322
3017192,2393.167788136322
3018974,2393.167788136322
3020756,2393.167788136322
3022538,2393.167788136322
3024320,2393.167788136322
3026102,2393.167788136322
3027884,2393.167788136322
3001155,3.007842063574425e+108
3002937,3.007842063574425e+108
3004719,3.007842063574425e+108
3006501,3.007842063574425e+108
3008283,3.007842063574425e+108
3010065,3.007842063574425e+108
3011847,3.007842063574425e+108
3013629,3.007842063574425e+108
3015411,3.007842063574425e+108
3017193,3.007842063574425e+108
3018975,3.007842063574425e+108
3020757,3.007842063574425e+108
3022539,3.007842063574425e+108
3024321,3.007842063574425e+108
3026103,3.007842063574425e+108
3027885,3.007842063574425e+108
3001156,2393.167788136322
3002938,2393.167788136322
3004720,2393.167788136322
3006502,2393.167788136322
3008284,2393.167788136322
3010066,2393.167788136322
3011848,2393.167788136322
3013630,2393.167788136322
3015412,2393.167788136322
3017194,2393.167788136322
3018976,2393.167788136322
3020758,2393.167788136322
3022540,2393.167788136322
3024322,2393.167788136322
3026104,2393.167788136322
3027886,2393.167788136322
3001157,29379.993670687425
3002939,29379.993670687425
3004721,29379.993670687425
3006503,29379.993670687425
3008285,29379.993670687425
3010067,29379.993670687425
3011849,29379.993670687425
3013631,29379.993670687425
3015413,29379.993670687425
3017195,29379.993670687425
3018977,29379.993670687425
3020759,29379.993670687425
3022541,29379.993670687425
3024323,29379.993670687425
3026105,29379.993670687425
3027887,29379.993670687425
3001158,2393.167788136322
3002940,2393.167788136322
3004722,2393.167788136322
3006504,2393.167788136322
3008286,2393.167788136322
3010068,2393.167788136322
3011850,2393.167788136322
3013632,2393.167788136322
3015414,2393.167788136322
3017196,2393.167788136322
3018978,2393.167788136322
3020760,2393.167788136322
3022542,2393.167788136322
3024324,2393.167788136322
3026106,2393.167788136322
3027888,2393.167788136322
3001159,1.4890016199601365e+39
3002941,1.4890016199601365e+39
3004723,1.4890016199601365e+39
3006505,1.4890016199601365e+39
3008287,1.4890016199601365e+39
3010069,1.4890016199601365e+39
3011851,1.4890016199601365e+39
3013633,1.4890016199601365e+39
3015415,1.4890016199601365e+39
3017197,1.4890016199601365e+39
3018979,1.4890016199601365e+39
3020761,1.4890016199601365e+39
3022543,1.4890016199601365e+39
3024325,1.4890016199601365e+39
3026107,1.4890016199601365e+39
3027889,1.4890016199601365e+39
3001160,32530.527067124498
3002942,32530.527067124498
3004724,32530.527067124498
3006506,32530.527067124498
3008288,32530.527067124498
3010070,32530.527067124498
3011852,32530.527067124498
3013634,32530.527067124498
3015416,32530.527067124498
3017198,32530.527067124498
3018980,32530.527067124498
3020762,32530.527067124498
3022544,32530.527067124498
3024326,32530.527067124498
3026108,32530.527067124498
3027890,32530.527067124498
3001161,28191.69775395516
3002943,28191.69775395516
3004725,28191.69775395516
3006507,28191.69775395516
3008289,28191.69775395516
3010071,28191.69775395516
3011853,28191.69775395516
3013635,28191.69775395516
3015417,28191.69775395516
3017199,28191.69775395516
3018981,28191.69775395516
3020763,28191.69775395516
3022545,28191.69775395516
3024327,28191.69775395516
3026109,28191.69775395516
3027891,28191.69775395516
3001162,28191.69775395516
3002944,28191.69775395516
3004726,28191.69775395516
3006508,28191.69775395516
3008290,28191.69775395516
3010072,28191.69775395516
3011854,28191.69775395516
3013636,28191.69775395516
3015418,28191.69775395516
3017200,28191.69775395516
3018982,28191.69775395516
3020764,28191.69775395516
3022546,28191.69775395516
3024328,28191.69775395516
3026110,28191.69775395516
3027892,28191.69775395516
3001163,25447.284195908585
3002945,25447.284195908585
3004727,25447.284195908585
3006509,25447.284195908585
3008291,25447.284195908585
3010073,25447.284195908585
3011855,25447.284195908585
3013637,25447.284195908585
3015419,25447.284195908585
3017201,25447.284195908585
3018983,25447.284195908585
3020765,25447.284195908585
3022547,25447.284195908585
3024329,25447.284195908585
3026111,25447.284195908585
3027893,25447.284195908585
3001164,4.041054834009305e+87
3002946,4.041054834009305e+87
3004728,4.041054834009305e+87
3006510,6.42029037014039e+90
3008292,6.42029037014039e+90
3010074,4.041054834009305e+87
3011856,4.041054834009305e+87
3013638,4.041054834009305e+87
3015420,4.041054834009305e+87
3017202,4.041054834009305e+87
3018984,6.42029037014039e+90
3020766,6.42029037014039e+90
3022548,4.041054834009305e+87
3024330,4.041054834009305e+87
3026112,4.041054834009305e+87
3027894,4.041054834009305e+87
3001165,2393.167788136322
3002947,2393.167788136322
3004729,2393.167788136322
3006511,2393.167788136322
3008293,2393.167788136322
3010075,2393.167788136322
3011857,2393.167788136322
3013639,2393.167788136322
3015421,2393.167788136322
3017203,2393.167788136322
3018985,2393.167788136322
3020767,2393.167788136322
3022549,2393.167788136322
3024331,2393.167788136322
3026113,2393.167788136322
3027895,2393.167788136322
3001166,2393.167788136322
3002948,2393.167788136322
3004730,2393.167788136322
3006512,2393.167788136322
3008294,2393.167788136322
3010076,2393.167788136322
3011858,2393.167788136322
3013640,2393.167788136322
3015422,2393.167788136322
3017204,2393.167788136322
3018986,2393.167788136322
3020768,2393.167788136322
3022550,2393.167788136322
3024332,2393.167788136322
3026114,2393.167788136322
3027896,2393.167788136322
3001167,2393.167788136322
3002949,2393.167788136322
3004731,2393.167788136322
3006513,2393.167788136322
3008295,2393.167788136322
3010077,2393.167788136322
3011859,2393.167788136322
3013641,2393.167788136322
3015423,2393.167788136322
3017205,2393.167788136322
3018987,2393.167788136322
3020769,2393.167788136322
3022551,2393.167788136322
3024333,2393.167788136322
3026115,2393.167788136322
3027897,2393.167788136322
3001168,2393.167788136322
3002950,2393.167788136322
3004732,2393.167788136322
3006514,2393.167788136322
3008296,2393.167788136322
3010078,2393.167788136322
3011860,2393.167788136322
3013642,2393.167788136322
3015424,2393.167788136322
3017206,2393.167788136322
3018988,2393.167788136322
3020770,2393.167788136322
3022552,2393.167788136322
3024334,2393.167788136322
3026116,2393.167788136322
3027898,2393.167788136322
3001169,2393.167788136322
3002951,2393.167788136322
3004733,2393.167788136322
3006515,2393.167788136322
3008297,2393.167788136322
3010079,2393.167788136322
3011861,2393.167788136322
3013643,2393.167788136322
3015425,2393.167788136322
3017207,2393.167788136322
3018989,2393.167788136322
3020771,2393.167788136322
3022553,2393.167788136322
3024335,2393.167788136322
3026117,2393.167788136322
3027899,2393.167788136322
3001170,2393.167788136322
3002952,2393.167788136322
3004734,2393.167788136322
3006516,2393.167788136322
3008298,2393.167788136322
3010080,2393.167788136322
3011862,2393.167788136322
3013644,2393.167788136322
3015426,2393.167788136322
3017208,2393.167788136322
3018990,2393.167788136322
3020772,2393.167788136322
3022554,2393.167788136322
3024336,2393.167788136322
3026118,2393.167788136322
3027900,2393.167788136322
3001171,2393.167788136322
3002953,2393.167788136322
3004735,2393.167788136322
3006517,2393.167788136322
3008299,2393.167788136322
3010081,2393.167788136322
3011863,2393.167788136322
3013645,2393.167788136322
3015427,2393.167788136322
3017209,2393.167788136322
3018991,2393.167788136322
3020773,2393.167788136322
3022555,2393.167788136322
3024337,2393.167788136322
3026119,2393.167788136322
3027901,2393.167788136322
3001172,2393.167788136322
3002954,2393.167788136322
3004736,2393.167788136322
3006518,2393.167788136322
3008300,2393.167788136322
3010082,2393.167788136322
3011864,2393.167788136322
3013646,2393.167788136322
3015428,2393.167788136322
3017210,2393.167788136322
3018992,2393.167788136322
3020774,2393.167788136322
3022556,2393.167788136322
3024338,2393.167788136322
3026120,2393.167788136322
3027902,2393.167788136322
3001173,2393.167788136322
3002955,2393.167788136322
3004737,2393.167788136322
3006519,2393.167788136322
3008301,2393.167788136322
3010083,2393.167788136322
3011865,2393.167788136322
3013647,2393.167788136322
3015429,2393.167788136322
3017211,2393.167788136322
3018993,2393.167788136322
3020775,2393.167788136322
3022557,2393.167788136322
3024339,2393.167788136322
3026121,2393.167788136322
3027903,2393.167788136322
3001174,13755.84775951168
3002956,13755.84775951168
3004738,13755.84775951168
3006520,13755.84775951168
3008302,13755.84775951168
3010084,13755.84775951168
3011866,13755.84775951168
3013648,13755.84775951168
3015430,13755.84775951168
3017212,13755.84775951168
3018994,13755.84775951168
3020776,13755.84775951168
3022558,13755.84775951168
3024340,13755.84775951168
3026122,13755.84775951168
3027904,13755.84775951168
3001175,2393.167788136322
3002957,2393.167788136322
3004739,2393.167788136322
3006521,2393.167788136322
3008303,2393.167788136322
3010085,2393.167788136322
3011867,2393.167788136322
3013649,2393.167788136322
3015431,2393.167788136322
3017213,2393.167788136322
3018995,2393.167788136322
3020777,2393.167788136322
3022559,2393.167788136322
3024341,2393.167788136322
3026123,2393.167788136322
3027905,2393.167788136322
3001176,29379.993670687425
3002958,29379.993670687425
3004740,29379.993670687425
3006522,29379.993670687425
3008304,29379.993670687425
3010086,29379.993670687425
3011868,29379.993670687425
3013650,29379.993670687425
3015432,29379.993670687425
3017214,29379.993670687425
3018996,29379.993670687425
3020778,29379.993670687425
3022560,29379.993670687425
3024342,29379.993670687425
3026124,29379.993670687425
3027906,29379.993670687425
3001177,28191.69775395516
3002959,28191.69775395516
3004741,28191.69775395516
3006523,28191.69775395516
3008305,28191.69775395516
3010087,28191.69775395516
3011869,28191.69775395516
3013651,28191.69775395516
3015433,28191.69775395516
3017215,28191.69775395516
3018997,28191.69775395516
3020779,28191.69775395516
3022561,28191.69775395516
3024343,28191.69775395516
3026125,28191.69775395516
3027907,28191.69775395516
3001178,2393.167788136322
3002960,2393.167788136322
3004742,2393.167788136322
3006524,2393.167788136322
3008306,2393.167788136322
3010088,2393.167788136322
3011870,2393.167788136322
3013652,2393.167788136322
3015434,2393.167788136322
3017216,2393.167788136322
3018998,2393.167788136322
3020780,2393.167788136322
3022562,2393.167788136322
3024344,2393.167788136322
3026126,2393.167788136322
3027908,2393.167788136322
3001179,2393.167788136322
3002961,2393.167788136322
3004743,2393.167788136322
3006525,2393.167788136322
3008307,2393.167788136322
3010089,2393.167788136322
3011871,2393.167788136322
3013653,2393.167788136322
3015435,2393.167788136322
3017217,2393.167788136322
3018999,2393.167788136322
3020781,2393.167788136322
3022563,2393.167788136322
3024345,2393.167788136322
3026127,2393.167788136322
3027909,2393.167788136322
3001180,29379.993670687425
3002962,29379.993670687425
3004744,29379.993670687425
3006526,29379.993670687425
3008308,29379.993670687425
3010090,29379.993670687425
3011872,29379.993670687425
3013654,29379.993670687425
3015436,29379.993670687425
3017218,29379.993670687425
3019000,29379.993670687425
3020782,29379.993670687425
3022564,29379.993670687425
3024346,29379.993670687425
3026128,29379.993670687425
3027910,29379.993670687425
3001181,18867.114598218865
3002963,18867.114598218865
3004745,18867.114598218865
3006527,18867.114598218865
3008309,18867.114598218865
3010091,18867.114598218865
3011873,18867.114598218865
3013655,18867.114598218865
3015437,18867.114598218865
3017219,18867.114598218865
3019001,18867.114598218865
3020783,18867.114598218865
3022565,18867.114598218865
3024347,18867.114598218865
3026129,18867.114598218865
3027911,18867.114598218865
3001182,32530.527067124498
3002964,32530.527067124498
3004746,32530.527067124498
3006528,32530.527067124498
3008310,32530.527067124498
3010092,32530.527067124498
3011874,32530.527067124498
3013656,32530.527067124498
3015438,32530.527067124498
3017220,32530.527067124498
3019002,32530.527067124498
3020784,32530.527067124498
3022566,32530.527067124498
3024348,32530.527067124498
3026130,32530.527067124498
3027912,32530.527067124498
3001183,2393.167788136322
3002965,2393.167788136322
3004747,2393.167788136322
3006529,2393.167788136322
3008311,2393.167788136322
3010093,2393.167788136322
3011875,2393.167788136322
3013657,2393.167788136322
3015439,2393.167788136322
3017221,2393.167788136322
3019003,2393.167788136322
3020785,2393.167788136322
3022567,2393.167788136322
3024349,2393.167788136322
3026131,2393.167788136322
3027913,2393.167788136322
3001184,2393.167788136322
3002966,2393.167788136322
3004748,2393.167788136322
3006530,2393.167788136322
3008312,2393.167788136322
3010094,2393.167788136322
3011876,2393.167788136322
3013658,2393.167788136322
3015440,2393.167788136322
3017222,2393.167788136322
3019004,2393.167788136322
3020786,2393.167788136322
3022568,2393.167788136322
3024350,2393.167788136322
3026132,2393.167788136322
3027914,2393.167788136322
3001185,2393.167788136322
3002967,2393.167788136322
3004749,2393.167788136322
3006531,2393.167788136322
3008313,2393.167788136322
3010095,2393.167788136322
3011877,2393.167788136322
3013659,2393.167788136322
3015441,2393.167788136322
3017223,2393.167788136322
3019005,2393.167788136322
3020787,2393.167788136322
3022569,2393.167788136322
3024351,2393.167788136322
3026133,2393.167788136322
3027915,2393.167788136322
3001186,2393.167788136322
3002968,2393.167788136322
3004750,2393.167788136322
3006532,2393.167788136322
3008314,2393.167788136322
3010096,2393.167788136322
3011878,2393.167788136322
3013660,2393.167788136322
3015442,2393.167788136322
3017224,2393.167788136322
3019006,2393.167788136322
3020788,2393.167788136322
3022570,2393.167788136322
3024352,2393.167788136322
3026134,2393.167788136322
3027916,2393.167788136322
3001187,2393.167788136322
3002969,2393.167788136322
3004751,2393.167788136322
3006533,2393.167788136322
3008315,2393.167788136322
3010097,2393.167788136322
3011879,2393.167788136322
3013661,2393.167788136322
3015443,2393.167788136322
3017225,2393.167788136322
3019007,2393.167788136322
3020789,2393.167788136322
3022571,2393.167788136322
3024353,2393.167788136322
3026135,2393.167788136322
3027917,2393.167788136322
3001188,3.007842063574425e+108
3002970,3.007842063574425e+108
3004752,3.007842063574425e+108
3006534,3.007842063574425e+108
3008316,3.007842063574425e+108
3010098,3.007842063574425e+108
3011880,3.007842063574425e+108
3013662,3.007842063574425e+108
3015444,3.007842063574425e+108
3017226,3.007842063574425e+108
3019008,3.007842063574425e+108
3020790,3.007842063574425e+108
3022572,3.007842063574425e+108
3024354,3.007842063574425e+108
3026136,3.007842063574425e+108
3027918,3.007842063574425e+108
3001189,2393.167788136322
3002971,2393.167788136322
3004753,2393.167788136322
3006535,2393.167788136322
3008317,2393.167788136322
3010099,2393.167788136322
3011881,2393.167788136322
3013663,2393.167788136322
3015445,2393.167788136322
3017227,2393.167788136322
3019009,2393.167788136322
3020791,2393.167788136322
3022573,2393.167788136322
3024355,2393.167788136322
3026137,2393.167788136322
3027919,2393.167788136322
3001190,29379.993670687425
3002972,29379.993670687425
3004754,29379.993670687425
3006536,29379.993670687425
3008318,29379.993670687425
3010100,29379.993670687425
3011882,29379.993670687425
3013664,29379.993670687425
3015446,29379.993670687425
3017228,29379.993670687425
3019010,29379.993670687425
3020792,29379.993670687425
3022574,29379.993670687425
3024356,29379.993670687425
3026138,29379.993670687425
3027920,29379.993670687425
3001191,2393.167788136322
3002973,2393.167788136322
3004755,2393.167788136322
3006537,2393.167788136322
3008319,2393.167788136322
3010101,2393.167788136322
3011883,2393.167788136322
3013665,2393.167788136322
3015447,2393.167788136322
3017229,2393.167788136322
3019011,2393.167788136322
3020793,2393.167788136322
3022575,2393.167788136322
3024357,2393.167788136322
3026139,2393.167788136322
3027921,2393.167788136322
3001192,1.4890016199601365e+39
3002974,1.4890016199601365e+39
3004756,1.4890016199601365e+39
3006538,1.4890016199601365e+39
3008320,1.4890016199601365e+39
3010102,1.4890016199601365e+39
3011884,1.4890016199601365e+39
3013666,1.4890016199601365e+39
3015448,1.4890016199601365e+39
3017230,1.4890016199601365e+39
3019012,1.4890016199601365e+39
3020794,1.4890016199601365e+39
3022576,1.4890016199601365e+39
3024358,1.4890016199601365e+39
3026140,1.4890016199601365e+39
3027922,1.4890016199601365e+39
3001193,32530.527067124498
3002975,32530.527067124498
3004757,32530.527067124498
3006539,32530.527067124498
3008321,32530.527067124498
3010103,32530.527067124498
3011885,32530.527067124498
3013667,32530.527067124498
3015449,32530.527067124498
3017231,32530.527067124498
3019013,32530.527067124498
3020795,32530.527067124498
3022577,32530.527067124498
3024359,32530.527067124498
3026141,32530.527067124498
3027923,32530.527067124498
3001194,28191.69775395516
3002976,28191.69775395516
3004758,28191.69775395516
3006540,28191.69775395516
3008322,28191.69775395516
3010104,28191.69775395516
3011886,28191.69775395516
3013668,28191.69775395516
3015450,28191.69775395516
3017232,28191.69775395516
3019014,28191.69775395516
3020796,28191.69775395516
3022578,28191.69775395516
3024360,28191.69775395516
3026142,28191.69775395516
3027924,28191.69775395516
3001195,28191.69775395516
3002977,28191.69775395516
3004759,28191.69775395516
3006541,28191.69775395516
3008323,28191.69775395516
3010105,28191.69775395516
3011887,28191.69775395516
3013669,28191.69775395516
3015451,28191.69775395516
3017233,28191.69775395516
3019015,28191.69775395516
3020797,28191.69775395516
3022579,28191.69775395516
3024361,28191.69775395516
3026143,28191.69775395516
3027925,28191.69775395516
3001196,25447.284195908585
3002978,25447.284195908585
3004760,25447.284195908585
3006542,25447.284195908585
3008324,25447.284195908585
3010106,25447.284195908585
3011888,25447.284195908585
3013670,25447.284195908585
3015452,25447.284195908585
3017234,25447.284195908585
3019016,25447.284195908585
3020798,25447.284195908585
3022580,25447.284195908585
3024362,25447.284195908585
3026144,25447.284195908585
3027926,25447.284195908585
3001197,4.041054834009305e+87
3002979,4.041054834009305e+87
3004761,4.041054834009305e+87
3006543,6.42029037014039e+90
3008325,6.42029037014039e+90
3010107,4.041054834009305e+87
3011889,4.041054834009305e+87
3013671,4.041054834009305e+87
3015453,4.041054834009305e+87
3017235,4.041054834009305e+87
3019017,6.42029037014039e+90
3020799,6.42029037014039e+90
3022581,4.041054834009305e+87
3024363,4.041054834009305e+87
3026145,4.041054834009305e+87
3027927,4.041054834009305e+87
3001198,2393.167788136322
3002980,2393.167788136322
3004762,2393.167788136322
3006544,2393.167788136322
3008326,2393.167788136322
3010108,2393.167788136322
3011890,2393.167788136322
3013672,2393.167788136322
3015454,2393.167788136322
3017236,2393.167788136322
3019018,2393.167788136322
3020800,2393.167788136322
3022582,2393.167788136322
3024364,2393.167788136322
3026146,2393.167788136322
3027928,2393.167788136322
3001199,2393.167788136322
3002981,2393.167788136322
3004763,2393.167788136322
3006545,2393.167788136322
3008327,2393.167788136322
3010109,2393.167788136322
3011891,2393.167788136322
3013673,2393.167788136322
3015455,2393.167788136322
3017237,2393.167788136322
3019019,2393.167788136322
3020801,2393.167788136322
3022583,2393.167788136322
3024365,2393.167788136322
3026147,2393.167788136322
3027929,2393.167788136322
3001200,2393.167788136322
3002982,2393.167788136322
3004764,2393.167788136322
3006546,2393.167788136322
3008328,2393.167788136322
3010110,2393.167788136322
3011892,2393.167788136322
3013674,2393.167788136322
3015456,2393.167788136322
3017238,2393.167788136322
3019020,2393.167788136322
3020802,2393.167788136322
3022584,2393.167788136322
3024366,2393.167788136322
3026148,2393.167788136322
3027930,2393.167788136322
3001201,2393.167788136322
3002983,2393.167788136322
3004765,2393.167788136322
3006547,2393.167788136322
3008329,2393.167788136322
3010111,2393.167788136322
3011893,2393.167788136322
3013675,2393.167788136322
3015457,2393.167788136322
3017239,2393.167788136322
3019021,2393.167788136322
3020803,2393.167788136322
3022585,2393.167788136322
3024367,2393.167788136322
3026149,2393.167788136322
3027931,2393.167788136322
3001202,2393.167788136322
3002984,2393.167788136322
3004766,2393.167788136322
3006548,2393.167788136322
3008330,2393.167788136322
3010112,2393.167788136322
3011894,2393.167788136322
3013676,2393.167788136322
3015458,2393.167788136322
3017240,2393.167788136322
3019022,2393.167788136322
3020804,2393.167788136322
3022586,2393.167788136322
3024368,2393.167788136322
3026150,2393.167788136322
3027932,2393.167788136322
3001203,2393.167788136322
3002985,2393.167788136322
3004767,2393.167788136322
3006549,2393.167788136322
3008331,2393.167788136322
3010113,2393.167788136322
3011895,2393.167788136322
3013677,2393.167788136322
3015459,2393.167788136322
3017241,2393.167788136322
3019023,2393.167788136322
3020805,2393.167788136322
3022587,2393.167788136322
3024369,2393.167788136322
3026151,2393.167788136322
3027933,2393.167788136322
3001204,2393.167788136322
3002986,2393.167788136322
3004768,2393.167788136322
3006550,2393.167788136322
3008332,2393.167788136322
3010114,2393.167788136322
3011896,2393.167788136322
3013678,2393.167788136322
3015460,2393.167788136322
3017242,2393.167788136322
3019024,2393.167788136322
3020806,2393.167788136322
3022588,2393.167788136322
3024370,2393.167788136322
3026152,2393.167788136322
3027934,2393.167788136322
3001205,2393.167788136322
3002987,2393.167788136322
3004769,2393.167788136322
3006551,2393.167788136322
3008333,2393.167788136322
3010115,2393.167788136322
3011897,2393.167788136322
3013679,2393.167788136322
3015461,2393.167788136322
3017243,2393.167788136322
3019025,2393.167788136322
3020807,2393.167788136322
3022589,2393.167788136322
3024371,2393.167788136322
3026153,2393.167788136322
3027935,2393.167788136322
3001206,2393.167788136322
3002988,2393.167788136322
3004770,2393.167788136322
3006552,2393.167788136322
3008334,2393.167788136322
3010116,2393.167788136322
3011898,2393.167788136322
3013680,2393.167788136322
3015462,2393.167788136322
3017244,2393.167788136322
3019026,2393.167788136322
3020808,2393.167788136322
3022590,2393.167788136322
3024372,2393.167788136322
3026154,2393.167788136322
3027936,2393.167788136322
3001207,13755.84775951168
3002989,13755.84775951168
3004771,13755.84775951168
3006553,13755.84775951168
3008335,13755.84775951168
3010117,13755.84775951168
3011899,13755.84775951168
3013681,13755.84775951168
3015463,13755.84775951168
3017245,13755.84775951168
3019027,13755.84775951168
3020809,13755.84775951168
3022591,13755.84775951168
3024373,13755.84775951168
3026155,13755.84775951168
3027937,13755.84775951168
3001208,2393.167788136322
3002990,2393.167788136322
3004772,2393.167788136322
3006554,2393.167788136322
3008336,2393.167788136322
3010118,2393.167788136322
3011900,2393.167788136322
3013682,2393.167788136322
3015464,2393.167788136322
3017246,2393.167788136322
3019028,2393.167788136322
3020810,2393.167788136322
3022592,2393.167788136322
3024374,2393.167788136322
3026156,2393.167788136322
3027938,2393.167788136322
3001209,29379.993670687425
3002991,29379.993670687425
3004773,29379.993670687425
3006555,29379.993670687425
3008337,29379.993670687425
3010119,29379.993670687425
3011901,29379.993670687425
3013683,29379.993670687425
3015465,29379.993670687425
3017247,29379.993670687425
3019029,29379.993670687425
3020811,29379.993670687425
3022593,29379.993670687425
3024375,29379.993670687425
3026157,29379.993670687425
3027939,29379.993670687425
3001210,28191.69775395516
3002992,28191.69775395516
3004774,28191.69775395516
3006556,28191.69775395516
3008338,28191.69775395516
3010120,28191.69775395516
3011902,28191.69775395516
3013684,28191.69775395516
3015466,28191.69775395516
3017248,28191.69775395516
3019030,28191.69775395516
3020812,28191.69775395516
3022594,28191.69775395516
3024376,28191.69775395516
3026158,28191.69775395516
3027940,28191.69775395516
3001211,2393.167788136322
3002993,2393.167788136322
3004775,2393.167788136322
3006557,2393.167788136322
3008339,2393.167788136322
3010121,2393.167788136322
3011903,2393.167788136322
3013685,2393.167788136322
3015467,2393.167788136322
3017249,2393.167788136322
3019031,2393.167788136322
3020813,2393.167788136322
3022595,2393.167788136322
3024377,2393.167788136322
3026159,2393.167788136322
3027941,2393.167788136322
3001212,2393.167788136322
3002994,2393.167788136322
3004776,2393.167788136322
3006558,2393.167788136322
3008340,2393.167788136322
3010122,2393.167788136322
3011904,2393.167788136322
3013686,2393.167788136322
3015468,2393.167788136322
3017250,2393.167788136322
3019032,2393.167788136322
3020814,2393.167788136322
3022596,2393.167788136322
3024378,2393.167788136322
3026160,2393.167788136322
3027942,2393.167788136322
3001213,29379.993670687425
3002995,29379.993670687425
3004777,29379.993670687425
3006559,29379.993670687425
3008341,29379.993670687425
3010123,29379.993670687425
3011905,29379.993670687425
3013687,29379.993670687425
3015469,29379.993670687425
3017251,29379.993670687425
3019033,29379.993670687425
3020815,29379.993670687425
3022597,29379.993670687425
3024379,29379.993670687425
3026161,29379.993670687425
3027943,29379.993670687425
3001214,18867.114598218865
3002996,18867.114598218865
3004778,18867.114598218865
3006560,18867.114598218865
3008342,18867.114598218865
3010124,18867.114598218865
3011906,18867.114598218865
3013688,18867.114598218865
3015470,18867.114598218865
3017252,18867.114598218865
3019034,18867.114598218865
3020816,18867.114598218865
3022598,18867.114598218865
3024380,18867.114598218865
3026162,18867.114598218865
3027944,18867.114598218865
3001215,32530.527067124498
3002997,32530.527067124498
3004779,32530.527067124498
3006561,32530.527067124498
3008343,32530.527067124498
3010125,32530.527067124498
3011907,32530.527067124498
3013689,32530.527067124498
3015471,32530.527067124498
3017253,32530.527067124498
3019035,32530.527067124498
3020817,32530.527067124498
3022599,32530.527067124498
3024381,32530.527067124498
3026163,32530.527067124498
3027945,32530.527067124498
3001216,2393.167788136322
3002998,2393.167788136322
3004780,2393.167788136322
3006562,2393.167788136322
3008344,2393.167788136322
3010126,2393.167788136322
3011908,2393.167788136322
3013690,2393.167788136322
3015472,2393.167788136322
3017254,2393.167788136322
3019036,2393.167788136322
3020818,2393.167788136322
3022600,2393.167788136322
3024382,2393.167788136322
3026164,2393.167788136322
3027946,2393.167788136322
3001217,2393.167788136322
3002999,2393.167788136322
3004781,2393.167788136322
3006563,2393.167788136322
3008345,2393.167788136322
3010127,2393.167788136322
3011909,2393.167788136322
3013691,2393.167788136322
3015473,2393.167788136322
3017255,2393.167788136322
3019037,2393.167788136322
3020819,2393.167788136322
3022601,2393.167788136322
3024383,2393.167788136322
3026165,2393.167788136322
3027947,2393.167788136322
3001218,2393.167788136322
3003000,2393.167788136322
3004782,2393.167788136322
3006564,2393.167788136322
3008346,2393.167788136322
3010128,2393.167788136322
3011910,2393.167788136322
3013692,2393.167788136322
3015474,2393.167788136322
3017256,2393.167788136322
3019038,2393.167788136322
3020820,2393.167788136322
3022602,2393.167788136322
3024384,2393.167788136322
3026166,2393.167788136322
3027948,2393.167788136322
3001219,2393.167788136322
3003001,2393.167788136322
3004783,2393.167788136322
3006565,2393.167788136322
3008347,2393.167788136322
3010129,2393.167788136322
3011911,2393.167788136322
3013693,2393.167788136322
3015475,2393.167788136322
3017257,2393.167788136322
3019039,2393.167788136322
3020821,2393.167788136322
3022603,2393.167788136322
3024385,2393.167788136322
3026167,2393.167788136322
3027949,2393.167788136322
3001220,2393.167788136322
3003002,2393.167788136322
3004784,2393.167788136322
3006566,2393.167788136322
3008348,2393.167788136322
3010130,2393.167788136322
3011912,2393.167788136322
3013694,2393.167788136322
3015476,2393.167788136322
3017258,2393.167788136322
3019040,2393.167788136322
3020822,2393.167788136322
3022604,2393.167788136322
3024386,2393.167788136322
3026168,2393.167788136322
3027950,2393.167788136322
3001221,3.007842063574425e+108
3003003,3.007842063574425e+108
3004785,3.007842063574425e+108
3006567,3.007842063574425e+108
3008349,3.007842063574425e+108
3010131,3.007842063574425e+108
3011913,3.007842063574425e+108
3013695,3.007842063574425e+108
3015477,3.007842063574425e+108
3017259,3.007842063574425e+108
3019041,3.007842063574425e+108
3020823,3.007842063574425e+108
3022605,3.007842063574425e+108
3024387,3.007842063574425e+108
3026169,3.007842063574425e+108
3027951,3.007842063574425e+108
3001222,2393.167788136322
3003004,2393.167788136322
3004786,2393.167788136322
3006568,2393.167788136322
3008350,2393.167788136322
3010132,2393.167788136322
3011914,2393.167788136322
3013696,2393.167788136322
3015478,2393.167788136322
3017260,2393.167788136322
3019042,2393.167788136322
3020824,2393.167788136322
3022606,2393.167788136322
3024388,2393.167788136322
3026170,2393.167788136322
3027952,2393.167788136322
3001223,29379.993670687425
3003005,29379.993670687425
3004787,29379.993670687425
3006569,29379.993670687425
3008351,29379.993670687425
3010133,29379.993670687425
3011915,29379.993670687425
3013697,29379.993670687425
3015479,29379.993670687425
3017261,29379.993670687425
3019043,29379.993670687425
3020825,29379.993670687425
3022607,29379.993670687425
3024389,29379.993670687425
3026171,29379.993670687425
3027953,29379.993670687425
3001224,2393.167788136322
3003006,2393.167788136322
3004788,2393.167788136322
3006570,2393.167788136322
3008352,2393.167788136322
3010134,2393.167788136322
3011916,2393.167788136322
3013698,2393.167788136322
3015480,2393.167788136322
3017262,2393.167788136322
3019044,2393.167788136322
3020826,2393.167788136322
3022608,2393.167788136322
3024390,2393.167788136322
3026172,2393.167788136322
3027954,2393.167788136322
3001225,1.4890016199601365e+39
3003007,1.4890016199601365e+39
3004789,1.4890016199601365e+39
3006571,1.4890016199601365e+39
3008353,1.4890016199601365e+39
3010135,1.4890016199601365e+39
3011917,1.4890016199601365e+39
3013699,1.4890016199601365e+39
3015481,1.4890016199601365e+39
3017263,1.4890016199601365e+39
3019045,1.4890016199601365e+39
3020827,1.4890016199601365e+39
3022609,1.4890016199601365e+39
3024391,1.4890016199601365e+39
3026173,1.4890016199601365e+39
3027955,1.4890016199601365e+39
3001226,32530.527067124498
3003008,32530.527067124498
3004790,32530.527067124498
3006572,32530.527067124498
3008354,32530.527067124498
3010136,32530.527067124498
3011918,32530.527067124498
3013700,32530.527067124498
3015482,32530.527067124498
3017264,32530.527067124498
3019046,32530.527067124498
3020828,32530.527067124498
3022610,32530.527067124498
3024392,32530.527067124498
3026174,32530.527067124498
3027956,32530.527067124498
3001227,28191.69775395516
3003009,28191.69775395516
3004791,28191.69775395516
3006573,28191.69775395516
3008355,28191.69775395516
3010137,28191.69775395516
3011919,28191.69775395516
3013701,28191.69775395516
3015483,28191.69775395516
3017265,28191.69775395516
3019047,28191.69775395516
3020829,28191.69775395516
3022611,28191.69775395516
3024393,28191.69775395516
3026175,28191.69775395516
3027957,28191.69775395516
3001228,28191.69775395516
3003010,28191.69775395516
3004792,28191.69775395516
3006574,28191.69775395516
3008356,28191.69775395516
3010138,28191.69775395516
3011920,28191.69775395516
3013702,28191.69775395516
3015484,28191.69775395516
3017266,28191.69775395516
3019048,28191.69775395516
3020830,28191.69775395516
3022612,28191.69775395516
3024394,28191.69775395516
3026176,28191.69775395516
3027958,28191.69775395516
3001229,25447.284195908585
3003011,25447.284195908585
3004793,25447.284195908585
3006575,25447.284195908585
3008357,25447.284195908585
3010139,25447.284195908585
3011921,25447.284195908585
3013703,25447.284195908585
3015485,25447.284195908585
3017267,25447.284195908585
3019049,25447.284195908585
3020831,25447.284195908585
3022613,25447.284195908585
3024395,25447.284195908585
3026177,25447.284195908585
3027959,25447.284195908585
3001230,4.041054834009305e+87
3003012,4.041054834009305e+87
3004794,4.041054834009305e+87
3006576,6.42029037014039e+90
3008358,6.42029037014039e+90
3010140,4.041054834009305e+87
3011922,4.041054834009305e+87
3013704,4.041054834009305e+87
3015486,4.041054834009305e+87
3017268,4.041054834009305e+87
3019050,6.42029037014039e+90
3020832,6.42029037014039e+90
3022614,4.041054834009305e+87
3024396,4.041054834009305e+87
3026178,4.041054834009305e+87
3027960,4.041054834009305e+87
3001231,2393.167788136322
3003013,2393.167788136322
3004795,2393.167788136322
3006577,2393.167788136322
3008359,2393.167788136322
3010141,2393.167788136322
3011923,2393.167788136322
3013705,2393.167788136322
3015487,2393.167788136322
3017269,2393.167788136322
3019051,2393.167788136322
3020833,2393.167788136322
3022615,2393.167788136322
3024397,2393.167788136322
3026179,2393.167788136322
3027961,2393.167788136322
3001232,2393.167788136322
3003014,2393.167788136322
3004796,2393.167788136322
3006578,2393.167788136322
3008360,2393.167788136322
3010142,2393.167788136322
3011924,2393.167788136322
3013706,2393.167788136322
3015488,2393.167788136322
3017270,2393.167788136322
3019052,2393.167788136322
3020834,2393.167788136322
3022616,2393.167788136322
3024398,2393.167788136322
3026180,2393.167788136322
3027962,2393.167788136322
3001233,2393.167788136322
3003015,2393.167788136322
3004797,2393.167788136322
3006579,2393.167788136322
3008361,2393.167788136322
3010143,2393.167788136322
3011925,2393.167788136322
3013707,2393.167788136322
3015489,2393.167788136322
3017271,2393.167788136322
3019053,2393.167788136322
3020835,2393.167788136322
3022617,2393.167788136322
3024399,2393.167788136322
3026181,2393.167788136322
3027963,2393.167788136322
3001234,2393.167788136322
3003016,2393.167788136322
3004798,2393.167788136322
3006580,2393.167788136322
3008362,2393.167788136322
3010144,2393.167788136322
3011926,2393.167788136322
3013708,2393.167788136322
3015490,2393.167788136322
3017272,2393.167788136322
3019054,2393.167788136322
3020836,2393.167788136322
3022618,2393.167788136322
3024400,2393.167788136322
3026182,2393.167788136322
3027964,2393.167788136322
3001235,2393.167788136322
3003017,2393.167788136322
3004799,2393.167788136322
3006581,2393.167788136322
3008363,2393.167788136322
3010145,2393.167788136322
3011927,2393.167788136322
3013709,2393.167788136322
3015491,2393.167788136322
3017273,2393.167788136322
3019055,2393.167788136322
3020837,2393.167788136322
3022619,2393.167788136322
3024401,2393.167788136322
3026183,2393.167788136322
3027965,2393.167788136322
3001236,2393.167788136322
3003018,2393.167788136322
3004800,2393.167788136322
3006582,2393.167788136322
3008364,2393.167788136322
3010146,2393.167788136322
3011928,2393.167788136322
3013710,2393.167788136322
3015492,2393.167788136322
3017274,2393.167788136322
3019056,2393.167788136322
3020838,2393.167788136322
3022620,2393.167788136322
3024402,2393.167788136322
3026184,2393.167788136322
3027966,2393.167788136322
3001237,2393.167788136322
3003019,2393.167788136322
3004801,2393.167788136322
3006583,2393.167788136322
3008365,2393.167788136322
3010147,2393.167788136322
3011929,2393.167788136322
3013711,2393.167788136322
3015493,2393.167788136322
3017275,2393.167788136322
3019057,2393.167788136322
3020839,2393.167788136322
3022621,2393.167788136322
3024403,2393.167788136322
3026185,2393.167788136322
3027967,2393.167788136322
3001238,2393.167788136322
3003020,2393.167788136322
3004802,2393.167788136322
3006584,2393.167788136322
3008366,2393.167788136322
3010148,2393.167788136322
3011930,2393.167788136322
3013712,2393.167788136322
3015494,2393.167788136322
3017276,2393.167788136322
3019058,2393.167788136322
3020840,2393.167788136322
3022622,2393.167788136322
3024404,2393.167788136322
3026186,2393.167788136322
3027968,2393.167788136322
3001239,2393.167788136322
3003021,2393.167788136322
3004803,2393.167788136322
3006585,2393.167788136322
3008367,2393.167788136322
3010149,2393.167788136322
3011931,2393.167788136322
3013713,2393.167788136322
3015495,2393.167788136322
3017277,2393.167788136322
3019059,2393.167788136322
3020841,2393.167788136322
3022623,2393.167788136322
3024405,2393.167788136322
3026187,2393.167788136322
3027969,2393.167788136322
3001240,13755.84775951168
3003022,13755.84775951168
3004804,13755.84775951168
3006586,13755.84775951168
3008368,13755.84775951168
3010150,13755.84775951168
3011932,13755.84775951168
3013714,13755.84775951168
3015496,13755.84775951168
3017278,13755.84775951168
3019060,13755.84775951168
3020842,13755.84775951168
3022624,13755.84775951168
3024406,13755.84775951168
3026188,13755.84775951168
3027970,13755.84775951168
3001241,2393.167788136322
3003023,2393.167788136322
3004805,2393.167788136322
3006587,2393.167788136322
3008369,2393.167788136322
3010151,2393.167788136322
3011933,2393.167788136322
3013715,2393.167788136322
3015497,2393.167788136322
3017279,2393.167788136322
3019061,2393.167788136322
3020843,2393.167788136322
3022625,2393.167788136322
3024407,2393.167788136322
3026189,2393.167788136322
3027971,2393.167788136322
3001242,29379.993670687425
3003024,29379.993670687425
3004806,29379.993670687425
3006588,29379.993670687425
3008370,29379.993670687425
3010152,29379.993670687425
3011934,29379.993670687425
3013716,29379.993670687425
3015498,29379.993670687425
3017280,29379.993670687425
3019062,29379.993670687425
3020844,29379.993670687425
3022626,29379.993670687425
3024408,29379.993670687425
3026190,29379.993670687425
3027972,29379.993670687425
3001243,28191.69775395516
3003025,28191.69775395516
3004807,28191.69775395516
3006589,28191.69775395516
3008371,28191.69775395516
3010153,28191.69775395516
3011935,28191.69775395516
3013717,28191.69775395516
3015499,28191.69775395516
3017281,28191.69775395516
3019063,28191.69775395516
3020845,28191.69775395516
3022627,28191.69775395516
3024409,28191.69775395516
3026191,28191.69775395516
3027973,28191.69775395516
3001244,2393.167788136322
3003026,2393.167788136322
3004808,2393.167788136322
3006590,2393.167788136322
3008372,2393.167788136322
3010154,2393.167788136322
3011936,2393.167788136322
3013718,2393.167788136322
3015500,2393.167788136322
3017282,2393.167788136322
3019064,2393.167788136322
3020846,2393.167788136322
3022628,2393.167788136322
3024410,2393.167788136322
3026192,2393.167788136322
3027974,2393.167788136322
3001245,2393.167788136322
3003027,2393.167788136322
3004809,2393.167788136322
3006591,2393.167788136322
3008373,2393.167788136322
3010155,2393.167788136322
3011937,2393.167788136322
3013719,2393.167788136322
3015501,2393.167788136322
3017283,2393.167788136322
3019065,2393.167788136322
3020847,2393.167788136322
3022629,2393.167788136322
3024411,2393.167788136322
3026193,2393.167788136322
3027975,2393.167788136322
3001246,29379.993670687425
3003028,29379.993670687425
3004810,29379.993670687425
3006592,29379.993670687425
3008374,29379.993670687425
3010156,29379.993670687425
3011938,29379.993670687425
3013720,29379.993670687425
3015502,29379.993670687425
3017284,29379.993670687425
3019066,29379.993670687425
3020848,29379.993670687425
3022630,29379.993670687425
3024412,29379.993670687425
3026194,29379.993670687425
3027976,29379.993670687425
3001247,18867.114598218865
3003029,18867.114598218865
3004811,18867.114598218865
3006593,18867.114598218865
3008375,18867.114598218865
3010157,18867.114598218865
3011939,18867.114598218865
3013721,18867.114598218865
3015503,18867.114598218865
3017285,18867.114598218865
3019067,18867.114598218865
3020849,18867.114598218865
3022631,18867.114598218865
3024413,18867.114598218865
3026195,18867.114598218865
3027977,18867.114598218865
3001248,32530.527067124498
3003030,32530.527067124498
3004812,32530.527067124498
3006594,32530.527067124498
3008376,32530.527067124498
3010158,32530.527067124498
3011940,32530.527067124498
3013722,32530.527067124498
3015504,32530.527067124498
3017286,32530.527067124498
3019068,32530.527067124498
3020850,32530.527067124498
3022632,32530.527067124498
3024414,32530.527067124498
3026196,32530.527067124498
3027978,32530.527067124498
3001249,2393.167788136322
3003031,2393.167788136322
3004813,2393.167788136322
3006595,2393.167788136322
3008377,2393.167788136322
3010159,2393.167788136322
3011941,2393.167788136322
3013723,2393.167788136322
3015505,2393.167788136322
3017287,2393.167788136322
3019069,2393.167788136322
3020851,2393.167788136322
3022633,2393.167788136322
3024415,2393.167788136322
3026197,2393.167788136322
3027979,2393.167788136322
3001250,2393.167788136322
3003032,2393.167788136322
3004814,2393.167788136322
3006596,2393.167788136322
3008378,2393.167788136322
3010160,2393.167788136322
3011942,2393.167788136322
3013724,2393.167788136322
3015506,2393.167788136322
3017288,2393.167788136322
3019070,2393.167788136322
3020852,2393.167788136322
3022634,2393.167788136322
3024416,2393.167788136322
3026198,2393.167788136322
3027980,2393.167788136322
3001284,2393.167788136322
3003066,2393.167788136322
3004848,2393.167788136322
3006630,2393.167788136322
3008412,2393.167788136322
3010194,2393.167788136322
3011976,2393.167788136322
3013758,2393.167788136322
3015540,2393.167788136322
3017322,2393.167788136322
3019104,2393.167788136322
3020886,2393.167788136322
3022668,2393.167788136322
3024450,2393.167788136322
3026232,2393.167788136322
3028014,2393.167788136322
3001285,2393.167788136322
3003067,2393.167788136322
3004849,2393.167788136322
3006631,2393.167788136322
3008413,2393.167788136322
3010195,2393.167788136322
3011977,2393.167788136322
3013759,2393.167788136322
3015541,2393.167788136322
3017323,2393.167788136322
3019105,2393.167788136322
3020887,2393.167788136322
3022669,2393.167788136322
3024451,2393.167788136322
3026233,2393.167788136322
3028015,2393.167788136322
3001286,2393.167788136322
3003068,2393.167788136322
3004850,2393.167788136322
3006632,2393.167788136322
3008414,2393.167788136322
3010196,2393.167788136322
3011978,2393.167788136322
3013760,2393.167788136322
3015542,2393.167788136322
3017324,2393.167788136322
3019106,2393.167788136322
3020888,2393.167788136322
3022670,2393.167788136322
3024452,2393.167788136322
3026234,2393.167788136322
3028016,2393.167788136322
3001287,3.007842063574425e+108
3003069,3.007842063574425e+108
3004851,3.007842063574425e+108
3006633,3.007842063574425e+108
3008415,3.007842063574425e+108
3010197,3.007842063574425e+108
3011979,3.007842063574425e+108
3013761,3.007842063574425e+108
3015543,3.007842063574425e+108
3017325,3.007842063574425e+108
3019107,3.007842063574425e+108
3020889,3.007842063574425e+108
3022671,3.007842063574425e+108
3024453,3.007842063574425e+108
3026235,3.007842063574425e+108
3028017,3.007842063574425e+108
3001288,2393.167788136322
3003070,2393.167788136322
3004852,2393.167788136322
3006634,2393.167788136322
3008416,2393.167788136322
3010198,2393.167788136322
3011980,2393.167788136322
3013762,2393.167788136322
3015544,2393.167788136322
3017326,2393.167788136322
3019108,2393.167788136322
3020890,2393.167788136322
3022672,2393.167788136322
3024454,2393.167788136322
3026236,2393.167788136322
3028018,2393.167788136322
3001289,29379.993670687425
3003071,29379.993670687425
3004853,29379.993670687425
3006635,29379.993670687425
3008417,29379.993670687425
3010199,29379.993670687425
3011981,29379.993670687425
3013763,29379.993670687425
3015545,29379.993670687425
3017327,29379.993670687425
3019109,29379.993670687425
3020891,29379.993670687425
3022673,29379.993670687425
3024455,29379.993670687425
3026237,29379.993670687425
3028019,29379.993670687425
3001290,2393.167788136322
3003072,2393.167788136322
3004854,2393.167788136322
3006636,2393.167788136322
3008418,2393.167788136322
3010200,2393.167788136322
3011982,2393.167788136322
3013764,2393.167788136322
3015546,2393.167788136322
3017328,2393.167788136322
3019110,2393.167788136322
3020892,2393.167788136322
3022674,2393.167788136322
3024456,2393.167788136322
3026238,2393.167788136322
3028020,2393.167788136322
3001291,1.4890016199601365e+39
3003073,1.4890016199601365e+39
3004855,1.4890016199601365e+39
3006637,1.4890016199601365e+39
3008419,1.4890016199601365e+39
3010201,1.4890016199601365e+39
3011983,1.4890016199601365e+39
3013765,1.4890016199601365e+39
3015547,1.4890016199601365e+39
3017329,1.4890016199601365e+39
3019111,1.4890016199601365e+39
3020893,1.4890016199601365e+39
3022675,1.4890016199601365e+39
3024457,1.4890016199601365e+39
3026239,1.4890016199601365e+39
3028021,1.4890016199601365e+39
3001292,32530.527067124498
3003074,32530.527067124498
3004856,32530.527067124498
3006638,32530.527067124498
3008420,32530.527067124498
3010202,32530.527067124498
3011984,32530.527067124498
3013766,32530.527067124498
3015548,32530.527067124498
3017330,32530.527067124498
3019112,32530.527067124498
3020894,32530.527067124498
3022676,32530.527067124498
3024458,32530.527067124498
3026240,32530.527067124498
3028022,32530.527067124498
3001293,28191.69775395516
3003075,28191.69775395516
3004857,28191.69775395516
3006639,28191.69775395516
3008421,28191.69775395516
3010203,28191.69775395516
3011985,28191.69775395516
3013767,28191.69775395516
3015549,28191.69775395516
3017331,28191.69775395516
3019113,28191.69775395516
3020895,28191.69775395516
3022677,28191.69775395516
3024459,28191.69775395516
3026241,28191.69775395516
3028023,28191.69775395516
3001294,28191.69775395516
3003076,28191.69775395516
3004858,28191.69775395516
3006640,28191.69775395516
3008422,28191.69775395516
3010204,28191.69775395516
3011986,28191.69775395516
3013768,28191.69775395516
3015550,28191.69775395516
3017332,28191.69775395516
3019114,28191.69775395516
3020896,28191.69775395516
3022678,28191.69775395516
3024460,28191.69775395516
3026242,28191.69775395516
3028024,28191.69775395516
3001295,25447.284195908585
3003077,25447.284195908585
3004859,25447.284195908585
3006641,25447.284195908585
3008423,25447.284195908585
3010205,25447.284195908585
3011987,25447.284195908585
3013769,25447.284195908585
3015551,25447.284195908585
3017333,25447.284195908585
3019115,25447.284195908585
3020897,25447.284195908585
3022679,25447.284195908585
3024461,25447.284195908585
3026243,25447.284195908585
3028025,25447.284195908585
3001296,4.041054834009305e+87
3003078,4.041054834009305e+87
3004860,4.041054834009305e+87
3006642,6.42029037014039e+90
3008424,6.42029037014039e+90
3010206,4.041054834009305e+87
3011988,4.041054834009305e+87
3013770,4.041054834009305e+87
3015552,4.041054834009305e+87
3017334,4.041054834009305e+87
3019116,6.42029037014039e+90
3020898,6.42029037014039e+90
3022680,4.041054834009305e+87
3024462,4.041054834009305e+87
3026244,4.041054834009305e+87
3028026,4.041054834009305e+87
3001297,2393.167788136322
3003079,2393.167788136322
3004861,2393.167788136322
3006643,2393.167788136322
3008425,2393.167788136322
3010207,2393.167788136322
3011989,2393.167788136322
3013771,2393.167788136322
3015553,2393.167788136322
3017335,2393.167788136322
3019117,2393.167788136322
3020899,2393.167788136322
3022681,2393.167788136322
3024463,2393.167788136322
3026245,2393.167788136322
3028027,2393.167788136322
3001298,2393.167788136322
3003080,2393.167788136322
3004862,2393.167788136322
3006644,2393.167788136322
3008426,2393.167788136322
3010208,2393.167788136322
3011990,2393.167788136322
3013772,2393.167788136322
3015554,2393.167788136322
3017336,2393.167788136322
3019118,2393.167788136322
3020900,2393.167788136322
3022682,2393.167788136322
3024464,2393.167788136322
3026246,2393.167788136322
3028028,2393.167788136322
3001299,2393.167788136322
3003081,2393.167788136322
3004863,2393.167788136322
3006645,2393.167788136322
3008427,2393.167788136322
3010209,2393.167788136322
3011991,2393.167788136322
3013773,2393.167788136322
3015555,2393.167788136322
3017337,2393.167788136322
3019119,2393.167788136322
3020901,2393.167788136322
3022683,2393.167788136322
3024465,2393.167788136322
3026247,2393.167788136322
3028029,2393.167788136322
3001300,2393.167788136322
3003082,2393.167788136322
3004864,2393.167788136322
3006646,2393.167788136322
3008428,2393.167788136322
3010210,2393.167788136322
3011992,2393.167788136322
3013774,2393.167788136322
3015556,2393.167788136322
3017338,2393.167788136322
3019120,2393.167788136322
3020902,2393.167788136322
3022684,2393.167788136322
3024466,2393.167788136322
3026248,2393.167788136322
3028030,2393.167788136322
3001301,2393.167788136322
3003083,2393.167788136322
3004865,2393.167788136322
3006647,2393.167788136322
3008429,2393.167788136322
3010211,2393.167788136322
3011993,2393.167788136322
3013775,2393.167788136322
3015557,2393.167788136322
3017339,2393.167788136322
3019121,2393.167788136322
3020903,2393.167788136322
3022685,2393.167788136322
3024467,2393.167788136322
3026249,2393.167788136322
3028031,2393.167788136322
3001302,2393.167788136322
3003084,2393.167788136322
3004866,2393.167788136322
3006648,2393.167788136322
3008430,2393.167788136322
3010212,2393.167788136322
3011994,2393.167788136322
3013776,2393.167788136322
3015558,2393.167788136322
3017340,2393.167788136322
3019122,2393.167788136322
3020904,2393.167788136322
3022686,2393.167788136322
3024468,2393.167788136322
3026250,2393.167788136322
3028032,2393.167788136322
3001303,2393.167788136322
3003085,2393.167788136322
3004867,2393.167788136322
3006649,2393.167788136322
3008431,2393.167788136322
3010213,2393.167788136322
3011995,2393.167788136322
3013777,2393.167788136322
3015559,2393.167788136322
3017341,2393.167788136322
3019123,2393.167788136322
3020905,2393.167788136322
3022687,2393.167788136322
3024469,2393.167788136322
3026251,2393.167788136322
3028033,2393.167788136322
3001304,2393.167788136322
3003086,2393.167788136322
3004868,2393.167788136322
3006650,2393.167788136322
3008432,2393.167788136322
3010214,2393.167788136322
3011996,2393.167788136322
3013778,2393.167788136322
3015560,2393.167788136322
3017342,2393.167788136322
3019124,2393.167788136322
3020906,2393.167788136322
3022688,2393.167788136322
3024470,2393.167788136322
3026252,2393.167788136322
3028034,2393.167788136322
3001305,2393.167788136322
3003087,2393.167788136322
3004869,2393.167788136322
3006651,2393.167788136322
3008433,2393.167788136322
3010215,2393.167788136322
3011997,2393.167788136322
3013779,2393.167788136322
3015561,2393.167788136322
3017343,2393.167788136322
3019125,2393.167788136322
3020907,2393.167788136322
3022689,2393.167788136322
3024471,2393.167788136322
3026253,2393.167788136322
3028035,2393.167788136322
3001306,13755.84775951168
3003088,13755.84775951168
3004870,13755.84775951168
3006652,13755.84775951168
3008434,13755.84775951168
3010216,13755.84775951168
3011998,13755.84775951168
3013780,13755.84775951168
3015562,13755.84775951168
3017344,13755.84775951168
3019126,13755.84775951168
3020908,13755.84775951168
3022690,13755.84775951168
3024472,13755.84775951168
3026254,13755.84775951168
3028036,13755.84775951168
3001307,2393.167788136322
3003089,2393.167788136322
3004871,2393.167788136322
3006653,2393.167788136322
3008435,2393.167788136322
3010217,2393.167788136322
3011999,2393.167788136322
3013781,2393.167788136322
3015563,2393.167788136322
3017345,2393.167788136322
3019127,2393.167788136322
3020909,2393.167788136322
3022691,2393.167788136322
3024473,2393.167788136322
3026255,2393.167788136322
3028037,2393.167788136322
3001308,29379.993670687425
3003090,29379.993670687425
3004872,29379.993670687425
3006654,29379.993670687425
3008436,29379.993670687425
3010218,29379.993670687425
3012000,29379.993670687425
3013782,29379.993670687425
3015564,29379.993670687425
3017346,29379.993670687425
3019128,29379.993670687425
3020910,29379.993670687425
3022692,29379.993670687425
3024474,29379.993670687425
3026256,29379.993670687425
3028038,29379.993670687425
3001309,28191.69775395516
3003091,28191.69775395516
3004873,28191.69775395516
3006655,28191.69775395516
3008437,28191.69775395516
3010219,28191.69775395516
3012001,28191.69775395516
3013783,28191.69775395516
3015565,28191.69775395516
3017347,28191.69775395516
3019129,28191.69775395516
3020911,28191.69775395516
3022693,28191.69775395516
3024475,28191.69775395516
3026257,28191.69775395516
3028039,28191.69775395516
3001310,2393.167788136322
3003092,2393.167788136322
3004874,2393.167788136322
3006656,2393.167788136322
3008438,2393.167788136322
3010220,2393.167788136322
3012002,2393.167788136322
3013784,2393.167788136322
3015566,2393.167788136322
3017348,2393.167788136322
3019130,2393.167788136322
3020912,2393.167788136322
3022694,2393.167788136322
3024476,2393.167788136322
3026258,2393.167788136322
3028040,2393.167788136322
3001311,2393.167788136322
3003093,2393.167788136322
3004875,2393.167788136322
3006657,2393.167788136322
3008439,2393.167788136322
3010221,2393.167788136322
3012003,2393.167788136322
3013785,2393.167788136322
3015567,2393.167788136322
3017349,2393.167788136322
3019131,2393.167788136322
3020913,2393.167788136322
3022695,2393.167788136322
3024477,2393.167788136322
3026259,2393.167788136322
3028041,2393.167788136322
3001312,29379.993670687425
3003094,29379.993670687425
3004876,29379.993670687425
3006658,29379.993670687425
3008440,29379.993670687425
3010222,29379.993670687425
3012004,29379.993670687425
3013786,29379.993670687425
3015568,29379.993670687425
3017350,29379.993670687425
3019132,29379.993670687425
3020914,29379.993670687425
3022696,29379.993670687425
3024478,29379.993670687425
3026260,29379.993670687425
3028042,29379.993670687425
3001313,18867.114598218865
3003095,18867.114598218865
3004877,18867.114598218865
3006659,18867.114598218865
3008441,18867.114598218865
3010223,18867.114598218865
3012005,18867.114598218865
3013787,18867.114598218865
3015569,18867.114598218865
3017351,18867.114598218865
3019133,18867.114598218865
3020915,18867.114598218865
3022697,18867.114598218865
3024479,18867.114598218865
3026261,18867.114598218865
3028043,18867.114598218865
3001314,32530.527067124498
3003096,32530.527067124498
3004878,32530.527067124498
3006660,32530.527067124498
3008442,32530.527067124498
3010224,32530.527067124498
3012006,32530.527067124498
3013788,32530.527067124498
3015570,32530.527067124498
3017352,32530.527067124498
3019134,32530.527067124498
3020916,32530.527067124498
3022698,32530.527067124498
3024480,32530.527067124498
3026262,32530.527067124498
3028044,32530.527067124498
3001315,2393.167788136322
3003097,2393.167788136322
3004879,2393.167788136322
3006661,2393.167788136322
3008443,2393.167788136322
3010225,2393.167788136322
3012007,2393.167788136322
3013789,2393.167788136322
3015571,2393.167788136322
3017353,2393.167788136322
3019135,2393.167788136322
3020917,2393.167788136322
3022699,2393.167788136322
3024481,2393.167788136322
3026263,2393.167788136322
3028045,2393.167788136322
3001316,2393.167788136322
3003098,2393.167788136322
3004880,2393.167788136322
3006662,2393.167788136322
3008444,2393.167788136322
3010226,2393.167788136322
3012008,2393.167788136322
3013790,2393.167788136322
3015572,2393.167788136322
3017354,2393.167788136322
3019136,2393.167788136322
3020918,2393.167788136322
3022700,2393.167788136322
3024482,2393.167788136322
3026264,2393.167788136322
3028046,2393.167788136322
3001317,2393.167788136322
3003099,2393.167788136322
3004881,2393.167788136322
3006663,2393.167788136322
3008445,2393.167788136322
3010227,2393.167788136322
3012009,2393.167788136322
3013791,2393.167788136322
3015573,2393.167788136322
3017355,2393.167788136322
3019137,2393.167788136322
3020919,2393.167788136322
3022701,2393.167788136322
3024483,2393.167788136322
3026265,2393.167788136322
3028047,2393.167788136322
3001318,2393.167788136322
3003100,2393.167788136322
3004882,2393.167788136322
3006664,2393.167788136322
3008446,2393.167788136322
3010228,2393.167788136322
3012010,2393.167788136322
3013792,2393.167788136322
3015574,2393.167788136322
3017356,2393.167788136322
3019138,2393.167788136322
3020920,2393.167788136322
3022702,2393.167788136322
3024484,2393.167788136322
3026266,2393.167788136322
3028048,2393.167788136322
3001319,2393.167788136322
3003101,2393.167788136322
3004883,2393.167788136322
3006665,2393.167788136322
3008447,2393.167788136322
3010229,2393.167788136322
3012011,2393.167788136322
3013793,2393.167788136322
3015575,2393.167788136322
3017357,2393.167788136322
3019139,2393.167788136322
3020921,2393.167788136322
3022703,2393.167788136322
3024485,2393.167788136322
3026267,2393.167788136322
3028049,2393.167788136322
3001320,3.007842063574425e+108
3003102,3.007842063574425e+108
3004884,3.007842063574425e+108
3006666,3.007842063574425e+108
3008448,3.007842063574425e+108
3010230,3.007842063574425e+108
3012012,3.007842063574425e+108
3013794,3.007842063574425e+108
3015576,3.007842063574425e+108
3017358,3.007842063574425e+108
3019140,3.007842063574425e+108
3020922,3.007842063574425e+108
3022704,3.007842063574425e+108
3024486,3.007842063574425e+108
3026268,3.007842063574425e+108
3028050,3.007842063574425e+108
3001321,2393.167788136322
3003103,2393.167788136322
3004885,2393.167788136322
3006667,2393.167788136322
3008449,2393.167788136322
3010231,2393.167788136322
3012013,2393.167788136322
3013795,2393.167788136322
3015577,2393.167788136322
3017359,2393.167788136322
3019141,2393.167788136322
3020923,2393.167788136322
3022705,2393.167788136322
3024487,2393.167788136322
3026269,2393.167788136322
3028051,2393.167788136322
3001322,29379.993670687425
3003104,29379.993670687425
3004886,29379.993670687425
3006668,29379.993670687425
3008450,29379.993670687425
3010232,29379.993670687425
3012014,29379.993670687425
3013796,29379.993670687425
3015578,29379.993670687425
3017360,29379.993670687425
3019142,29379.993670687425
3020924,29379.993670687425
3022706,29379.993670687425
3024488,29379.993670687425
3026270,29379.993670687425
3028052,29379.993670687425
3001323,2393.167788136322
3003105,2393.167788136322
3004887,2393.167788136322
3006669,2393.167788136322
3008451,2393.167788136322
3010233,2393.167788136322
3012015,2393.167788136322
3013797,2393.167788136322
3015579,2393.167788136322
3017361,2393.167788136322
3019143,2393.167788136322
3020925,2393.167788136322
3022707,2393.167788136322
3024489,2393.167788136322
3026271,2393.167788136322
3028053,2393.167788136322
3001324,1.4890016199601365e+39
3003106,1.4890016199601365e+39
3004888,1.4890016199601365e+39
3006670,1.4890016199601365e+39
3008452,1.4890016199601365e+39
3010234,1.4890016199601365e+39
3012016,1.4890016199601365e+39
3013798,1.4890016199601365e+39
3015580,1.4890016199601365e+39
3017362,1.4890016199601365e+39
3019144,1.4890016199601365e+39
3020926,1.4890016199601365e+39
3022708,1.4890016199601365e+39
3024490,1.4890016199601365e+39
3026272,1.4890016199601365e+39
3028054,1.4890016199601365e+39
3001325,32530.527067124498
3003107,32530.527067124498
3004889,32530.527067124498
3006671,32530.527067124498
3008453,32530.527067124498
3010235,32530.527067124498
3012017,32530.527067124498
3013799,32530.527067124498
3015581,32530.527067124498
3017363,32530.527067124498
3019145,32530.527067124498
3020927,32530.527067124498
3022709,32530.527067124498
3024491,32530.527067124498
3026273,32530.527067124498
3028055,32530.527067124498
3001326,28191.69775395516
3003108,28191.69775395516
3004890,28191.69775395516
3006672,28191.69775395516
3008454,28191.69775395516
3010236,28191.69775395516
3012018,28191.69775395516
3013800,28191.69775395516
3015582,28191.69775395516
3017364,28191.69775395516
3019146,28191.69775395516
3020928,28191.69775395516
3022710,28191.69775395516
3024492,28191.69775395516
3026274,28191.69775395516
3028056,28191.69775395516
3001327,28191.69775395516
3003109,28191.69775395516
3004891,28191.69775395516
3006673,28191.69775395516
3008455,28191.69775395516
3010237,28191.69775395516
3012019,28191.69775395516
3013801,28191.69775395516
3015583,28191.69775395516
3017365,28191.69775395516
3019147,28191.69775395516
3020929,28191.69775395516
3022711,28191.69775395516
3024493,28191.69775395516
3026275,28191.69775395516
3028057,28191.69775395516
3001328,25447.284195908585
3003110,25447.284195908585
3004892,25447.284195908585
3006674,25447.284195908585
3008456,25447.284195908585
3010238,25447.284195908585
3012020,25447.284195908585
3013802,25447.284195908585
3015584,25447.284195908585
3017366,25447.284195908585
3019148,25447.284195908585
3020930,25447.284195908585
3022712,25447.284195908585
3024494,25447.284195908585
3026276,25447.284195908585
3028058,25447.284195908585
3001329,4.041054834009305e+87
3003111,4.041054834009305e+87
3004893,4.041054834009305e+87
3006675,6.42029037014039e+90
3008457,6.42029037014039e+90
3010239,4.041054834009305e+87
3012021,4.041054834009305e+87
3013803,4.041054834009305e+87
3015585,4.041054834009305e+87
3017367,4.041054834009305e+87
3019149,6.42029037014039e+90
3020931,6.42029037014039e+90
3022713,4.041054834009305e+87
3024495,4.041054834009305e+87
3026277,4.041054834009305e+87
3028059,4.041054834009305e+87
3001330,2393.167788136322
3003112,2393.167788136322
3004894,2393.167788136322
3006676,2393.167788136322
3008458,2393.167788136322
3010240,2393.167788136322
3012022,2393.167788136322
3013804,2393.167788136322
3015586,2393.167788136322
3017368,2393.167788136322
3019150,2393.167788136322
3020932,2393.167788136322
3022714,2393.167788136322
3024496,2393.167788136322
3026278,2393.167788136322
3028060,2393.167788136322
3001331,2393.167788136322
3003113,2393.167788136322
3004895,2393.167788136322
3006677,2393.167788136322
3008459,2393.167788136322
3010241,2393.167788136322
3012023,2393.167788136322
3013805,2393.167788136322
3015587,2393.167788136322
3017369,2393.167788136322
3019151,2393.167788136322
3020933,2393.167788136322
3022715,2393.167788136322
3024497,2393.167788136322
3026279,2393.167788136322
3028061,2393.167788136322
3001332,2393.167788136322
3003114,2393.167788136322
3004896,2393.167788136322
3006678,2393.167788136322
3008460,2393.167788136322
3010242,2393.167788136322
3012024,2393.167788136322
3013806,2393.167788136322
3015588,2393.167788136322
3017370,2393.167788136322
3019152,2393.167788136322
3020934,2393.167788136322
3022716,2393.167788136322
3024498,2393.167788136322
3026280,2393.167788136322
3028062,2393.167788136322
3001333,2393.167788136322
3003115,2393.167788136322
3004897,2393.167788136322
3006679,2393.167788136322
3008461,2393.167788136322
3010243,2393.167788136322
3012025,2393.167788136322
3013807,2393.167788136322
3015589,2393.167788136322
3017371,2393.167788136322
3019153,2393.167788136322
3020935,2393.167788136322
3022717,2393.167788136322
3024499,2393.167788136322
3026281,2393.167788136322
3028063,2393.167788136322
3001334,2393.167788136322
3003116,2393.167788136322
3004898,2393.167788136322
3006680,2393.167788136322
3008462,2393.167788136322
3010244,2393.167788136322
3012026,2393.167788136322
3013808,2393.167788136322
3015590,2393.167788136322
3017372,2393.167788136322
3019154,2393.167788136322
3020936,2393.167788136322
3022718,2393.167788136322
3024500,2393.167788136322
3026282,2393.167788136322
3028064,2393.167788136322
3001335,2393.167788136322
3003117,2393.167788136322
3004899,2393.167788136322
3006681,2393.167788136322
3008463,2393.167788136322
3010245,2393.167788136322
3012027,2393.167788136322
3013809,2393.167788136322
3015591,2393.167788136322
3017373,2393.167788136322
3019155,2393.167788136322
3020937,2393.167788136322
3022719,2393.167788136322
3024501,2393.167788136322
3026283,2393.167788136322
3028065,2393.167788136322
3001336,2393.167788136322
3003118,2393.167788136322
3004900,2393.167788136322
3006682,2393.167788136322
3008464,2393.167788136322
3010246,2393.167788136322
3012028,2393.167788136322
3013810,2393.167788136322
3015592,2393.167788136322
3017374,2393.167788136322
3019156,2393.167788136322
3020938,2393.167788136322
3022720,2393.167788136322
3024502,2393.167788136322
3026284,2393.167788136322
3028066,2393.167788136322
3001337,2393.167788136322
3003119,2393.167788136322
3004901,2393.167788136322
3006683,2393.167788136322
3008465,2393.167788136322
3010247,2393.167788136322
3012029,2393.167788136322
3013811,2393.167788136322
3015593,2393.167788136322
3017375,2393.167788136322
3019157,2393.167788136322
3020939,2393.167788136322
3022721,2393.167788136322
3024503,2393.167788136322
3026285,2393.167788136322
3028067,2393.167788136322
3001338,2393.167788136322
3003120,2393.167788136322
3004902,2393.167788136322
3006684,2393.167788136322
3008466,2393.167788136322
3010248,2393.167788136322
3012030,2393.167788136322
3013812,2393.167788136322
3015594,2393.167788136322
3017376,2393.167788136322
3019158,2393.167788136322
3020940,2393.167788136322
3022722,2393.167788136322
3024504,2393.167788136322
3026286,2393.167788136322
3028068,2393.167788136322
3001339,13755.84775951168
3003121,13755.84775951168
3004903,13755.84775951168
3006685,13755.84775951168
3008467,13755.84775951168
3010249,13755.84775951168
3012031,13755.84775951168
3013813,13755.84775951168
3015595,13755.84775951168
3017377,13755.84775951168
3019159,13755.84775951168
3020941,13755.84775951168
3022723,13755.84775951168
3024505,13755.84775951168
3026287,13755.84775951168
3028069,13755.84775951168
3001340,2393.167788136322
3003122,2393.167788136322
3004904,2393.167788136322
3006686,2393.167788136322
3008468,2393.167788136322
3010250,2393.167788136322
3012032,2393.167788136322
3013814,2393.167788136322
3015596,2393.167788136322
3017378,2393.167788136322
3019160,2393.167788136322
3020942,2393.167788136322
3022724,2393.167788136322
3024506,2393.167788136322
3026288,2393.167788136322
3028070,2393.167788136322
3001341,29379.993670687425
3003123,29379.993670687425
3004905,29379.993670687425
3006687,29379.993670687425
3008469,29379.993670687425
3010251,29379.993670687425
3012033,29379.993670687425
3013815,29379.993670687425
3015597,29379.993670687425
3017379,29379.993670687425
3019161,29379.993670687425
3020943,29379.993670687425
3022725,29379.993670687425
3024507,29379.993670687425
3026289,29379.993670687425
3028071,29379.993670687425
3001342,28191.69775395516
3003124,28191.69775395516
3004906,28191.69775395516
3006688,28191.69775395516
3008470,28191.69775395516
3010252,28191.69775395516
3012034,28191.69775395516
3013816,28191.69775395516
3015598,28191.69775395516
3017380,28191.69775395516
3019162,28191.69775395516
3020944,28191.69775395516
3022726,28191.69775395516
3024508,28191.69775395516
3026290,28191.69775395516
3028072,28191.69775395516
3001343,2393.167788136322
3003125,2393.167788136322
3004907,2393.167788136322
3006689,2393.167788136322
3008471,2393.167788136322
3010253,2393.167788136322
3012035,2393.167788136322
3013817,2393.167788136322
3015599,2393.167788136322
3017381,2393.167788136322
3019163,2393.167788136322
3020945,2393.167788136322
3022727,2393.167788136322
3024509,2393.167788136322
3026291,2393.167788136322
3028073,2393.167788136322
3001344,2393.167788136322
3003126,2393.167788136322
3004908,2393.167788136322
3006690,2393.167788136322
3008472,2393.167788136322
3010254,2393.167788136322
3012036,2393.167788136322
3013818,2393.167788136322
3015600,2393.167788136322
3017382,2393.167788136322
3019164,2393.167788136322
3020946,2393.167788136322
3022728,2393.167788136322
3024510,2393.167788136322
3026292,2393.167788136322
3028074,2393.167788136322
3001345,29379.993670687425
3003127,29379.993670687425
3004909,29379.993670687425
3006691,29379.993670687425
3008473,29379.993670687425
3010255,29379.993670687425
3012037,29379.993670687425
3013819,29379.993670687425
3015601,29379.993670687425
3017383,29379.993670687425
3019165,29379.993670687425
3020947,29379.993670687425
3022729,29379.993670687425
3024511,29379.993670687425
3026293,29379.993670687425
3028075,29379.993670687425
3001346,18867.114598218865
3003128,18867.114598218865
3004910,18867.114598218865
3006692,18867.114598218865
3008474,18867.114598218865
3010256,18867.114598218865
3012038,18867.114598218865
3013820,18867.114598218865
3015602,18867.114598218865
3017384,18867.114598218865
3019166,18867.114598218865
3020948,18867.114598218865
3022730,18867.114598218865
3024512,18867.114598218865
3026294,18867.114598218865
3028076,18867.114598218865
3001347,32530.527067124498
3003129,32530.527067124498
3004911,32530.527067124498
3006693,32530.527067124498
3008475,32530.527067124498
3010257,32530.527067124498
3012039,32530.527067124498
3013821,32530.527067124498
3015603,32530.527067124498
3017385,32530.527067124498
3019167,32530.527067124498
3020949,32530.527067124498
3022731,32530.527067124498
3024513,32530.527067124498
3026295,32530.527067124498
3028077,32530.527067124498
3001348,2393.167788136322
3003130,2393.167788136322
3004912,2393.167788136322
3006694,2393.167788136322
3008476,2393.167788136322
3010258,2393.167788136322
3012040,2393.167788136322
3013822,2393.167788136322
3015604,2393.167788136322
3017386,2393.167788136322
3019168,2393.167788136322
3020950,2393.167788136322
3022732,2393.167788136322
3024514,2393.167788136322
3026296,2393.167788136322
3028078,2393.167788136322
3001349,2393.167788136322
3003131,2393.167788136322
3004913,2393.167788136322
3006695,2393.167788136322
3008477,2393.167788136322
3010259,2393.167788136322
3012041,2393.167788136322
3013823,2393.167788136322
3015605,2393.167788136322
3017387,2393.167788136322
3019169,2393.167788136322
3020951,2393.167788136322
3022733,2393.167788136322
3024515,2393.167788136322
3026297,2393.167788136322
3028079,2393.167788136322
3001350,2393.167788136322
3003132,2393.167788136322
3004914,2393.167788136322
3006696,2393.167788136322
3008478,2393.167788136322
3010260,2393.167788136322
3012042,2393.167788136322
3013824,2393.167788136322
3015606,2393.167788136322
3017388,2393.167788136322
3019170,2393.167788136322
3020952,2393.167788136322
3022734,2393.167788136322
3024516,2393.167788136322
3026298,2393.167788136322
3028080,2393.167788136322
3001351,2393.167788136322
3003133,2393.167788136322
3004915,2393.167788136322
3006697,2393.167788136322
3008479,2393.167788136322
3010261,2393.167788136322
3012043,2393.167788136322
3013825,2393.167788136322
3015607,2393.167788136322
3017389,2393.167788136322
3019171,2393.167788136322
3020953,2393.167788136322
3022735,2393.167788136322
3024517,2393.167788136322
3026299,2393.167788136322
3028081,2393.167788136322
3001352,2393.167788136322
3003134,2393.167788136322
3004916,2393.167788136322
3006698,2393.167788136322
3008480,2393.167788136322
3010262,2393.167788136322
3012044,2393.167788136322
3013826,2393.167788136322
3015608,2393.167788136322
3017390,2393.167788136322
3019172,2393.167788136322
3020954,2393.167788136322
3022736,2393.167788136322
3024518,2393.167788136322
3026300,2393.167788136322
3028082,2393.167788136322
3001353,3.007842063574425e+108
3003135,3.007842063574425e+108
3004917,3.007842063574425e+108
3006699,3.007842063574425e+108
3008481,3.007842063574425e+108
3010263,3.007842063574425e+108
3012045,3.007842063574425e+108
3013827,3.007842063574425e+108
3015609,3.007842063574425e+108
3017391,3.007842063574425e+108
3019173,3.007842063574425e+108
3020955,3.007842063574425e+108
3022737,3.007842063574425e+108
3024519,3.007842063574425e+108
3026301,3.007842063574425e+108
3028083,3.007842063574425e+108
3001354,2393.167788136322
3003136,2393.167788136322
3004918,2393.167788136322
3006700,2393.167788136322
3008482,2393.167788136322
3010264,2393.167788136322
3012046,2393.167788136322
3013828,2393.167788136322
3015610,2393.167788136322
3017392,2393.167788136322
3019174,2393.167788136322
3020956,2393.167788136322
3022738,2393.167788136322
3024520,2393.167788136322
3026302,2393.167788136322
3028084,2393.167788136322
3001355,29379.993670687425
3003137,29379.993670687425
3004919,29379.993670687425
3006701,29379.993670687425
3008483,29379.993670687425
3010265,29379.993670687425
3012047,29379.993670687425
3013829,29379.993670687425
3015611,29379.993670687425
3017393,29379.993670687425
3019175,29379.993670687425
3020957,29379.993670687425
3022739,29379.993670687425
3024521,29379.993670687425
3026303,29379.993670687425
3028085,29379.993670687425
3001356,2393.167788136322
3003138,2393.167788136322
3004920,2393.167788136322
3006702,2393.167788136322
3008484,2393.167788136322
3010266,2393.167788136322
3012048,2393.167788136322
3013830,2393.167788136322
3015612,2393.167788136322
3017394,2393.167788136322
3019176,2393.167788136322
3020958,2393.167788136322
3022740,2393.167788136322
3024522,2393.167788136322
3026304,2393.167788136322
3028086,2393.167788136322
3001357,1.4890016199601365e+39
3003139,1.4890016199601365e+39
3004921,1.4890016199601365e+39
3006703,1.4890016199601365e+39
3008485,1.4890016199601365e+39
3010267,1.4890016199601365e+39
3012049,1.4890016199601365e+39
3013831,1.4890016199601365e+39
3015613,1.4890016199601365e+39
3017395,1.4890016199601365e+39
3019177,1.4890016199601365e+39
3020959,1.4890016199601365e+39
3022741,1.4890016199601365e+39
3024523,1.4890016199601365e+39
3026305,1.4890016199601365e+39
3028087,1.4890016199601365e+39
3001358,32530.527067124498
3003140,32530.527067124498
3004922,32530.527067124498
3006704,32530.527067124498
3008486,32530.527067124498
3010268,32530.527067124498
3012050,32530.527067124498
3013832,32530.527067124498
3015614,32530.527067124498
3017396,32530.527067124498
3019178,32530.527067124498
3020960,32530.527067124498
3022742,32530.527067124498
3024524,32530.527067124498
3026306,32530.527067124498
3028088,32530.527067124498
3001359,28191.69775395516
3003141,28191.69775395516
3004923,28191.69775395516
3006705,28191.69775395516
3008487,28191.69775395516
3010269,28191.69775395516
3012051,28191.69775395516
3013833,28191.69775395516
3015615,28191.69775395516
3017397,28191.69775395516
3019179,28191.69775395516
3020961,28191.69775395516
3022743,28191.69775395516
3024525,28191.69775395516
3026307,28191.69775395516
3028089,28191.69775395516
3001360,28191.69775395516
3003142,28191.69775395516
3004924,28191.69775395516
3006706,28191.69775395516
3008488,28191.69775395516
3010270,28191.69775395516
3012052,28191.69775395516
3013834,28191.69775395516
3015616,28191.69775395516
3017398,28191.69775395516
3019180,28191.69775395516
3020962,28191.69775395516
3022744,28191.69775395516
3024526,28191.69775395516
3026308,28191.69775395516
3028090,28191.69775395516
3001361,25447.284195908585
3003143,25447.284195908585
3004925,25447.284195908585
3006707,25447.284195908585
3008489,25447.284195908585
3010271,25447.284195908585
3012053,25447.284195908585
3013835,25447.284195908585
3015617,25447.284195908585
3017399,25447.284195908585
3019181,25447.284195908585
3020963,25447.284195908585
3022745,25447.284195908585
3024527,25447.284195908585
3026309,25447.284195908585
3028091,25447.284195908585
3001362,4.041054834009305e+87
3003144,4.041054834009305e+87
3004926,4.041054834009305e+87
3006708,6.42029037014039e+90
3008490,6.42029037014039e+90
3010272,4.041054834009305e+87
3012054,4.041054834009305e+87
3013836,4.041054834009305e+87
3015618,4.041054834009305e+87
3017400,4.041054834009305e+87
3019182,6.42029037014039e+90
3020964,6.42029037014039e+90
3022746,4.041054834009305e+87
3024528,4.041054834009305e+87
3026310,4.041054834009305e+87
3028092,4.041054834009305e+87
3001363,2393.167788136322
3003145,2393.167788136322
3004927,2393.167788136322
3006709,2393.167788136322
3008491,2393.167788136322
3010273,2393.167788136322
3012055,2393.167788136322
3013837,2393.167788136322
3015619,2393.167788136322
3017401,2393.167788136322
3019183,2393.167788136322
3020965,2393.167788136322
3022747,2393.167788136322
3024529,2393.167788136322
3026311,2393.167788136322
3028093,2393.167788136322
3001364,2393.167788136322
3003146,2393.167788136322
3004928,2393.167788136322
3006710,2393.167788136322
3008492,2393.167788136322
3010274,2393.167788136322
3012056,2393.167788136322
3013838,2393.167788136322
3015620,2393.167788136322
3017402,2393.167788136322
3019184,2393.167788136322
3020966,2393.167788136322
3022748,2393.167788136322
3024530,2393.167788136322
3026312,2393.167788136322
3028094,2393.167788136322
3001365,2393.167788136322
3003147,2393.167788136322
3004929,2393.167788136322
3006711,2393.167788136322
3008493,2393.167788136322
3010275,2393.167788136322
3012057,2393.167788136322
3013839,2393.167788136322
3015621,2393.167788136322
3017403,2393.167788136322
3019185,2393.167788136322
3020967,2393.167788136322
3022749,2393.167788136322
3024531,2393.167788136322
3026313,2393.167788136322
3028095,2393.167788136322
3001366,2393.167788136322
3003148,2393.167788136322
3004930,2393.167788136322
3006712,2393.167788136322
3008494,2393.167788136322
3010276,2393.167788136322
3012058,2393.167788136322
3013840,2393.167788136322
3015622,2393.167788136322
3017404,2393.167788136322
3019186,2393.167788136322
3020968,2393.167788136322
3022750,2393.167788136322
3024532,2393.167788136322
3026314,2393.167788136322
3028096,2393.167788136322
3001367,2393.167788136322
3003149,2393.167788136322
3004931,2393.167788136322
3006713,2393.167788136322
3008495,2393.167788136322
3010277,2393.167788136322
3012059,2393.167788136322
3013841,2393.167788136322
3015623,2393.167788136322
3017405,2393.167788136322
3019187,2393.167788136322
3020969,2393.167788136322
3022751,2393.167788136322
3024533,2393.167788136322
3026315,2393.167788136322
3028097,2393.167788136322
3001368,2393.167788136322
3003150,2393.167788136322
3004932,2393.167788136322
3006714,2393.167788136322
3008496,2393.167788136322
3010278,2393.167788136322
3012060,2393.167788136322
3013842,2393.167788136322
3015624,2393.167788136322
3017406,2393.167788136322
3019188,2393.167788136322
3020970,2393.167788136322
3022752,2393.167788136322
3024534,2393.167788136322
3026316,2393.167788136322
3028098,2393.167788136322
3001369,2393.167788136322
3003151,2393.167788136322
3004933,2393.167788136322
3006715,2393.167788136322
3008497,2393.167788136322
3010279,2393.167788136322
3012061,2393.167788136322
3013843,2393.167788136322
3015625,2393.167788136322
3017407,2393.167788136322
3019189,2393.167788136322
3020971,2393.167788136322
3022753,2393.167788136322
3024535,2393.167788136322
3026317,2393.167788136322
3028099,2393.167788136322
3001370,2393.167788136322
3003152,2393.167788136322
3004934,2393.167788136322
3006716,2393.167788136322
3008498,2393.167788136322
3010280,2393.167788136322
3012062,2393.167788136322
3013844,2393.167788136322
3015626,2393.167788136322
3017408,2393.167788136322
3019190,2393.167788136322
3020972,2393.167788136322
3022754,2393.167788136322
3024536,2393.167788136322
3026318,2393.167788136322
3028100,2393.167788136322
3001371,2393.167788136322
3003153,2393.167788136322
3004935,2393.167788136322
3006717,2393.167788136322
3008499,2393.167788136322
3010281,2393.167788136322
3012063,2393.167788136322
3013845,2393.167788136322
3015627,2393.167788136322
3017409,2393.167788136322
3019191,2393.167788136322
3020973,2393.167788136322
3022755,2393.167788136322
3024537,2393.167788136322
3026319,2393.167788136322
3028101,2393.167788136322
3001372,13755.84775951168
3003154,13755.84775951168
3004936,13755.84775951168
3006718,13755.84775951168
3008500,13755.84775951168
3010282,13755.84775951168
3012064,13755.84775951168
3013846,13755.84775951168
3015628,13755.84775951168
3017410,13755.84775951168
3019192,13755.84775951168
3020974,13755.84775951168
3022756,13755.84775951168
3024538,13755.84775951168
3026320,13755.84775951168
3028102,13755.84775951168
3001373,2393.167788136322
3003155,2393.167788136322
3004937,2393.167788136322
3006719,2393.167788136322
3008501,2393.167788136322
3010283,2393.167788136322
3012065,2393.167788136322
3013847,2393.167788136322
3015629,2393.167788136322
3017411,2393.167788136322
3019193,2393.167788136322
3020975,2393.167788136322
3022757,2393.167788136322
3024539,2393.167788136322
3026321,2393.167788136322
3028103,2393.167788136322
3001374,29379.993670687425
3003156,29379.993670687425
3004938,29379.993670687425
3006720,29379.993670687425
3008502,29379.993670687425
3010284,29379.993670687425
3012066,29379.993670687425
3013848,29379.993670687425
3015630,29379.993670687425
3017412,29379.993670687425
3019194,29379.993670687425
3020976,29379.993670687425
3022758,29379.993670687425
3024540,29379.993670687425
3026322,29379.993670687425
3028104,29379.993670687425
3001375,28191.69775395516
3003157,28191.69775395516
3004939,28191.69775395516
3006721,28191.69775395516
3008503,28191.69775395516
3010285,28191.69775395516
3012067,28191.69775395516
3013849,28191.69775395516
3015631,28191.69775395516
3017413,28191.69775395516
3019195,28191.69775395516
3020977,28191.69775395516
3022759,28191.69775395516
3024541,28191.69775395516
3026323,28191.69775395516
3028105,28191.69775395516
3001376,2393.167788136322
3003158,2393.167788136322
3004940,2393.167788136322
3006722,2393.167788136322
3008504,2393.167788136322
3010286,2393.167788136322
3012068,2393.167788136322
3013850,2393.167788136322
3015632,2393.167788136322
3017414,2393.167788136322
3019196,2393.167788136322
3020978,2393.167788136322
3022760,2393.167788136322
3024542,2393.167788136322
3026324,2393.167788136322
3028106,2393.167788136322
3001377,2393.167788136322
3003159,2393.167788136322
3004941,2393.167788136322
3006723,2393.167788136322
3008505,2393.167788136322
3010287,2393.167788136322
3012069,2393.167788136322
3013851,2393.167788136322
3015633,2393.167788136322
3017415,2393.167788136322
3019197,2393.167788136322
3020979,2393.167788136322
3022761,2393.167788136322
3024543,2393.167788136322
3026325,2393.167788136322
3028107,2393.167788136322
3001378,29379.993670687425
3003160,29379.993670687425
3004942,29379.993670687425
3006724,29379.993670687425
3008506,29379.993670687425
3010288,29379.993670687425
3012070,29379.993670687425
3013852,29379.993670687425
3015634,29379.993670687425
3017416,29379.993670687425
3019198,29379.993670687425
3020980,29379.993670687425
3022762,29379.993670687425
3024544,29379.993670687425
3026326,29379.993670687425
3028108,29379.993670687425
3001379,18867.114598218865
3003161,18867.114598218865
3004943,18867.114598218865
3006725,18867.114598218865
3008507,18867.114598218865
3010289,18867.114598218865
3012071,18867.114598218865
3013853,18867.114598218865
3015635,18867.114598218865
3017417,18867.114598218865
3019199,18867.114598218865
3020981,18867.114598218865
3022763,18867.114598218865
3024545,18867.114598218865
3026327,18867.114598218865
3028109,18867.114598218865
3001380,32530.527067124498
3003162,32530.527067124498
3004944,32530.527067124498
3006726,32530.527067124498
3008508,32530.527067124498
3010290,32530.527067124498
3012072,32530.527067124498
3013854,32530.527067124498
3015636,32530.527067124498
3017418,32530.527067124498
3019200,32530.527067124498
3020982,32530.527067124498
3022764,32530.527067124498
3024546,32530.527067124498
3026328,32530.527067124498
3028110,32530.527067124498
3001381,2393.167788136322
3003163,2393.167788136322
3004945,2393.167788136322
3006727,2393.167788136322
3008509,2393.167788136322
3010291,2393.167788136322
3012073,2393.167788136322
3013855,2393.167788136322
3015637,2393.167788136322
3017419,2393.167788136322
3019201,2393.167788136322
3020983,2393.167788136322
3022765,2393.167788136322
3024547,2393.167788136322
3026329,2393.167788136322
3028111,2393.167788136322
3001382,2393.167788136322
3003164,2393.167788136322
3004946,2393.167788136322
3006728,2393.167788136322
3008510,2393.167788136322
3010292,2393.167788136322
3012074,2393.167788136322
3013856,2393.167788136322
3015638,2393.167788136322
3017420,2393.167788136322
3019202,2393.167788136322
3020984,2393.167788136322
3022766,2393.167788136322
3024548,2393.167788136322
3026330,2393.167788136322
3028112,2393.167788136322
3001383,2393.167788136322
3003165,2393.167788136322
3004947,2393.167788136322
3006729,2393.167788136322
3008511,2393.167788136322
3010293,2393.167788136322
3012075,2393.167788136322
3013857,2393.167788136322
3015639,2393.167788136322
3017421,2393.167788136322
3019203,2393.167788136322
3020985,2393.167788136322
3022767,2393.167788136322
3024549,2393.167788136322
3026331,2393.167788136322
3028113,2393.167788136322
3001384,2393.167788136322
3003166,2393.167788136322
3004948,2393.167788136322
3006730,2393.167788136322
3008512,2393.167788136322
3010294,2393.167788136322
3012076,2393.167788136322
3013858,2393.167788136322
3015640,2393.167788136322
3017422,2393.167788136322
3019204,2393.167788136322
3020986,2393.167788136322
3022768,2393.167788136322
3024550,2393.167788136322
3026332,2393.167788136322
3028114,2393.167788136322
3001385,2393.167788136322
3003167,2393.167788136322
3004949,2393.167788136322
3006731,2393.167788136322
3008513,2393.167788136322
3010295,2393.167788136322
3012077,2393.167788136322
3013859,2393.167788136322
3015641,2393.167788136322
3017423,2393.167788136322
3019205,2393.167788136322
3020987,2393.167788136322
3022769,2393.167788136322
3024551,2393.167788136322
3026333,2393.167788136322
3028115,2393.167788136322
3001386,3.007842063574425e+108
3003168,3.007842063574425e+108
3004950,3.007842063574425e+108
3006732,3.007842063574425e+108
3008514,3.007842063574425e+108
3010296,3.007842063574425e+108
3012078,3.007842063574425e+108
3013860,3.007842063574425e+108
3015642,3.007842063574425e+108
3017424,3.007842063574425e+108
3019206,3.007842063574425e+108
3020988,3.007842063574425e+108
3022770,3.007842063574425e+108
3024552,3.007842063574425e+108
3026334,3.007842063574425e+108
3028116,3.007842063574425e+108
3001387,2393.167788136322
3003169,2393.167788136322
3004951,2393.167788136322
3006733,2393.167788136322
3008515,2393.167788136322
3010297,2393.167788136322
3012079,2393.167788136322
3013861,2393.167788136322
3015643,2393.167788136322
3017425,2393.167788136322
3019207,2393.167788136322
3020989,2393.167788136322
3022771,2393.167788136322
3024553,2393.167788136322
3026335,2393.167788136322
3028117,2393.167788136322
3001388,29379.993670687425
3003170,29379.993670687425
3004952,29379.993670687425
3006734,29379.993670687425
3008516,29379.993670687425
3010298,29379.993670687425
3012080,29379.993670687425
3013862,29379.993670687425
3015644,29379.993670687425
3017426,29379.993670687425
3019208,29379.993670687425
3020990,29379.993670687425
3022772,29379.993670687425
3024554,29379.993670687425
3026336,29379.993670687425
3028118,29379.993670687425
3001389,2393.167788136322
3003171,2393.167788136322
3004953,2393.167788136322
3006735,2393.167788136322
3008517,2393.167788136322
3010299,2393.167788136322
3012081,2393.167788136322
3013863,2393.167788136322
3015645,2393.167788136322
3017427,2393.167788136322
3019209,2393.167788136322
3020991,2393.167788136322
3022773,2393.167788136322
3024555,2393.167788136322
3026337,2393.167788136322
3028119,2393.167788136322
3001390,1.4890016199601365e+39
3003172,1.4890016199601365e+39
3004954,1.4890016199601365e+39
3006736,1.4890016199601365e+39
3008518,1.4890016199601365e+39
3010300,1.4890016199601365e+39
3012082,1.4890016199601365e+39
3013864,1.4890016199601365e+39
3015646,1.4890016199601365e+39
3017428,1.4890016199601365e+39
3019210,1.4890016199601365e+39
3020992,1.4890016199601365e+39
3022774,1.4890016199601365e+39
3024556,1.4890016199601365e+39
3026338,1.4890016199601365e+39
3028120,1.4890016199601365e+39
3001391,32530.527067124498
3003173,32530.527067124498
3004955,32530.527067124498
3006737,32530.527067124498
3008519,32530.527067124498
3010301,32530.527067124498
3012083,32530.527067124498
3013865,32530.527067124498
3015647,32530.527067124498
3017429,32530.527067124498
3019211,32530.527067124498
3020993,32530.527067124498
3022775,32530.527067124498
3024557,32530.527067124498
3026339,32530.527067124498
3028121,32530.527067124498
3001392,28191.69775395516
3003174,28191.69775395516
3004956,28191.69775395516
3006738,28191.69775395516
3008520,28191.69775395516
3010302,28191.69775395516
3012084,28191.69775395516
3013866,28191.69775395516
3015648,28191.69775395516
3017430,28191.69775395516
3019212,28191.69775395516
3020994,28191.69775395516
3022776,28191.69775395516
3024558,28191.69775395516
3026340,28191.69775395516
3028122,28191.69775395516
3001393,28191.69775395516
3003175,28191.69775395516
3004957,28191.69775395516
3006739,28191.69775395516
3008521,28191.69775395516
3010303,28191.69775395516
3012085,28191.69775395516
3013867,28191.69775395516
3015649,28191.69775395516
3017431,28191.69775395516
3019213,28191.69775395516
3020995,28191.69775395516
3022777,28191.69775395516
3024559,28191.69775395516
3026341,28191.69775395516
3028123,28191.69775395516
3001394,25447.284195908585
3003176,25447.284195908585
3004958,25447.284195908585
3006740,25447.284195908585
3008522,25447.284195908585
3010304,25447.284195908585
3012086,25447.284195908585
3013868,25447.284195908585
3015650,25447.284195908585
3017432,25447.284195908585
3019214,25447.284195908585
3020996,25447.284195908585
3022778,25447.284195908585
3024560,25447.284195908585
3026342,25447.284195908585
3028124,25447.284195908585
3001395,4.041054834009305e+87
3003177,4.041054834009305e+87
3004959,4.041054834009305e+87
3006741,6.42029037014039e+90
3008523,6.42029037014039e+90
3010305,4.041054834009305e+87
3012087,4.041054834009305e+87
3013869,4.041054834009305e+87
3015651,4.041054834009305e+87
3017433,4.041054834009305e+87
3019215,6.42029037014039e+90
3020997,6.42029037014039e+90
3022779,4.041054834009305e+87
3024561,4.041054834009305e+87
3026343,4.041054834009305e+87
3028125,4.041054834009305e+87
3001396,2393.167788136322
3003178,2393.167788136322
3004960,2393.167788136322
3006742,2393.167788136322
3008524,2393.167788136322
3010306,2393.167788136322
3012088,2393.167788136322
3013870,2393.167788136322
3015652,2393.167788136322
3017434,2393.167788136322
3019216,2393.167788136322
3020998,2393.167788136322
3022780,2393.167788136322
3024562,2393.167788136322
3026344,2393.167788136322
3028126,2393.167788136322
3001397,2393.167788136322
3003179,2393.167788136322
3004961,2393.167788136322
3006743,2393.167788136322
3008525,2393.167788136322
3010307,2393.167788136322
3012089,2393.167788136322
3013871,2393.167788136322
3015653,2393.167788136322
3017435,2393.167788136322
3019217,2393.167788136322
3020999,2393.167788136322
3022781,2393.167788136322
3024563,2393.167788136322
3026345,2393.167788136322
3028127,2393.167788136322
3001398,2393.167788136322
3003180,2393.167788136322
3004962,2393.167788136322
3006744,2393.167788136322
3008526,2393.167788136322
3010308,2393.167788136322
3012090,2393.167788136322
3013872,2393.167788136322
3015654,2393.167788136322
3017436,2393.167788136322
3019218,2393.167788136322
3021000,2393.167788136322
3022782,2393.167788136322
3024564,2393.167788136322
3026346,2393.167788136322
3028128,2393.167788136322
3001399,2393.167788136322
3003181,2393.167788136322
3004963,2393.167788136322
3006745,2393.167788136322
3008527,2393.167788136322
3010309,2393.167788136322
3012091,2393.167788136322
3013873,2393.167788136322
3015655,2393.167788136322
3017437,2393.167788136322
3019219,2393.167788136322
3021001,2393.167788136322
3022783,2393.167788136322
3024565,2393.167788136322
3026347,2393.167788136322
3028129,2393.167788136322
3001400,2393.167788136322
3003182,2393.167788136322
3004964,2393.167788136322
3006746,2393.167788136322
3008528,2393.167788136322
3010310,2393.167788136322
3012092,2393.167788136322
3013874,2393.167788136322
3015656,2393.167788136322
3017438,2393.167788136322
3019220,2393.167788136322
3021002,2393.167788136322
3022784,2393.167788136322
3024566,2393.167788136322
3026348,2393.167788136322
3028130,2393.167788136322
3001401,2393.167788136322
3003183,2393.167788136322
3004965,2393.167788136322
3006747,2393.167788136322
3008529,2393.167788136322
3010311,2393.167788136322
3012093,2393.167788136322
3013875,2393.167788136322
3015657,2393.167788136322
3017439,2393.167788136322
3019221,2393.167788136322
3021003,2393.167788136322
3022785,2393.167788136322
3024567,2393.167788136322
3026349,2393.167788136322
3028131,2393.167788136322
3001402,2393.167788136322
3003184,2393.167788136322
3004966,2393.167788136322
3006748,2393.167788136322
3008530,2393.167788136322
3010312,2393.167788136322
3012094,2393.167788136322
3013876,2393.167788136322
3015658,2393.167788136322
3017440,2393.167788136322
3019222,2393.167788136322
3021004,2393.167788136322
3022786,2393.167788136322
3024568,2393.167788136322
3026350,2393.167788136322
3028132,2393.167788136322
3001403,2393.167788136322
3003185,2393.167788136322
3004967,2393.167788136322
3006749,2393.167788136322
3008531,2393.167788136322
3010313,2393.167788136322
3012095,2393.167788136322
3013877,2393.167788136322
3015659,2393.167788136322
3017441,2393.167788136322
3019223,2393.167788136322
3021005,2393.167788136322
3022787,2393.167788136322
3024569,2393.167788136322
3026351,2393.167788136322
3028133,2393.167788136322
3001404,2393.167788136322
3003186,2393.167788136322
3004968,2393.167788136322
3006750,2393.167788136322
3008532,2393.167788136322
3010314,2393.167788136322
3012096,2393.167788136322
3013878,2393.167788136322
3015660,2393.167788136322
3017442,2393.167788136322
3019224,2393.167788136322
3021006,2393.167788136322
3022788,2393.167788136322
3024570,2393.167788136322
3026352,2393.167788136322
3028134,2393.167788136322
3001405,13755.84775951168
3003187,13755.84775951168
3004969,13755.84775951168
3006751,13755.84775951168
3008533,13755.84775951168
3010315,13755.84775951168
3012097,13755.84775951168
3013879,13755.84775951168
3015661,13755.84775951168
3017443,13755.84775951168
3019225,13755.84775951168
3021007,13755.84775951168
3022789,13755.84775951168
3024571,13755.84775951168
3026353,13755.84775951168
3028135,13755.84775951168
3001406,2393.167788136322
3003188,2393.167788136322
3004970,2393.167788136322
3006752,2393.167788136322
3008534,2393.167788136322
3010316,2393.167788136322
3012098,2393.167788136322
3013880,2393.167788136322
3015662,2393.167788136322
3017444,2393.167788136322
3019226,2393.167788136322
3021008,2393.167788136322
3022790,2393.167788136322
3024572,2393.167788136322
3026354,2393.167788136322
3028136,2393.167788136322
3001407,29379.993670687425
3003189,29379.993670687425
3004971,29379.993670687425
3006753,29379.993670687425
3008535,29379.993670687425
3010317,29379.993670687425
3012099,29379.993670687425
3013881,29379.993670687425
3015663,29379.993670687425
3017445,29379.993670687425
3019227,29379.993670687425
3021009,29379.993670687425
3022791,29379.993670687425
3024573,29379.993670687425
3026355,29379.993670687425
3028137,29379.993670687425
3001408,28191.69775395516
3003190,28191.69775395516
3004972,28191.69775395516
3006754,28191.69775395516
3008536,28191.69775395516
3010318,28191.69775395516
3012100,28191.69775395516
3013882,28191.69775395516
3015664,28191.69775395516
3017446,28191.69775395516
3019228,28191.69775395516
3021010,28191.69775395516
3022792,28191.69775395516
3024574,28191.69775395516
3026356,28191.69775395516
3028138,28191.69775395516
3001409,2393.167788136322
3003191,2393.167788136322
3004973,2393.167788136322
3006755,2393.167788136322
3008537,2393.167788136322
3010319,2393.167788136322
3012101,2393.167788136322
3013883,2393.167788136322
3015665,2393.167788136322
3017447,2393.167788136322
3019229,2393.167788136322
3021011,2393.167788136322
3022793,2393.167788136322
3024575,2393.167788136322
3026357,2393.167788136322
3028139,2393.167788136322
3001410,2393.167788136322
3003192,2393.167788136322
3004974,2393.167788136322
3006756,2393.167788136322
3008538,2393.167788136322
3010320,2393.167788136322
3012102,2393.167788136322
3013884,2393.167788136322
3015666,2393.167788136322
3017448,2393.167788136322
3019230,2393.167788136322
3021012,2393.167788136322
3022794,2393.167788136322
3024576,2393.167788136322
3026358,2393.167788136322
3028140,2393.167788136322
3001411,29379.993670687425
3003193,29379.993670687425
3004975,29379.993670687425
3006757,29379.993670687425
3008539,29379.993670687425
3010321,29379.993670687425
3012103,29379.993670687425
3013885,29379.993670687425
3015667,29379.993670687425
3017449,29379.993670687425
3019231,29379.993670687425
3021013,29379.993670687425
3022795,29379.993670687425
3024577,29379.993670687425
3026359,29379.993670687425
3028141,29379.993670687425
3001412,18867.114598218865
3003194,18867.114598218865
3004976,18867.114598218865
3006758,18867.114598218865
3008540,18867.114598218865
3010322,18867.114598218865
3012104,18867.114598218865
3013886,18867.114598218865
3015668,18867.114598218865
3017450,18867.114598218865
3019232,18867.114598218865
3021014,18867.114598218865
3022796,18867.114598218865
3024578,18867.114598218865
3026360,18867.114598218865
3028142,18867.114598218865
3001413,32530.527067124498
3003195,32530.527067124498
3004977,32530.527067124498
3006759,32530.527067124498
3008541,32530.527067124498
3010323,32530.527067124498
3012105,32530.527067124498
3013887,32530.527067124498
3015669,32530.527067124498
3017451,32530.527067124498
3019233,32530.527067124498
3021015,32530.527067124498
3022797,32530.527067124498
3024579,32530.527067124498
3026361,32530.527067124498
3028143,32530.527067124498
3001414,2393.167788136322
3003196,2393.167788136322
3004978,2393.167788136322
3006760,2393.167788136322
3008542,2393.167788136322
3010324,2393.167788136322
3012106,2393.167788136322
3013888,2393.167788136322
3015670,2393.167788136322
3017452,2393.167788136322
3019234,2393.167788136322
3021016,2393.167788136322
3022798,2393.167788136322
3024580,2393.167788136322
3026362,2393.167788136322
3028144,2393.167788136322
3001415,2393.167788136322
3003197,2393.167788136322
3004979,2393.167788136322
3006761,2393.167788136322
3008543,2393.167788136322
3010325,2393.167788136322
3012107,2393.167788136322
3013889,2393.167788136322
3015671,2393.167788136322
3017453,2393.167788136322
3019235,2393.167788136322
3021017,2393.167788136322
3022799,2393.167788136322
3024581,2393.167788136322
3026363,2393.167788136322
3028145,2393.167788136322
3001416,2393.167788136322
3003198,2393.167788136322
3004980,2393.167788136322
3006762,2393.167788136322
3008544,2393.167788136322
3010326,2393.167788136322
3012108,2393.167788136322
3013890,2393.167788136322
3015672,2393.167788136322
3017454,2393.167788136322
3019236,2393.167788136322
3021018,2393.167788136322
3022800,2393.167788136322
3024582,2393.167788136322
3026364,2393.167788136322
3028146,2393.167788136322
3001417,2393.167788136322
3003199,2393.167788136322
3004981,2393.167788136322
3006763,2393.167788136322
3008545,2393.167788136322
3010327,2393.167788136322
3012109,2393.167788136322
3013891,2393.167788136322
3015673,2393.167788136322
3017455,2393.167788136322
3019237,2393.167788136322
3021019,2393.167788136322
3022801,2393.167788136322
3024583,2393.167788136322
3026365,2393.167788136322
3028147,2393.167788136322
3001418,2393.167788136322
3003200,2393.167788136322
3004982,2393.167788136322
3006764,2393.167788136322
3008546,2393.167788136322
3010328,2393.167788136322
3012110,2393.167788136322
3013892,2393.167788136322
3015674,2393.167788136322
3017456,2393.167788136322
3019238,2393.167788136322
3021020,2393.167788136322
3022802,2393.167788136322
3024584,2393.167788136322
3026366,2393.167788136322
3028148,2393.167788136322
3001419,3.007842063574425e+108
3003201,3.007842063574425e+108
3004983,3.007842063574425e+108
3006765,3.007842063574425e+108
3008547,3.007842063574425e+108
3010329,3.007842063574425e+108
3012111,3.007842063574425e+108
3013893,3.007842063574425e+108
3015675,3.007842063574425e+108
3017457,3.007842063574425e+108
3019239,3.007842063574425e+108
3021021,3.007842063574425e+108
3022803,3.007842063574425e+108
3024585,3.007842063574425e+108
3026367,3.007842063574425e+108
3028149,3.007842063574425e+108
3001420,2393.167788136322
3003202,2393.167788136322
3004984,2393.167788136322
3006766,2393.167788136322
3008548,2393.167788136322
3010330,2393.167788136322
3012112,2393.167788136322
3013894,2393.167788136322
3015676,2393.167788136322
3017458,2393.167788136322
3019240,2393.167788136322
3021022,2393.167788136322
3022804,2393.167788136322
3024586,2393.167788136322
3026368,2393.167788136322
3028150,2393.167788136322
3001421,29379.993670687425
3003203,29379.993670687425
3004985,29379.993670687425
3006767,29379.993670687425
3008549,29379.993670687425
3010331,29379.993670687425
3012113,29379.993670687425
3013895,29379.993670687425
3015677,29379.993670687425
3017459,29379.993670687425
3019241,29379.993670687425
3021023,29379.993670687425
3022805,29379.993670687425
3024587,29379.993670687425
3026369,29379.993670687425
3028151,29379.993670687425
3001422,2393.167788136322
3003204,2393.167788136322
3004986,2393.167788136322
3006768,2393.167788136322
3008550,2393.167788136322
3010332,2393.167788136322
3012114,2393.167788136322
3013896,2393.167788136322
3015678,2393.167788136322
3017460,2393.167788136322
3019242,2393.167788136322
3021024,2393.167788136322
3022806,2393.167788136322
3024588,2393.167788136322
3026370,2393.167788136322
3028152,2393.167788136322
3001423,1.4890016199601365e+39
3003205,1.4890016199601365e+39
3004987,1.4890016199601365e+39
3006769,1.4890016199601365e+39
3008551,1.4890016199601365e+39
3010333,1.4890016199601365e+39
3012115,1.4890016199601365e+39
3013897,1.4890016199601365e+39
3015679,1.4890016199601365e+39
3017461,1.4890016199601365e+39
3019243,1.4890016199601365e+39
3021025,1.4890016199601365e+39
3022807,1.4890016199601365e+39
3024589,1.4890016199601365e+39
3026371,1.4890016199601365e+39
3028153,1.4890016199601365e+39
3001424,32530.527067124498
3003206,32530.527067124498
3004988,32530.527067124498
3006770,32530.527067124498
3008552,32530.527067124498
3010334,32530.527067124498
3012116,32530.527067124498
3013898,32530.527067124498
3015680,32530.527067124498
3017462,32530.527067124498
3019244,32530.527067124498
3021026,32530.527067124498
3022808,32530.527067124498
3024590,32530.527067124498
3026372,32530.527067124498
3028154,32530.527067124498
3001425,28191.69775395516
3003207,28191.69775395516
3004989,28191.69775395516
3006771,28191.69775395516
3008553,28191.69775395516
3010335,28191.69775395516
3012117,28191.69775395516
3013899,28191.69775395516
3015681,28191.69775395516
3017463,28191.69775395516
3019245,28191.69775395516
3021027,28191.69775395516
3022809,28191.69775395516
3024591,28191.69775395516
3026373,28191.69775395516
3028155,28191.69775395516
3001426,28191.69775395516
3003208,28191.69775395516
3004990,28191.69775395516
3006772,28191.69775395516
3008554,28191.69775395516
3010336,28191.69775395516
3012118,28191.69775395516
3013900,28191.69775395516
3015682,28191.69775395516
3017464,28191.69775395516
3019246,28191.69775395516
3021028,28191.69775395516
3022810,28191.69775395516
3024592,28191.69775395516
3026374,28191.69775395516
3028156,28191.69775395516
3001427,25447.284195908585
3003209,25447.284195908585
3004991,25447.284195908585
3006773,25447.284195908585
3008555,25447.284195908585
3010337,25447.284195908585
3012119,25447.284195908585
3013901,25447.284195908585
3015683,25447.284195908585
3017465,25447.284195908585
3019247,25447.284195908585
3021029,25447.284195908585
3022811,25447.284195908585
3024593,25447.284195908585
3026375,25447.284195908585
3028157,25447.284195908585
3001428,4.041054834009305e+87
3003210,4.041054834009305e+87
3004992,4.041054834009305e+87
3006774,6.42029037014039e+90
3008556,6.42029037014039e+90
3010338,4.041054834009305e+87
3012120,4.041054834009305e+87
3013902,4.041054834009305e+87
3015684,4.041054834009305e+87
3017466,4.041054834009305e+87
3019248,6.42029037014039e+90
3021030,6.42029037014039e+90
3022812,4.041054834009305e+87
3024594,4.041054834009305e+87
3026376,4.041054834009305e+87
3028158,4.041054834009305e+87
3001429,2393.167788136322
3003211,2393.167788136322
3004993,2393.167788136322
3006775,2393.167788136322
3008557,2393.167788136322
3010339,2393.167788136322
3012121,2393.167788136322
3013903,2393.167788136322
3015685,2393.167788136322
3017467,2393.167788136322
3019249,2393.167788136322
3021031,2393.167788136322
3022813,2393.167788136322
3024595,2393.167788136322
3026377,2393.167788136322
3028159,2393.167788136322
3001430,2393.167788136322
3003212,2393.167788136322
3004994,2393.167788136322
3006776,2393.167788136322
3008558,2393.167788136322
3010340,2393.167788136322
3012122,2393.167788136322
3013904,2393.167788136322
3015686,2393.167788136322
3017468,2393.167788136322
3019250,2393.167788136322
3021032,2393.167788136322
3022814,2393.167788136322
3024596,2393.167788136322
3026378,2393.167788136322
3028160,2393.167788136322
3001431,2393.167788136322
3003213,2393.167788136322
3004995,2393.167788136322
3006777,2393.167788136322
3008559,2393.167788136322
3010341,2393.167788136322
3012123,2393.167788136322
3013905,2393.167788136322
3015687,2393.167788136322
3017469,2393.167788136322
3019251,2393.167788136322
3021033,2393.167788136322
3022815,2393.167788136322
3024597,2393.167788136322
3026379,2393.167788136322
3028161,2393.167788136322
3001432,2393.167788136322
3003214,2393.167788136322
3004996,2393.167788136322
3006778,2393.167788136322
3008560,2393.167788136322
3010342,2393.167788136322
3012124,2393.167788136322
3013906,2393.167788136322
3015688,2393.167788136322
3017470,2393.167788136322
3019252,2393.167788136322
3021034,2393.167788136322
3022816,2393.167788136322
3024598,2393.167788136322
3026380,2393.167788136322
3028162,2393.167788136322
3001433,2393.167788136322
3003215,2393.167788136322
3004997,2393.167788136322
3006779,2393.167788136322
3008561,2393.167788136322
3010343,2393.167788136322
3012125,2393.167788136322
3013907,2393.167788136322
3015689,2393.167788136322
3017471,2393.167788136322
3019253,2393.167788136322
3021035,2393.167788136322
3022817,2393.167788136322
3024599,2393.167788136322
3026381,2393.167788136322
3028163,2393.167788136322
3001434,2393.167788136322
3003216,2393.167788136322
3004998,2393.167788136322
3006780,2393.167788136322
3008562,2393.167788136322
3010344,2393.167788136322
3012126,2393.167788136322
3013908,2393.167788136322
3015690,2393.167788136322
3017472,2393.167788136322
3019254,2393.167788136322
3021036,2393.167788136322
3022818,2393.167788136322
3024600,2393.167788136322
3026382,2393.167788136322
3028164,2393.167788136322
3001435,2393.167788136322
3003217,2393.167788136322
3004999,2393.167788136322
3006781,2393.167788136322
3008563,2393.167788136322
3010345,2393.167788136322
3012127,2393.167788136322
3013909,2393.167788136322
3015691,2393.167788136322
3017473,2393.167788136322
3019255,2393.167788136322
3021037,2393.167788136322
3022819,2393.167788136322
3024601,2393.167788136322
3026383,2393.167788136322
3028165,2393.167788136322
3001436,2393.167788136322
3003218,2393.167788136322
3005000,2393.167788136322
3006782,2393.167788136322
3008564,2393.167788136322
3010346,2393.167788136322
3012128,2393.167788136322
3013910,2393.167788136322
3015692,2393.167788136322
3017474,2393.167788136322
3019256,2393.167788136322
3021038,2393.167788136322
3022820,2393.167788136322
3024602,2393.167788136322
3026384,2393.167788136322
3028166,2393.167788136322
3001437,2393.167788136322
3003219,2393.167788136322
3005001,2393.167788136322
3006783,2393.167788136322
3008565,2393.167788136322
3010347,2393.167788136322
3012129,2393.167788136322
3013911,2393.167788136322
3015693,2393.167788136322
3017475,2393.167788136322
3019257,2393.167788136322
3021039,2393.167788136322
3022821,2393.167788136322
3024603,2393.167788136322
3026385,2393.167788136322
3028167,2393.167788136322
3001438,13755.84775951168
3003220,13755.84775951168
3005002,13755.84775951168
3006784,13755.84775951168
3008566,13755.84775951168
3010348,13755.84775951168
3012130,13755.84775951168
3013912,13755.84775951168
3015694,13755.84775951168
3017476,13755.84775951168
3019258,13755.84775951168
3021040,13755.84775951168
3022822,13755.84775951168
3024604,13755.84775951168
3026386,13755.84775951168
3028168,13755.84775951168
3001439,2393.167788136322
3003221,2393.167788136322
3005003,2393.167788136322
3006785,2393.167788136322
3008567,2393.167788136322
3010349,2393.167788136322
3012131,2393.167788136322
3013913,2393.167788136322
3015695,2393.167788136322
3017477,2393.167788136322
3019259,2393.167788136322
3021041,2393.167788136322
3022823,2393.167788136322
3024605,2393.167788136322
3026387,2393.167788136322
3028169,2393.167788136322
3001440,29379.993670687425
3003222,29379.993670687425
3005004,29379.993670687425
3006786,29379.993670687425
3008568,29379.993670687425
3010350,29379.993670687425
3012132,29379.993670687425
3013914,29379.993670687425
3015696,29379.993670687425
3017478,29379.993670687425
3019260,29379.993670687425
3021042,29379.993670687425
3022824,29379.993670687425
3024606,29379.993670687425
3026388,29379.993670687425
3028170,29379.993670687425
3001441,28191.69775395516
3003223,28191.69775395516
3005005,28191.69775395516
3006787,28191.69775395516
3008569,28191.69775395516
3010351,28191.69775395516
3012133,28191.69775395516
3013915,28191.69775395516
3015697,28191.69775395516
3017479,28191.69775395516
3019261,28191.69775395516
3021043,28191.69775395516
3022825,28191.69775395516
3024607,28191.69775395516
3026389,28191.69775395516
3028171,28191.69775395516
3001442,2393.167788136322
3003224,2393.167788136322
3005006,2393.167788136322
3006788,2393.167788136322
3008570,2393.167788136322
3010352,2393.167788136322
3012134,2393.167788136322
3013916,2393.167788136322
3015698,2393.167788136322
3017480,2393.167788136322
3019262,2393.167788136322
3021044,2393.167788136322
3022826,2393.167788136322
3024608,2393.167788136322
3026390,2393.167788136322
3028172,2393.167788136322
3001443,2393.167788136322
3003225,2393.167788136322
3005007,2393.167788136322
3006789,2393.167788136322
3008571,2393.167788136322
3010353,2393.167788136322
3012135,2393.167788136322
3013917,2393.167788136322
3015699,2393.167788136322
3017481,2393.167788136322
3019263,2393.167788136322
3021045,2393.167788136322
3022827,2393.167788136322
3024609,2393.167788136322
3026391,2393.167788136322
3028173,2393.167788136322
3001444,29379.993670687425
3003226,29379.993670687425
3005008,29379.993670687425
3006790,29379.993670687425
3008572,29379.993670687425
3010354,29379.993670687425
3012136,29379.993670687425
3013918,29379.993670687425
3015700,29379.993670687425
3017482,29379.993670687425
3019264,29379.993670687425
3021046,29379.993670687425
3022828,29379.993670687425
3024610,29379.993670687425
3026392,29379.993670687425
3028174,29379.993670687425
3001445,18867.114598218865
3003227,18867.114598218865
3005009,18867.114598218865
3006791,18867.114598218865
3008573,18867.114598218865
3010355,18867.114598218865
3012137,18867.114598218865
3013919,18867.114598218865
3015701,18867.114598218865
3017483,18867.114598218865
3019265,18867.114598218865
3021047,18867.114598218865
3022829,18867.114598218865
3024611,18867.114598218865
3026393,18867.114598218865
3028175,18867.114598218865
3001446,32530.527067124498
3003228,32530.527067124498
3005010,32530.527067124498
3006792,32530.527067124498
3008574,32530.527067124498
3010356,32530.527067124498
3012138,32530.527067124498
3013920,32530.527067124498
3015702,32530.527067124498
3017484,32530.527067124498
3019266,32530.527067124498
3021048,32530.527067124498
3022830,32530.527067124498
3024612,32530.527067124498
3026394,32530.527067124498
3028176,32530.527067124498
3001447,2393.167788136322
3003229,2393.167788136322
3005011,2393.167788136322
3006793,2393.167788136322
3008575,2393.167788136322
3010357,2393.167788136322
3012139,2393.167788136322
3013921,2393.167788136322
3015703,2393.167788136322
3017485,2393.167788136322
3019267,2393.167788136322
3021049,2393.167788136322
3022831,2393.167788136322
3024613,2393.167788136322
3026395,2393.167788136322
3028177,2393.167788136322
3001448,2393.167788136322
3003230,2393.167788136322
3005012,2393.167788136322
3006794,2393.167788136322
3008576,2393.167788136322
3010358,2393.167788136322
3012140,2393.167788136322
3013922,2393.167788136322
3015704,2393.167788136322
3017486,2393.167788136322
3019268,2393.167788136322
3021050,2393.167788136322
3022832,2393.167788136322
3024614,2393.167788136322
3026396,2393.167788136322
3028178,2393.167788136322
3001449,2393.167788136322
3003231,2393.167788136322
3005013,2393.167788136322
3006795,2393.167788136322
3008577,2393.167788136322
3010359,2393.167788136322
3012141,2393.167788136322
3013923,2393.167788136322
3015705,2393.167788136322
3017487,2393.167788136322
3019269,2393.167788136322
3021051,2393.167788136322
3022833,2393.167788136322
3024615,2393.167788136322
3026397,2393.167788136322
3028179,2393.167788136322
3001450,2393.167788136322
3003232,2393.167788136322
3005014,2393.167788136322
3006796,2393.167788136322
3008578,2393.167788136322
3010360,2393.167788136322
3012142,2393.167788136322
3013924,2393.167788136322
3015706,2393.167788136322
3017488,2393.167788136322
3019270,2393.167788136322
3021052,2393.167788136322
3022834,2393.167788136322
3024616,2393.167788136322
3026398,2393.167788136322
3028180,2393.167788136322
3001451,2393.167788136322
3003233,2393.167788136322
3005015,2393.167788136322
3006797,2393.167788136322
3008579,2393.167788136322
3010361,2393.167788136322
3012143,2393.167788136322
3013925,2393.167788136322
3015707,2393.167788136322
3017489,2393.167788136322
3019271,2393.167788136322
3021053,2393.167788136322
3022835,2393.167788136322
3024617,2393.167788136322
3026399,2393.167788136322
3028181,2393.167788136322
3001452,3.007842063574425e+108
3003234,3.007842063574425e+108
3005016,3.007842063574425e+108
3006798,3.007842063574425e+108
3008580,3.007842063574425e+108
3010362,3.007842063574425e+108
3012144,3.007842063574425e+108
3013926,3.007842063574425e+108
3015708,3.007842063574425e+108
3017490,3.007842063574425e+108
3019272,3.007842063574425e+108
3021054,3.007842063574425e+108
3022836,3.007842063574425e+108
3024618,3.007842063574425e+108
3026400,3.007842063574425e+108
3028182,3.007842063574425e+108
3001453,2393.167788136322
3003235,2393.167788136322
3005017,2393.167788136322
3006799,2393.167788136322
3008581,2393.167788136322
3010363,2393.167788136322
3012145,2393.167788136322
3013927,2393.167788136322
3015709,2393.167788136322
3017491,2393.167788136322
3019273,2393.167788136322
3021055,2393.167788136322
3022837,2393.167788136322
3024619,2393.167788136322
3026401,2393.167788136322
3028183,2393.167788136322
3001454,29379.993670687425
3003236,29379.993670687425
3005018,29379.993670687425
3006800,29379.993670687425
3008582,29379.993670687425
3010364,29379.993670687425
3012146,29379.993670687425
3013928,29379.993670687425
3015710,29379.993670687425
3017492,29379.993670687425
3019274,29379.993670687425
3021056,29379.993670687425
3022838,29379.993670687425
3024620,29379.993670687425
3026402,29379.993670687425
3028184,29379.993670687425
3001455,2393.167788136322
3003237,2393.167788136322
3005019,2393.167788136322
3006801,2393.167788136322
3008583,2393.167788136322
3010365,2393.167788136322
3012147,2393.167788136322
3013929,2393.167788136322
3015711,2393.167788136322
3017493,2393.167788136322
3019275,2393.167788136322
3021057,2393.167788136322
3022839,2393.167788136322
3024621,2393.167788136322
3026403,2393.167788136322
3028185,2393.167788136322
3001456,1.4890016199601365e+39
3003238,1.4890016199601365e+39
3005020,1.4890016199601365e+39
3006802,1.4890016199601365e+39
3008584,1.4890016199601365e+39
3010366,1.4890016199601365e+39
3012148,1.4890016199601365e+39
3013930,1.4890016199601365e+39
3015712,1.4890016199601365e+39
3017494,1.4890016199601365e+39
3019276,1.4890016199601365e+39
3021058,1.4890016199601365e+39
3022840,1.4890016199601365e+39
3024622,1.4890016199601365e+39
3026404,1.4890016199601365e+39
3028186,1.4890016199601365e+39
3001457,32530.527067124498
3003239,32530.527067124498
3005021,32530.527067124498
3006803,32530.527067124498
3008585,32530.527067124498
3010367,32530.527067124498
3012149,32530.527067124498
3013931,32530.527067124498
3015713,32530.527067124498
3017495,32530.527067124498
3019277,32530.527067124498
3021059,32530.527067124498
3022841,32530.527067124498
3024623,32530.527067124498
3026405,32530.527067124498
3028187,32530.527067124498
3001458,28191.69775395516
3003240,28191.69775395516
3005022,28191.69775395516
3006804,28191.69775395516
3008586,28191.69775395516
3010368,28191.69775395516
3012150,28191.69775395516
3013932,28191.69775395516
3015714,28191.69775395516
3017496,28191.69775395516
3019278,28191.69775395516
3021060,28191.69775395516
3022842,28191.69775395516
3024624,28191.69775395516
3026406,28191.69775395516
3028188,28191.69775395516
3001459,28191.69775395516
3003241,28191.69775395516
3005023,28191.69775395516
3006805,28191.69775395516
3008587,28191.69775395516
3010369,28191.69775395516
3012151,28191.69775395516
3013933,28191.69775395516
3015715,28191.69775395516
3017497,28191.69775395516
3019279,28191.69775395516
3021061,28191.69775395516
3022843,28191.69775395516
3024625,28191.69775395516
3026407,28191.69775395516
3028189,28191.69775395516
3001460,25447.284195908585
3003242,25447.284195908585
3005024,25447.284195908585
3006806,25447.284195908585
3008588,25447.284195908585
3010370,25447.284195908585
3012152,25447.284195908585
3013934,25447.284195908585
3015716,25447.284195908585
3017498,25447.284195908585
3019280,25447.284195908585
3021062,25447.284195908585
3022844,25447.284195908585
3024626,25447.284195908585
3026408,25447.284195908585
3028190,25447.284195908585
3001461,4.041054834009305e+87
3003243,4.041054834009305e+87
3005025,4.041054834009305e+87
3006807,6.42029037014039e+90
3008589,6.42029037014039e+90
3010371,4.041054834009305e+87
3012153,4.041054834009305e+87
3013935,4.041054834009305e+87
3015717,4.041054834009305e+87
3017499,4.041054834009305e+87
3019281,6.42029037014039e+90
3021063,6.42029037014039e+90
3022845,4.041054834009305e+87
3024627,4.041054834009305e+87
3026409,4.041054834009305e+87
3028191,4.041054834009305e+87
3001462,2393.167788136322
3003244,2393.167788136322
3005026,2393.167788136322
3006808,2393.167788136322
3008590,2393.167788136322
3010372,2393.167788136322
3012154,2393.167788136322
3013936,2393.167788136322
3015718,2393.167788136322
3017500,2393.167788136322
3019282,2393.167788136322
3021064,2393.167788136322
3022846,2393.167788136322
3024628,2393.167788136322
3026410,2393.167788136322
3028192,2393.167788136322
3001463,2393.167788136322
3003245,2393.167788136322
3005027,2393.167788136322
3006809,2393.167788136322
3008591,2393.167788136322
3010373,2393.167788136322
3012155,2393.167788136322
3013937,2393.167788136322
3015719,2393.167788136322
3017501,2393.167788136322
3019283,2393.167788136322
3021065,2393.167788136322
3022847,2393.167788136322
3024629,2393.167788136322
3026411,2393.167788136322
3028193,2393.167788136322
3001464,2393.167788136322
3003246,2393.167788136322
3005028,2393.167788136322
3006810,2393.167788136322
3008592,2393.167788136322
3010374,2393.167788136322
3012156,2393.167788136322
3013938,2393.167788136322
3015720,2393.167788136322
3017502,2393.167788136322
3019284,2393.167788136322
3021066,2393.167788136322
3022848,2393.167788136322
3024630,2393.167788136322
3026412,2393.167788136322
3028194,2393.167788136322
3001465,2393.167788136322
3003247,2393.167788136322
3005029,2393.167788136322
3006811,2393.167788136322
3008593,2393.167788136322
3010375,2393.167788136322
3012157,2393.167788136322
3013939,2393.167788136322
3015721,2393.167788136322
3017503,2393.167788136322
3019285,2393.167788136322
3021067,2393.167788136322
3022849,2393.167788136322
3024631,2393.167788136322
3026413,2393.167788136322
3028195,2393.167788136322
3001466,2393.167788136322
3003248,2393.167788136322
3005030,2393.167788136322
3006812,2393.167788136322
3008594,2393.167788136322
3010376,2393.167788136322
3012158,2393.167788136322
3013940,2393.167788136322
3015722,2393.167788136322
3017504,2393.167788136322
3019286,2393.167788136322
3021068,2393.167788136322
3022850,2393.167788136322
3024632,2393.167788136322
3026414,2393.167788136322
3028196,2393.167788136322
3001467,2393.167788136322
3003249,2393.167788136322
3005031,2393.167788136322
3006813,2393.167788136322
3008595,2393.167788136322
3010377,2393.167788136322
3012159,2393.167788136322
3013941,2393.167788136322
3015723,2393.167788136322
3017505,2393.167788136322
3019287,2393.167788136322
3021069,2393.167788136322
3022851,2393.167788136322
3024633,2393.167788136322
3026415,2393.167788136322
3028197,2393.167788136322
3001468,2393.167788136322
3003250,2393.167788136322
3005032,2393.167788136322
3006814,2393.167788136322
3008596,2393.167788136322
3010378,2393.167788136322
3012160,2393.167788136322
3013942,2393.167788136322
3015724,2393.167788136322
3017506,2393.167788136322
3019288,2393.167788136322
3021070,2393.167788136322
3022852,2393.167788136322
3024634,2393.167788136322
3026416,2393.167788136322
3028198,2393.167788136322
3001469,2393.167788136322
3003251,2393.167788136322
3005033,2393.167788136322
3006815,2393.167788136322
3008597,2393.167788136322
3010379,2393.167788136322
3012161,2393.167788136322
3013943,2393.167788136322
3015725,2393.167788136322
3017507,2393.167788136322
3019289,2393.167788136322
3021071,2393.167788136322
3022853,2393.167788136322
3024635,2393.167788136322
3026417,2393.167788136322
3028199,2393.167788136322
3001470,2393.167788136322
3003252,2393.167788136322
3005034,2393.167788136322
3006816,2393.167788136322
3008598,2393.167788136322
3010380,2393.167788136322
3012162,2393.167788136322
3013944,2393.167788136322
3015726,2393.167788136322
3017508,2393.167788136322
3019290,2393.167788136322
3021072,2393.167788136322
3022854,2393.167788136322
3024636,2393.167788136322
3026418,2393.167788136322
3028200,2393.167788136322
3001471,13755.84775951168
3003253,13755.84775951168
3005035,13755.84775951168
3006817,13755.84775951168
3008599,13755.84775951168
3010381,13755.84775951168
3012163,13755.84775951168
3013945,13755.84775951168
3015727,13755.84775951168
3017509,13755.84775951168
3019291,13755.84775951168
3021073,13755.84775951168
3022855,13755.84775951168
3024637,13755.84775951168
3026419,13755.84775951168
3028201,13755.84775951168
3001472,2393.167788136322
3003254,2393.167788136322
3005036,2393.167788136322
3006818,2393.167788136322
3008600,2393.167788136322
3010382,2393.167788136322
3012164,2393.167788136322
3013946,2393.167788136322
3015728,2393.167788136322
3017510,2393.167788136322
3019292,2393.167788136322
3021074,2393.167788136322
3022856,2393.167788136322
3024638,2393.167788136322
3026420,2393.167788136322
3028202,2393.167788136322
3001473,29379.993670687425
3003255,29379.993670687425
3005037,29379.993670687425
3006819,29379.993670687425
3008601,29379.993670687425
3010383,29379.993670687425
3012165,29379.993670687425
3013947,29379.993670687425
3015729,29379.993670687425
3017511,29379.993670687425
3019293,29379.993670687425
3021075,29379.993670687425
3022857,29379.993670687425
3024639,29379.993670687425
3026421,29379.993670687425
3028203,29379.993670687425
3001474,28191.69775395516
3003256,28191.69775395516
3005038,28191.69775395516
3006820,28191.69775395516
3008602,28191.69775395516
3010384,28191.69775395516
3012166,28191.69775395516
3013948,28191.69775395516
3015730,28191.69775395516
3017512,28191.69775395516
3019294,28191.69775395516
3021076,28191.69775395516
3022858,28191.69775395516
3024640,28191.69775395516
3026422,28191.69775395516
3028204,28191.69775395516
3001475,2393.167788136322
3003257,2393.167788136322
3005039,2393.167788136322
3006821,2393.167788136322
3008603,2393.167788136322
3010385,2393.167788136322
3012167,2393.167788136322
3013949,2393.167788136322
3015731,2393.167788136322
3017513,2393.167788136322
3019295,2393.167788136322
3021077,2393.167788136322
3022859,2393.167788136322
3024641,2393.167788136322
3026423,2393.167788136322
3028205,2393.167788136322
3001476,2393.167788136322
3003258,2393.167788136322
3005040,2393.167788136322
3006822,2393.167788136322
3008604,2393.167788136322
3010386,2393.167788136322
3012168,2393.167788136322
3013950,2393.167788136322
3015732,2393.167788136322
3017514,2393.167788136322
3019296,2393.167788136322
3021078,2393.167788136322
3022860,2393.167788136322
3024642,2393.167788136322
3026424,2393.167788136322
3028206,2393.167788136322
3001477,29379.993670687425
3003259,29379.993670687425
3005041,29379.993670687425
3006823,29379.993670687425
3008605,29379.993670687425
3010387,29379.993670687425
3012169,29379.993670687425
3013951,29379.993670687425
3015733,29379.993670687425
3017515,29379.993670687425
3019297,29379.993670687425
3021079,29379.993670687425
3022861,29379.993670687425
3024643,29379.993670687425
3026425,29379.993670687425
3028207,29379.993670687425
3001478,18867.114598218865
3003260,18867.114598218865
3005042,18867.114598218865
3006824,18867.114598218865
3008606,18867.114598218865
3010388,18867.114598218865
3012170,18867.114598218865
3013952,18867.114598218865
3015734,18867.114598218865
3017516,18867.114598218865
3019298,18867.114598218865
3021080,18867.114598218865
3022862,18867.114598218865
3024644,18867.114598218865
3026426,18867.114598218865
3028208,18867.114598218865
3001479,32530.527067124498
3003261,32530.527067124498
3005043,32530.527067124498
3006825,32530.527067124498
3008607,32530.527067124498
3010389,32530.527067124498
3012171,32530.527067124498
3013953,32530.527067124498
3015735,32530.527067124498
3017517,32530.527067124498
3019299,32530.527067124498
3021081,32530.527067124498
3022863,32530.527067124498
3024645,32530.527067124498
3026427,32530.527067124498
3028209,32530.527067124498
3001480,2393.167788136322
3003262,2393.167788136322
3005044,2393.167788136322
3006826,2393.167788136322
3008608,2393.167788136322
3010390,2393.167788136322
3012172,2393.167788136322
3013954,2393.167788136322
3015736,2393.167788136322
3017518,2393.167788136322
3019300,2393.167788136322
3021082,2393.167788136322
3022864,2393.167788136322
3024646,2393.167788136322
3026428,2393.167788136322
3028210,2393.167788136322
3001481,2393.167788136322
3003263,2393.167788136322
3005045,2393.167788136322
3006827,2393.167788136322
3008609,2393.167788136322
3010391,2393.167788136322
3012173,2393.167788136322
3013955,2393.167788136322
3015737,2393.167788136322
3017519,2393.167788136322
3019301,2393.167788136322
3021083,2393.167788136322
3022865,2393.167788136322
3024647,2393.167788136322
3026429,2393.167788136322
3028211,2393.167788136322
3001482,2393.167788136322
3003264,2393.167788136322
3005046,2393.167788136322
3006828,2393.167788136322
3008610,2393.167788136322
3010392,2393.167788136322
3012174,2393.167788136322
3013956,2393.167788136322
3015738,2393.167788136322
3017520,2393.167788136322
3019302,2393.167788136322
3021084,2393.167788136322
3022866,2393.167788136322
3024648,2393.167788136322
3026430,2393.167788136322
3028212,2393.167788136322
3001483,2393.167788136322
3003265,2393.167788136322
3005047,2393.167788136322
3006829,2393.167788136322
3008611,2393.167788136322
3010393,2393.167788136322
3012175,2393.167788136322
3013957,2393.167788136322
3015739,2393.167788136322
3017521,2393.167788136322
3019303,2393.167788136322
3021085,2393.167788136322
3022867,2393.167788136322
3024649,2393.167788136322
3026431,2393.167788136322
3028213,2393.167788136322
3001484,2393.167788136322
3003266,2393.167788136322
3005048,2393.167788136322
3006830,2393.167788136322
3008612,2393.167788136322
3010394,2393.167788136322
3012176,2393.167788136322
3013958,2393.167788136322
3015740,2393.167788136322
3017522,2393.167788136322
3019304,2393.167788136322
3021086,2393.167788136322
3022868,2393.167788136322
3024650,2393.167788136322
3026432,2393.167788136322
3028214,2393.167788136322
3001485,3.007842063574425e+108
3003267,3.007842063574425e+108
3005049,3.007842063574425e+108
3006831,3.007842063574425e+108
3008613,3.007842063574425e+108
3010395,3.007842063574425e+108
3012177,3.007842063574425e+108
3013959,3.007842063574425e+108
3015741,3.007842063574425e+108
3017523,3.007842063574425e+108
3019305,3.007842063574425e+108
3021087,3.007842063574425e+108
3022869,3.007842063574425e+108
3024651,3.007842063574425e+108
3026433,3.007842063574425e+108
3028215,3.007842063574425e+108
3001486,2393.167788136322
3003268,2393.167788136322
3005050,2393.167788136322
3006832,2393.167788136322
3008614,2393.167788136322
3010396,2393.167788136322
3012178,2393.167788136322
3013960,2393.167788136322
3015742,2393.167788136322
3017524,2393.167788136322
3019306,2393.167788136322
3021088,2393.167788136322
3022870,2393.167788136322
3024652,2393.167788136322
3026434,2393.167788136322
3028216,2393.167788136322
3001487,29379.993670687425
3003269,29379.993670687425
3005051,29379.993670687425
3006833,29379.993670687425
3008615,29379.993670687425
3010397,29379.993670687425
3012179,29379.993670687425
3013961,29379.993670687425
3015743,29379.993670687425
3017525,29379.993670687425
3019307,29379.993670687425
3021089,29379.993670687425
3022871,29379.993670687425
3024653,29379.993670687425
3026435,29379.993670687425
3028217,29379.993670687425
3001488,2393.167788136322
3003270,2393.167788136322
3005052,2393.167788136322
3006834,2393.167788136322
3008616,2393.167788136322
3010398,2393.167788136322
3012180,2393.167788136322
3013962,2393.167788136322
3015744,2393.167788136322
3017526,2393.167788136322
3019308,2393.167788136322
3021090,2393.167788136322
3022872,2393.167788136322
3024654,2393.167788136322
3026436,2393.167788136322
3028218,2393.167788136322
3001489,1.4890016199601365e+39
3003271,1.4890016199601365e+39
3005053,1.4890016199601365e+39
3006835,1.4890016199601365e+39
3008617,1.4890016199601365e+39
3010399,1.4890016199601365e+39
3012181,1.4890016199601365e+39
3013963,1.4890016199601365e+39
3015745,1.4890016199601365e+39
3017527,1.4890016199601365e+39
3019309,1.4890016199601365e+39
3021091,1.4890016199601365e+39
3022873,1.4890016199601365e+39
3024655,1.4890016199601365e+39
3026437,1.4890016199601365e+39
3028219,1.4890016199601365e+39
3001490,32530.527067124498
3003272,32530.527067124498
3005054,32530.527067124498
3006836,32530.527067124498
3008618,32530.527067124498
3010400,32530.527067124498
3012182,32530.527067124498
3013964,32530.527067124498
3015746,32530.527067124498
3017528,32530.527067124498
3019310,32530.527067124498
3021092,32530.527067124498
3022874,32530.527067124498
3024656,32530.527067124498
3026438,32530.527067124498
3028220,32530.527067124498
3001491,28191.69775395516
3003273,28191.69775395516
3005055,28191.69775395516
3006837,28191.69775395516
3008619,28191.69775395516
3010401,28191.69775395516
3012183,28191.69775395516
3013965,28191.69775395516
3015747,28191.69775395516
3017529,28191.69775395516
3019311,28191.69775395516
3021093,28191.69775395516
3022875,28191.69775395516
3024657,28191.69775395516
3026439,28191.69775395516
3028221,28191.69775395516
3001492,28191.69775395516
3003274,28191.69775395516
3005056,28191.69775395516
3006838,28191.69775395516
3008620,28191.69775395516
3010402,28191.69775395516
3012184,28191.69775395516
3013966,28191.69775395516
3015748,28191.69775395516
3017530,28191.69775395516
3019312,28191.69775395516
3021094,28191.69775395516
3022876,28191.69775395516
3024658,28191.69775395516
3026440,28191.69775395516
3028222,28191.69775395516
3001493,25447.284195908585
3003275,25447.284195908585
3005057,25447.284195908585
3006839,25447.284195908585
3008621,25447.284195908585
3010403,25447.284195908585
3012185,25447.284195908585
3013967,25447.284195908585
3015749,25447.284195908585
3017531,25447.284195908585
3019313,25447.284195908585
3021095,25447.284195908585
3022877,25447.284195908585
3024659,25447.284195908585
3026441,25447.284195908585
3028223,25447.284195908585
3001494,4.041054834009305e+87
3003276,4.041054834009305e+87
3005058,4.041054834009305e+87
3006840,6.42029037014039e+90
3008622,6.42029037014039e+90
3010404,4.041054834009305e+87
3012186,4.041054834009305e+87
3013968,4.041054834009305e+87
3015750,4.041054834009305e+87
3017532,4.041054834009305e+87
3019314,6.42029037014039e+90
3021096,6.42029037014039e+90
3022878,4.041054834009305e+87
3024660,4.041054834009305e+87
3026442,4.041054834009305e+87
3028224,4.041054834009305e+87
3001495,2393.167788136322
3003277,2393.167788136322
3005059,2393.167788136322
3006841,2393.167788136322
3008623,2393.167788136322
3010405,2393.167788136322
3012187,2393.167788136322
3013969,2393.167788136322
3015751,2393.167788136322
3017533,2393.167788136322
3019315,2393.167788136322
3021097,2393.167788136322
3022879,2393.167788136322
3024661,2393.167788136322
3026443,2393.167788136322
3028225,2393.167788136322
3001496,2393.167788136322
3003278,2393.167788136322
3005060,2393.167788136322
3006842,2393.167788136322
3008624,2393.167788136322
3010406,2393.167788136322
3012188,2393.167788136322
3013970,2393.167788136322
3015752,2393.167788136322
3017534,2393.167788136322
3019316,2393.167788136322
3021098,2393.167788136322
3022880,2393.167788136322
3024662,2393.167788136322
3026444,2393.167788136322
3028226,2393.167788136322
3001497,2393.167788136322
3003279,2393.167788136322
3005061,2393.167788136322
3006843,2393.167788136322
3008625,2393.167788136322
3010407,2393.167788136322
3012189,2393.167788136322
3013971,2393.167788136322
3015753,2393.167788136322
3017535,2393.167788136322
3019317,2393.167788136322
3021099,2393.167788136322
3022881,2393.167788136322
3024663,2393.167788136322
3026445,2393.167788136322
3028227,2393.167788136322
3001498,2393.167788136322
3003280,2393.167788136322
3005062,2393.167788136322
3006844,2393.167788136322
3008626,2393.167788136322
3010408,2393.167788136322
3012190,2393.167788136322
3013972,2393.167788136322
3015754,2393.167788136322
3017536,2393.167788136322
3019318,2393.167788136322
3021100,2393.167788136322
3022882,2393.167788136322
3024664,2393.167788136322
3026446,2393.167788136322
3028228,2393.167788136322
3001499,2393.167788136322
3003281,2393.167788136322
3005063,2393.167788136322
3006845,2393.167788136322
3008627,2393.167788136322
3010409,2393.167788136322
3012191,2393.167788136322
3013973,2393.167788136322
3015755,2393.167788136322
3017537,2393.167788136322
3019319,2393.167788136322
3021101,2393.167788136322
3022883,2393.167788136322
3024665,2393.167788136322
3026447,2393.167788136322
3028229,2393.167788136322
3001500,2393.167788136322
3003282,2393.167788136322
3005064,2393.167788136322
3006846,2393.167788136322
3008628,2393.167788136322
3010410,2393.167788136322
3012192,2393.167788136322
3013974,2393.167788136322
3015756,2393.167788136322
3017538,2393.167788136322
3019320,2393.167788136322
3021102,2393.167788136322
3022884,2393.167788136322
3024666,2393.167788136322
3026448,2393.167788136322
3028230,2393.167788136322
3001501,2393.167788136322
3003283,2393.167788136322
3005065,2393.167788136322
3006847,2393.167788136322
3008629,2393.167788136322
3010411,2393.167788136322
3012193,2393.167788136322
3013975,2393.167788136322
3015757,2393.167788136322
3017539,2393.167788136322
3019321,2393.167788136322
3021103,2393.167788136322
3022885,2393.167788136322
3024667,2393.167788136322
3026449,2393.167788136322
3028231,2393.167788136322
3001502,2393.167788136322
3003284,2393.167788136322
3005066,2393.167788136322
3006848,2393.167788136322
3008630,2393.167788136322
3010412,2393.167788136322
3012194,2393.167788136322
3013976,2393.167788136322
3015758,2393.167788136322
3017540,2393.167788136322
3019322,2393.167788136322
3021104,2393.167788136322
3022886,2393.167788136322
3024668,2393.167788136322
3026450,2393.167788136322
3028232,2393.167788136322
3001503,2393.167788136322
3003285,2393.167788136322
3005067,2393.167788136322
3006849,2393.167788136322
3008631,2393.167788136322
3010413,2393.167788136322
3012195,2393.167788136322
3013977,2393.167788136322
3015759,2393.167788136322
3017541,2393.167788136322
3019323,2393.167788136322
3021105,2393.167788136322
3022887,2393.167788136322
3024669,2393.167788136322
3026451,2393.167788136322
3028233,2393.167788136322
3001504,13755.84775951168
3003286,13755.84775951168
3005068,13755.84775951168
3006850,13755.84775951168
3008632,13755.84775951168
3010414,13755.84775951168
3012196,13755.84775951168
3013978,13755.84775951168
3015760,13755.84775951168
3017542,13755.84775951168
3019324,13755.84775951168
3021106,13755.84775951168
3022888,13755.84775951168
3024670,13755.84775951168
3026452,13755.84775951168
3028234,13755.84775951168
3001505,2393.167788136322
3003287,2393.167788136322
3005069,2393.167788136322
3006851,2393.167788136322
3008633,2393.167788136322
3010415,2393.167788136322
3012197,2393.167788136322
3013979,2393.167788136322
3015761,2393.167788136322
3017543,2393.167788136322
3019325,2393.167788136322
3021107,2393.167788136322
3022889,2393.167788136322
3024671,2393.167788136322
3026453,2393.167788136322
3028235,2393.167788136322
3001506,29379.993670687425
3003288,29379.993670687425
3005070,29379.993670687425
3006852,29379.993670687425
3008634,29379.993670687425
3010416,29379.993670687425
3012198,29379.993670687425
3013980,29379.993670687425
3015762,29379.993670687425
3017544,29379.993670687425
3019326,29379.993670687425
3021108,29379.993670687425
3022890,29379.993670687425
3024672,29379.993670687425
3026454,29379.993670687425
3028236,29379.993670687425
3001507,28191.69775395516
3003289,28191.69775395516
3005071,28191.69775395516
3006853,28191.69775395516
3008635,28191.69775395516
3010417,28191.69775395516
3012199,28191.69775395516
3013981,28191.69775395516
3015763,28191.69775395516
3017545,28191.69775395516
3019327,28191.69775395516
3021109,28191.69775395516
3022891,28191.69775395516
3024673,28191.69775395516
3026455,28191.69775395516
3028237,28191.69775395516
3001508,2393.167788136322
3003290,2393.167788136322
3005072,2393.167788136322
3006854,2393.167788136322
3008636,2393.167788136322
3010418,2393.167788136322
3012200,2393.167788136322
3013982,2393.167788136322
3015764,2393.167788136322
3017546,2393.167788136322
3019328,2393.167788136322
3021110,2393.167788136322
3022892,2393.167788136322
3024674,2393.167788136322
3026456,2393.167788136322
3028238,2393.167788136322
3001509,2393.167788136322
3003291,2393.167788136322
3005073,2393.167788136322
3006855,2393.167788136322
3008637,2393.167788136322
3010419,2393.167788136322
3012201,2393.167788136322
3013983,2393.167788136322
3015765,2393.167788136322
3017547,2393.167788136322
3019329,2393.167788136322
3021111,2393.167788136322
3022893,2393.167788136322
3024675,2393.167788136322
3026457,2393.167788136322
3028239,2393.167788136322
3001510,29379.993670687425
3003292,29379.993670687425
3005074,29379.993670687425
3006856,29379.993670687425
3008638,29379.993670687425
3010420,29379.993670687425
3012202,29379.993670687425
3013984,29379.993670687425
3015766,29379.993670687425
3017548,29379.993670687425
3019330,29379.993670687425
3021112,29379.993670687425
3022894,29379.993670687425
3024676,29379.993670687425
3026458,29379.993670687425
3028240,29379.993670687425
3001511,18867.114598218865
3003293,18867.114598218865
3005075,18867.114598218865
3006857,18867.114598218865
3008639,18867.114598218865
3010421,18867.114598218865
3012203,18867.114598218865
3013985,18867.114598218865
3015767,18867.114598218865
3017549,18867.114598218865
3019331,18867.114598218865
3021113,18867.114598218865
3022895,18867.114598218865
3024677,18867.114598218865
3026459,18867.114598218865
3028241,18867.114598218865
3001512,32530.527067124498
3003294,32530.527067124498
3005076,32530.527067124498
3006858,32530.527067124498
3008640,32530.527067124498
3010422,32530.527067124498
3012204,32530.527067124498
3013986,32530.527067124498
3015768,32530.527067124498
3017550,32530.527067124498
3019332,32530.527067124498
3021114,32530.527067124498
3022896,32530.527067124498
3024678,32530.527067124498
3026460,32530.527067124498
3028242,32530.527067124498
3001513,2393.167788136322
3003295,2393.167788136322
3005077,2393.167788136322
3006859,2393.167788136322
3008641,2393.167788136322
3010423,2393.167788136322
3012205,2393.167788136322
3013987,2393.167788136322
3015769,2393.167788136322
3017551,2393.167788136322
3019333,2393.167788136322
3021115,2393.167788136322
3022897,2393.167788136322
3024679,2393.167788136322
3026461,2393.167788136322
3028243,2393.167788136322
3001514,2393.167788136322
3003296,2393.167788136322
3005078,2393.167788136322
3006860,2393.167788136322
3008642,2393.167788136322
3010424,2393.167788136322
3012206,2393.167788136322
3013988,2393.167788136322
3015770,2393.167788136322
3017552,2393.167788136322
3019334,2393.167788136322
3021116,2393.167788136322
3022898,2393.167788136322
3024680,2393.167788136322
3026462,2393.167788136322
3028244,2393.167788136322
3001515,2393.167788136322
3003297,2393.167788136322
3005079,2393.167788136322
3006861,2393.167788136322
3008643,2393.167788136322
3010425,2393.167788136322
3012207,2393.167788136322
3013989,2393.167788136322
3015771,2393.167788136322
3017553,2393.167788136322
3019335,2393.167788136322
3021117,2393.167788136322
3022899,2393.167788136322
3024681,2393.167788136322
3026463,2393.167788136322
3028245,2393.167788136322
3001516,2393.167788136322
3003298,2393.167788136322
3005080,2393.167788136322
3006862,2393.167788136322
3008644,2393.167788136322
3010426,2393.167788136322
3012208,2393.167788136322
3013990,2393.167788136322
3015772,2393.167788136322
3017554,2393.167788136322
3019336,2393.167788136322
3021118,2393.167788136322
3022900,2393.167788136322
3024682,2393.167788136322
3026464,2393.167788136322
3028246,2393.167788136322
3001517,2393.167788136322
3003299,2393.167788136322
3005081,2393.167788136322
3006863,2393.167788136322
3008645,2393.167788136322
3010427,2393.167788136322
3012209,2393.167788136322
3013991,2393.167788136322
3015773,2393.167788136322
3017555,2393.167788136322
3019337,2393.167788136322
3021119,2393.167788136322
3022901,2393.167788136322
3024683,2393.167788136322
3026465,2393.167788136322
3028247,2393.167788136322
3001518,3.007842063574425e+108
3003300,3.007842063574425e+108
3005082,3.007842063574425e+108
3006864,3.007842063574425e+108
3008646,3.007842063574425e+108
3010428,3.007842063574425e+108
3012210,3.007842063574425e+108
3013992,3.007842063574425e+108
3015774,3.007842063574425e+108
3017556,3.007842063574425e+108
3019338,3.007842063574425e+108
3021120,3.007842063574425e+108
3022902,3.007842063574425e+108
3024684,3.007842063574425e+108
3026466,3.007842063574425e+108
3028248,3.007842063574425e+108
3001519,2393.167788136322
3003301,2393.167788136322
3005083,2393.167788136322
3006865,2393.167788136322
3008647,2393.167788136322
3010429,2393.167788136322
3012211,2393.167788136322
3013993,2393.167788136322
3015775,2393.167788136322
3017557,2393.167788136322
3019339,2393.167788136322
3021121,2393.167788136322
3022903,2393.167788136322
3024685,2393.167788136322
3026467,2393.167788136322
3028249,2393.167788136322
3001520,29379.993670687425
3003302,29379.993670687425
3005084,29379.993670687425
3006866,29379.993670687425
3008648,29379.993670687425
3010430,29379.993670687425
3012212,29379.993670687425
3013994,29379.993670687425
3015776,29379.993670687425
3017558,29379.993670687425
3019340,29379.993670687425
3021122,29379.993670687425
3022904,29379.993670687425
3024686,29379.993670687425
3026468,29379.993670687425
3028250,29379.993670687425
3001521,2393.167788136322
3003303,2393.167788136322
3005085,2393.167788136322
3006867,2393.167788136322
3008649,2393.167788136322
3010431,2393.167788136322
3012213,2393.167788136322
3013995,2393.167788136322
3015777,2393.167788136322
3017559,2393.167788136322
3019341,2393.167788136322
3021123,2393.167788136322
3022905,2393.167788136322
3024687,2393.167788136322
3026469,2393.167788136322
3028251,2393.167788136322
3001522,1.4890016199601365e+39
3003304,1.4890016199601365e+39
3005086,1.4890016199601365e+39
3006868,1.4890016199601365e+39
3008650,1.4890016199601365e+39
3010432,1.4890016199601365e+39
3012214,1.4890016199601365e+39
3013996,1.4890016199601365e+39
3015778,1.4890016199601365e+39
3017560,1.4890016199601365e+39
3019342,1.4890016199601365e+39
3021124,1.4890016199601365e+39
3022906,1.4890016199601365e+39
3024688,1.4890016199601365e+39
3026470,1.4890016199601365e+39
3028252,1.4890016199601365e+39
3001523,32530.527067124498
3003305,32530.527067124498
3005087,32530.527067124498
3006869,32530.527067124498
3008651,32530.527067124498
3010433,32530.527067124498
3012215,32530.527067124498
3013997,32530.527067124498
3015779,32530.527067124498
3017561,32530.527067124498
3019343,32530.527067124498
3021125,32530.527067124498
3022907,32530.527067124498
3024689,32530.527067124498
3026471,32530.527067124498
3028253,32530.527067124498
3001524,28191.69775395516
3003306,28191.69775395516
3005088,28191.69775395516
3006870,28191.69775395516
3008652,28191.69775395516
3010434,28191.69775395516
3012216,28191.69775395516
3013998,28191.69775395516
3015780,28191.69775395516
3017562,28191.69775395516
3019344,28191.69775395516
3021126,28191.69775395516
3022908,28191.69775395516
3024690,28191.69775395516
3026472,28191.69775395516
3028254,28191.69775395516
3001525,28191.69775395516
3003307,28191.69775395516
3005089,28191.69775395516
3006871,28191.69775395516
3008653,28191.69775395516
3010435,28191.69775395516
3012217,28191.69775395516
3013999,28191.69775395516
3015781,28191.69775395516
3017563,28191.69775395516
3019345,28191.69775395516
3021127,28191.69775395516
3022909,28191.69775395516
3024691,28191.69775395516
3026473,28191.69775395516
3028255,28191.69775395516
3001526,25447.284195908585
3003308,25447.284195908585
3005090,25447.284195908585
3006872,25447.284195908585
3008654,25447.284195908585
3010436,25447.284195908585
3012218,25447.284195908585
3014000,25447.284195908585
3015782,25447.284195908585
3017564,25447.284195908585
3019346,25447.284195908585
3021128,25447.284195908585
3022910,25447.284195908585
3024692,25447.284195908585
3026474,25447.284195908585
3028256,25447.284195908585
3001527,4.041054834009305e+87
3003309,4.041054834009305e+87
3005091,4.041054834009305e+87
3006873,6.42029037014039e+90
3008655,6.42029037014039e+90
3010437,4.041054834009305e+87
3012219,4.041054834009305e+87
3014001,4.041054834009305e+87
3015783,4.041054834009305e+87
3017565,4.041054834009305e+87
3019347,6.42029037014039e+90
3021129,6.42029037014039e+90
3022911,4.041054834009305e+87
3024693,4.041054834009305e+87
3026475,4.041054834009305e+87
3028257,4.041054834009305e+87
3001528,2393.167788136322
3003310,2393.167788136322
3005092,2393.167788136322
3006874,2393.167788136322
3008656,2393.167788136322
3010438,2393.167788136322
3012220,2393.167788136322
3014002,2393.167788136322
3015784,2393.167788136322
3017566,2393.167788136322
3019348,2393.167788136322
3021130,2393.167788136322
3022912,2393.167788136322
3024694,2393.167788136322
3026476,2393.167788136322
3028258,2393.167788136322
3001529,2393.167788136322
3003311,2393.167788136322
3005093,2393.167788136322
3006875,2393.167788136322
3008657,2393.167788136322
3010439,2393.167788136322
3012221,2393.167788136322
3014003,2393.167788136322
3015785,2393.167788136322
3017567,2393.167788136322
3019349,2393.167788136322
3021131,2393.167788136322
3022913,2393.167788136322
3024695,2393.167788136322
3026477,2393.167788136322
3028259,2393.167788136322
3001530,2393.167788136322
3003312,2393.167788136322
3005094,2393.167788136322
3006876,2393.167788136322
3008658,2393.167788136322
3010440,2393.167788136322
3012222,2393.167788136322
3014004,2393.167788136322
3015786,2393.167788136322
3017568,2393.167788136322
3019350,2393.167788136322
3021132,2393.167788136322
3022914,2393.167788136322
3024696,2393.167788136322
3026478,2393.167788136322
3028260,2393.167788136322
3001531,2393.167788136322
3003313,2393.167788136322
3005095,2393.167788136322
3006877,2393.167788136322
3008659,2393.167788136322
3010441,2393.167788136322
3012223,2393.167788136322
3014005,2393.167788136322
3015787,2393.167788136322
3017569,2393.167788136322
3019351,2393.167788136322
3021133,2393.167788136322
3022915,2393.167788136322
3024697,2393.167788136322
3026479,2393.167788136322
3028261,2393.167788136322
3001532,2393.167788136322
3003314,2393.167788136322
3005096,2393.167788136322
3006878,2393.167788136322
3008660,2393.167788136322
3010442,2393.167788136322
3012224,2393.167788136322
3014006,2393.167788136322
3015788,2393.167788136322
3017570,2393.167788136322
3019352,2393.167788136322
3021134,2393.167788136322
3022916,2393.167788136322
3024698,2393.167788136322
3026480,2393.167788136322
3028262,2393.167788136322
3001533,2393.167788136322
3003315,2393.167788136322
3005097,2393.167788136322
3006879,2393.167788136322
3008661,2393.167788136322
3010443,2393.167788136322
3012225,2393.167788136322
3014007,2393.167788136322
3015789,2393.167788136322
3017571,2393.167788136322
3019353,2393.167788136322
3021135,2393.167788136322
3022917,2393.167788136322
3024699,2393.167788136322
3026481,2393.167788136322
3028263,2393.167788136322
3001534,2393.167788136322
3003316,2393.167788136322
3005098,2393.167788136322
3006880,2393.167788136322
3008662,2393.167788136322
3010444,2393.167788136322
3012226,2393.167788136322
3014008,2393.167788136322
3015790,2393.167788136322
3017572,2393.167788136322
3019354,2393.167788136322
3021136,2393.167788136322
3022918,2393.167788136322
3024700,2393.167788136322
3026482,2393.167788136322
3028264,2393.167788136322
3001535,2393.167788136322
3003317,2393.167788136322
3005099,2393.167788136322
3006881,2393.167788136322
3008663,2393.167788136322
3010445,2393.167788136322
3012227,2393.167788136322
3014009,2393.167788136322
3015791,2393.167788136322
3017573,2393.167788136322
3019355,2393.167788136322
3021137,2393.167788136322
3022919,2393.167788136322
3024701,2393.167788136322
3026483,2393.167788136322
3028265,2393.167788136322
3001536,2393.167788136322
3003318,2393.167788136322
3005100,2393.167788136322
3006882,2393.167788136322
3008664,2393.167788136322
3010446,2393.167788136322
3012228,2393.167788136322
3014010,2393.167788136322
3015792,2393.167788136322
3017574,2393.167788136322
3019356,2393.167788136322
3021138,2393.167788136322
3022920,2393.167788136322
3024702,2393.167788136322
3026484,2393.167788136322
3028266,2393.167788136322
3001537,13755.84775951168
3003319,13755.84775951168
3005101,13755.84775951168
3006883,13755.84775951168
3008665,13755.84775951168
3010447,13755.84775951168
3012229,13755.84775951168
3014011,13755.84775951168
3015793,13755.84775951168
3017575,13755.84775951168
3019357,13755.84775951168
3021139,13755.84775951168
3022921,13755.84775951168
3024703,13755.84775951168
3026485,13755.84775951168
3028267,13755.84775951168
3001538,2393.167788136322
3003320,2393.167788136322
3005102,2393.167788136322
3006884,2393.167788136322
3008666,2393.167788136322
3010448,2393.167788136322
3012230,2393.167788136322
3014012,2393.167788136322
3015794,2393.167788136322
3017576,2393.167788136322
3019358,2393.167788136322
3021140,2393.167788136322
3022922,2393.167788136322
3024704,2393.167788136322
3026486,2393.167788136322
3028268,2393.167788136322
3001539,29379.993670687425
3003321,29379.993670687425
3005103,29379.993670687425
3006885,29379.993670687425
3008667,29379.993670687425
3010449,29379.993670687425
3012231,29379.993670687425
3014013,29379.993670687425
3015795,29379.993670687425
3017577,29379.993670687425
3019359,29379.993670687425
3021141,29379.993670687425
3022923,29379.993670687425
3024705,29379.993670687425
3026487,29379.993670687425
3028269,29379.993670687425
3001540,28191.69775395516
3003322,28191.69775395516
3005104,28191.69775395516
3006886,28191.69775395516
3008668,28191.69775395516
3010450,28191.69775395516
3012232,28191.69775395516
3014014,28191.69775395516
3015796,28191.69775395516
3017578,28191.69775395516
3019360,28191.69775395516
3021142,28191.69775395516
3022924,28191.69775395516
3024706,28191.69775395516
3026488,28191.69775395516
3028270,28191.69775395516
3001541,2393.167788136322
3003323,2393.167788136322
3005105,2393.167788136322
3006887,2393.167788136322
3008669,2393.167788136322
3010451,2393.167788136322
3012233,2393.167788136322
3014015,2393.167788136322
3015797,2393.167788136322
3017579,2393.167788136322
3019361,2393.167788136322
3021143,2393.167788136322
3022925,2393.167788136322
3024707,2393.167788136322
3026489,2393.167788136322
3028271,2393.167788136322
3001542,2393.167788136322
3003324,2393.167788136322
3005106,2393.167788136322
3006888,2393.167788136322
3008670,2393.167788136322
3010452,2393.167788136322
3012234,2393.167788136322
3014016,2393.167788136322
3015798,2393.167788136322
3017580,2393.167788136322
3019362,2393.167788136322
3021144,2393.167788136322
3022926,2393.167788136322
3024708,2393.167788136322
3026490,2393.167788136322
3028272,2393.167788136322
3001543,29379.993670687425
3003325,29379.993670687425
3005107,29379.993670687425
3006889,29379.993670687425
3008671,29379.993670687425
3010453,29379.993670687425
3012235,29379.993670687425
3014017,29379.993670687425
3015799,29379.993670687425
3017581,29379.993670687425
3019363,29379.993670687425
3021145,29379.993670687425
3022927,29379.993670687425
3024709,29379.993670687425
3026491,29379.993670687425
3028273,29379.993670687425
3001544,18867.114598218865
3003326,18867.114598218865
3005108,18867.114598218865
3006890,18867.114598218865
3008672,18867.114598218865
3010454,18867.114598218865
3012236,18867.114598218865
3014018,18867.114598218865
3015800,18867.114598218865
3017582,18867.114598218865
3019364,18867.114598218865
3021146,18867.114598218865
3022928,18867.114598218865
3024710,18867.114598218865
3026492,18867.114598218865
3028274,18867.114598218865
3001545,32530.527067124498
3003327,32530.527067124498
3005109,32530.527067124498
3006891,32530.527067124498
3008673,32530.527067124498
3010455,32530.527067124498
3012237,32530.527067124498
3014019,32530.527067124498
3015801,32530.527067124498
3017583,32530.527067124498
3019365,32530.527067124498
3021147,32530.527067124498
3022929,32530.527067124498
3024711,32530.527067124498
3026493,32530.527067124498
3028275,32530.527067124498
3001546,2393.167788136322
3003328,2393.167788136322
3005110,2393.167788136322
3006892,2393.167788136322
3008674,2393.167788136322
3010456,2393.167788136322
3012238,2393.167788136322
3014020,2393.167788136322
3015802,2393.167788136322
3017584,2393.167788136322
3019366,2393.167788136322
3021148,2393.167788136322
3022930,2393.167788136322
3024712,2393.167788136322
3026494,2393.167788136322
3028276,2393.167788136322
3001547,2393.167788136322
3003329,2393.167788136322
3005111,2393.167788136322
3006893,2393.167788136322
3008675,2393.167788136322
3010457,2393.167788136322
3012239,2393.167788136322
3014021,2393.167788136322
3015803,2393.167788136322
3017585,2393.167788136322
3019367,2393.167788136322
3021149,2393.167788136322
3022931,2393.167788136322
3024713,2393.167788136322
3026495,2393.167788136322
3028277,2393.167788136322
3001548,2393.167788136322
3003330,2393.167788136322
3005112,2393.167788136322
3006894,2393.167788136322
3008676,2393.167788136322
3010458,2393.167788136322
3012240,2393.167788136322
3014022,2393.167788136322
3015804,2393.167788136322
3017586,2393.167788136322
3019368,2393.167788136322
3021150,2393.167788136322
3022932,2393.167788136322
3024714,2393.167788136322
3026496,2393.167788136322
3028278,2393.167788136322
3001549,2393.167788136322
3003331,2393.167788136322
3005113,2393.167788136322
3006895,2393.167788136322
3008677,2393.167788136322
3010459,2393.167788136322
3012241,2393.167788136322
3014023,2393.167788136322
3015805,2393.167788136322
3017587,2393.167788136322
3019369,2393.167788136322
3021151,2393.167788136322
3022933,2393.167788136322
3024715,2393.167788136322
3026497,2393.167788136322
3028279,2393.167788136322
3001550,2393.167788136322
3003332,2393.167788136322
3005114,2393.167788136322
3006896,2393.167788136322
3008678,2393.167788136322
3010460,2393.167788136322
3012242,2393.167788136322
3014024,2393.167788136322
3015806,2393.167788136322
3017588,2393.167788136322
3019370,2393.167788136322
3021152,2393.167788136322
3022934,2393.167788136322
3024716,2393.167788136322
3026498,2393.167788136322
3028280,2393.167788136322
3001551,3.007842063574425e+108
3003333,3.007842063574425e+108
3005115,3.007842063574425e+108
3006897,3.007842063574425e+108
3008679,3.007842063574425e+108
3010461,3.007842063574425e+108
3012243,3.007842063574425e+108
3014025,3.007842063574425e+108
3015807,3.007842063574425e+108
3017589,3.007842063574425e+108
3019371,3.007842063574425e+108
3021153,3.007842063574425e+108
3022935,3.007842063574425e+108
3024717,3.007842063574425e+108
3026499,3.007842063574425e+108
3028281,3.007842063574425e+108
3001552,2393.167788136322
3003334,2393.167788136322
3005116,2393.167788136322
3006898,2393.167788136322
3008680,2393.167788136322
3010462,2393.167788136322
3012244,2393.167788136322
3014026,2393.167788136322
3015808,2393.167788136322
3017590,2393.167788136322
3019372,2393.167788136322
3021154,2393.167788136322
3022936,2393.167788136322
3024718,2393.167788136322
3026500,2393.167788136322
3028282,2393.167788136322
3001553,29379.993670687425
3003335,29379.993670687425
3005117,29379.993670687425
3006899,29379.993670687425
3008681,29379.993670687425
3010463,29379.993670687425
3012245,29379.993670687425
3014027,29379.993670687425
3015809,29379.993670687425
3017591,29379.993670687425
3019373,29379.993670687425
3021155,29379.993670687425
3022937,29379.993670687425
3024719,29379.993670687425
3026501,29379.993670687425
3028283,29379.993670687425
3001554,2393.167788136322
3003336,2393.167788136322
3005118,2393.167788136322
3006900,2393.167788136322
3008682,2393.167788136322
3010464,2393.167788136322
3012246,2393.167788136322
3014028,2393.167788136322
3015810,2393.167788136322
3017592,2393.167788136322
3019374,2393.167788136322
3021156,2393.167788136322
3022938,2393.167788136322
3024720,2393.167788136322
3026502,2393.167788136322
3028284,2393.167788136322
3001555,1.4890016199601365e+39
3003337,1.4890016199601365e+39
3005119,1.4890016199601365e+39
3006901,1.4890016199601365e+39
3008683,1.4890016199601365e+39
3010465,1.4890016199601365e+39
3012247,1.4890016199601365e+39
3014029,1.4890016199601365e+39
3015811,1.4890016199601365e+39
3017593,1.4890016199601365e+39
3019375,1.4890016199601365e+39
3021157,1.4890016199601365e+39
3022939,1.4890016199601365e+39
3024721,1.4890016199601365e+39
3026503,1.4890016199601365e+39
3028285,1.4890016199601365e+39
3001556,32530.527067124498
3003338,32530.527067124498
3005120,32530.527067124498
3006902,32530.527067124498
3008684,32530.527067124498
3010466,32530.527067124498
3012248,32530.527067124498
3014030,32530.527067124498
3015812,32530.527067124498
3017594,32530.527067124498
3019376,32530.527067124498
3021158,32530.527067124498
3022940,32530.527067124498
3024722,32530.527067124498
3026504,32530.527067124498
3028286,32530.527067124498
3001557,28191.69775395516
3003339,28191.69775395516
3005121,28191.69775395516
3006903,28191.69775395516
3008685,28191.69775395516
3010467,28191.69775395516
3012249,28191.69775395516
3014031,28191.69775395516
3015813,28191.69775395516
3017595,28191.69775395516
3019377,28191.69775395516
3021159,28191.69775395516
3022941,28191.69775395516
3024723,28191.69775395516
3026505,28191.69775395516
3028287,28191.69775395516
3001558,28191.69775395516
3003340,28191.69775395516
3005122,28191.69775395516
3006904,28191.69775395516
3008686,28191.69775395516
3010468,28191.69775395516
3012250,28191.69775395516
3014032,28191.69775395516
3015814,28191.69775395516
3017596,28191.69775395516
3019378,28191.69775395516
3021160,28191.69775395516
3022942,28191.69775395516
3024724,28191.69775395516
3026506,28191.69775395516
3028288,28191.69775395516
3001559,25447.284195908585
3003341,25447.284195908585
3005123,25447.284195908585
3006905,25447.284195908585
3008687,25447.284195908585
3010469,25447.284195908585
3012251,25447.284195908585
3014033,25447.284195908585
3015815,25447.284195908585
3017597,25447.284195908585
3019379,25447.284195908585
3021161,25447.284195908585
3022943,25447.284195908585
3024725,25447.284195908585
3026507,25447.284195908585
3028289,25447.284195908585
3001560,4.041054834009305e+87
3003342,4.041054834009305e+87
3005124,4.041054834009305e+87
3006906,6.42029037014039e+90
3008688,6.42029037014039e+90
3010470,4.041054834009305e+87
3012252,4.041054834009305e+87
3014034,4.041054834009305e+87
3015816,4.041054834009305e+87
3017598,4.041054834009305e+87
3019380,6.42029037014039e+90
3021162,6.42029037014039e+90
3022944,4.041054834009305e+87
3024726,4.041054834009305e+87
3026508,4.041054834009305e+87
3028290,4.041054834009305e+87
3001561,2393.167788136322
3003343,2393.167788136322
3005125,2393.167788136322
3006907,2393.167788136322
3008689,2393.167788136322
3010471,2393.167788136322
3012253,2393.167788136322
3014035,2393.167788136322
3015817,2393.167788136322
3017599,2393.167788136322
3019381,2393.167788136322
3021163,2393.167788136322
3022945,2393.167788136322
3024727,2393.167788136322
3026509,2393.167788136322
3028291,2393.167788136322
3001562,2393.167788136322
3003344,2393.167788136322
3005126,2393.167788136322
3006908,2393.167788136322
3008690,2393.167788136322
3010472,2393.167788136322
3012254,2393.167788136322
3014036,2393.167788136322
3015818,2393.167788136322
3017600,2393.167788136322
3019382,2393.167788136322
3021164,2393.167788136322
3022946,2393.167788136322
3024728,2393.167788136322
3026510,2393.167788136322
3028292,2393.167788136322
3001563,2393.167788136322
3003345,2393.167788136322
3005127,2393.167788136322
3006909,2393.167788136322
3008691,2393.167788136322
3010473,2393.167788136322
3012255,2393.167788136322
3014037,2393.167788136322
3015819,2393.167788136322
3017601,2393.167788136322
3019383,2393.167788136322
3021165,2393.167788136322
3022947,2393.167788136322
3024729,2393.167788136322
3026511,2393.167788136322
3028293,2393.167788136322
3001564,2393.167788136322
3003346,2393.167788136322
3005128,2393.167788136322
3006910,2393.167788136322
3008692,2393.167788136322
3010474,2393.167788136322
3012256,2393.167788136322
3014038,2393.167788136322
3015820,2393.167788136322
3017602,2393.167788136322
3019384,2393.167788136322
3021166,2393.167788136322
3022948,2393.167788136322
3024730,2393.167788136322
3026512,2393.167788136322
3028294,2393.167788136322
3001565,2393.167788136322
3003347,2393.167788136322
3005129,2393.167788136322
3006911,2393.167788136322
3008693,2393.167788136322
3010475,2393.167788136322
3012257,2393.167788136322
3014039,2393.167788136322
3015821,2393.167788136322
3017603,2393.167788136322
3019385,2393.167788136322
3021167,2393.167788136322
3022949,2393.167788136322
3024731,2393.167788136322
3026513,2393.167788136322
3028295,2393.167788136322
3001566,2393.167788136322
3003348,2393.167788136322
3005130,2393.167788136322
3006912,2393.167788136322
3008694,2393.167788136322
3010476,2393.167788136322
3012258,2393.167788136322
3014040,2393.167788136322
3015822,2393.167788136322
3017604,2393.167788136322
3019386,2393.167788136322
3021168,2393.167788136322
3022950,2393.167788136322
3024732,2393.167788136322
3026514,2393.167788136322
3028296,2393.167788136322
3001567,2393.167788136322
3003349,2393.167788136322
3005131,2393.167788136322
3006913,2393.167788136322
3008695,2393.167788136322
3010477,2393.167788136322
3012259,2393.167788136322
3014041,2393.167788136322
3015823,2393.167788136322
3017605,2393.167788136322
3019387,2393.167788136322
3021169,2393.167788136322
3022951,2393.167788136322
3024733,2393.167788136322
3026515,2393.167788136322
3028297,2393.167788136322
3001568,2393.167788136322
3003350,2393.167788136322
3005132,2393.167788136322
3006914,2393.167788136322
3008696,2393.167788136322
3010478,2393.167788136322
3012260,2393.167788136322
3014042,2393.167788136322
3015824,2393.167788136322
3017606,2393.167788136322
3019388,2393.167788136322
3021170,2393.167788136322
3022952,2393.167788136322
3024734,2393.167788136322
3026516,2393.167788136322
3028298,2393.167788136322
3001569,2393.167788136322
3003351,2393.167788136322
3005133,2393.167788136322
3006915,2393.167788136322
3008697,2393.167788136322
3010479,2393.167788136322
3012261,2393.167788136322
3014043,2393.167788136322
3015825,2393.167788136322
3017607,2393.167788136322
3019389,2393.167788136322
3021171,2393.167788136322
3022953,2393.167788136322
3024735,2393.167788136322
3026517,2393.167788136322
3028299,2393.167788136322
3001570,13755.84775951168
3003352,13755.84775951168
3005134,13755.84775951168
3006916,13755.84775951168
3008698,13755.84775951168
3010480,13755.84775951168
3012262,13755.84775951168
3014044,13755.84775951168
3015826,13755.84775951168
3017608,13755.84775951168
3019390,13755.84775951168
3021172,13755.84775951168
3022954,13755.84775951168
3024736,13755.84775951168
3026518,13755.84775951168
3028300,13755.84775951168
3001571,2393.167788136322
3003353,2393.167788136322
3005135,2393.167788136322
3006917,2393.167788136322
3008699,2393.167788136322
3010481,2393.167788136322
3012263,2393.167788136322
3014045,2393.167788136322
3015827,2393.167788136322
3017609,2393.167788136322
3019391,2393.167788136322
3021173,2393.167788136322
3022955,2393.167788136322
3024737,2393.167788136322
3026519,2393.167788136322
3028301,2393.167788136322
3001572,29379.993670687425
3003354,29379.993670687425
3005136,29379.993670687425
3006918,29379.993670687425
3008700,29379.993670687425
3010482,29379.993670687425
3012264,29379.993670687425
3014046,29379.993670687425
3015828,29379.993670687425
3017610,29379.993670687425
3019392,29379.993670687425
3021174,29379.993670687425
3022956,29379.993670687425
3024738,29379.993670687425
3026520,29379.993670687425
3028302,29379.993670687425
3001573,28191.69775395516
3003355,28191.69775395516
3005137,28191.69775395516
3006919,28191.69775395516
3008701,28191.69775395516
3010483,28191.69775395516
3012265,28191.69775395516
3014047,28191.69775395516
3015829,28191.69775395516
3017611,28191.69775395516
3019393,28191.69775395516
3021175,28191.69775395516
3022957,28191.69775395516
3024739,28191.69775395516
3026521,28191.69775395516
3028303,28191.69775395516
3001574,2393.167788136322
3003356,2393.167788136322
3005138,2393.167788136322
3006920,2393.167788136322
3008702,2393.167788136322
3010484,2393.167788136322
3012266,2393.167788136322
3014048,2393.167788136322
3015830,2393.167788136322
3017612,2393.167788136322
3019394,2393.167788136322
3021176,2393.167788136322
3022958,2393.167788136322
3024740,2393.167788136322
3026522,2393.167788136322
3028304,2393.167788136322
3001575,2393.167788136322
3003357,2393.167788136322
3005139,2393.167788136322
3006921,2393.167788136322
3008703,2393.167788136322
3010485,2393.167788136322
3012267,2393.167788136322
3014049,2393.167788136322
3015831,2393.167788136322
3017613,2393.167788136322
3019395,2393.167788136322
3021177,2393.167788136322
3022959,2393.167788136322
3024741,2393.167788136322
3026523,2393.167788136322
3028305,2393.167788136322
3001576,29379.993670687425
3003358,29379.993670687425
3005140,29379.993670687425
3006922,29379.993670687425
3008704,29379.993670687425
3010486,29379.993670687425
3012268,29379.993670687425
3014050,29379.993670687425
3015832,29379.993670687425
3017614,29379.993670687425
3019396,29379.993670687425
3021178,29379.993670687425
3022960,29379.993670687425
3024742,29379.993670687425
3026524,29379.993670687425
3028306,29379.993670687425
3001577,18867.114598218865
3003359,18867.114598218865
3005141,18867.114598218865
3006923,18867.114598218865
3008705,18867.114598218865
3010487,18867.114598218865
3012269,18867.114598218865
3014051,18867.114598218865
3015833,18867.114598218865
3017615,18867.114598218865
3019397,18867.114598218865
3021179,18867.114598218865
3022961,18867.114598218865
3024743,18867.114598218865
3026525,18867.114598218865
3028307,18867.114598218865
3001578,32530.527067124498
3003360,32530.527067124498
3005142,32530.527067124498
3006924,32530.527067124498
3008706,32530.527067124498
3010488,32530.527067124498
3012270,32530.527067124498
3014052,32530.527067124498
3015834,32530.527067124498
3017616,32530.527067124498
3019398,32530.527067124498
3021180,32530.527067124498
3022962,32530.527067124498
3024744,32530.527067124498
3026526,32530.527067124498
3028308,32530.527067124498
3001579,2393.167788136322
3003361,2393.167788136322
3005143,2393.167788136322
3006925,2393.167788136322
3008707,2393.167788136322
3010489,2393.167788136322
3012271,2393.167788136322
3014053,2393.167788136322
3015835,2393.167788136322
3017617,2393.167788136322
3019399,2393.167788136322
3021181,2393.167788136322
3022963,2393.167788136322
3024745,2393.167788136322
3026527,2393.167788136322
3028309,2393.167788136322
3001580,2393.167788136322
3003362,2393.167788136322
3005144,2393.167788136322
3006926,2393.167788136322
3008708,2393.167788136322
3010490,2393.167788136322
3012272,2393.167788136322
3014054,2393.167788136322
3015836,2393.167788136322
3017618,2393.167788136322
3019400,2393.167788136322
3021182,2393.167788136322
3022964,2393.167788136322
3024746,2393.167788136322
3026528,2393.167788136322
3028310,2393.167788136322
3001581,2393.167788136322
3003363,2393.167788136322
3005145,2393.167788136322
3006927,2393.167788136322
3008709,2393.167788136322
3010491,2393.167788136322
3012273,2393.167788136322
3014055,2393.167788136322
3015837,2393.167788136322
3017619,2393.167788136322
3019401,2393.167788136322
3021183,2393.167788136322
3022965,2393.167788136322
3024747,2393.167788136322
3026529,2393.167788136322
3028311,2393.167788136322
3001582,2393.167788136322
3003364,2393.167788136322
3005146,2393.167788136322
3006928,2393.167788136322
3008710,2393.167788136322
3010492,2393.167788136322
3012274,2393.167788136322
3014056,2393.167788136322
3015838,2393.167788136322
3017620,2393.167788136322
3019402,2393.167788136322
3021184,2393.167788136322
3022966,2393.167788136322
3024748,2393.167788136322
3026530,2393.167788136322
3028312,2393.167788136322
3001583,2393.167788136322
3003365,2393.167788136322
3005147,2393.167788136322
3006929,2393.167788136322
3008711,2393.167788136322
3010493,2393.167788136322
3012275,2393.167788136322
3014057,2393.167788136322
3015839,2393.167788136322
3017621,2393.167788136322
3019403,2393.167788136322
3021185,2393.167788136322
3022967,2393.167788136322
3024749,2393.167788136322
3026531,2393.167788136322
3028313,2393.167788136322
3001584,3.007842063574425e+108
3003366,3.007842063574425e+108
3005148,3.007842063574425e+108
3006930,3.007842063574425e+108
3008712,3.007842063574425e+108
3010494,3.007842063574425e+108
3012276,3.007842063574425e+108
3014058,3.007842063574425e+108
3015840,3.007842063574425e+108
3017622,3.007842063574425e+108
3019404,3.007842063574425e+108
3021186,3.007842063574425e+108
3022968,3.007842063574425e+108
3024750,3.007842063574425e+108
3026532,3.007842063574425e+108
3028314,3.007842063574425e+108
3001585,2393.167788136322
3003367,2393.167788136322
3005149,2393.167788136322
3006931,2393.167788136322
3008713,2393.167788136322
3010495,2393.167788136322
3012277,2393.167788136322
3014059,2393.167788136322
3015841,2393.167788136322
3017623,2393.167788136322
3019405,2393.167788136322
3021187,2393.167788136322
3022969,2393.167788136322
3024751,2393.167788136322
3026533,2393.167788136322
3028315,2393.167788136322
3001586,29379.993670687425
3003368,29379.993670687425
3005150,29379.993670687425
3006932,29379.993670687425
3008714,29379.993670687425
3010496,29379.993670687425
3012278,29379.993670687425
3014060,29379.993670687425
3015842,29379.993670687425
3017624,29379.993670687425
3019406,29379.993670687425
3021188,29379.993670687425
3022970,29379.993670687425
3024752,29379.993670687425
3026534,29379.993670687425
3028316,29379.993670687425
3001587,2393.167788136322
3003369,2393.167788136322
3005151,2393.167788136322
3006933,2393.167788136322
3008715,2393.167788136322
3010497,2393.167788136322
3012279,2393.167788136322
3014061,2393.167788136322
3015843,2393.167788136322
3017625,2393.167788136322
3019407,2393.167788136322
3021189,2393.167788136322
3022971,2393.167788136322
3024753,2393.167788136322
3026535,2393.167788136322
3028317,2393.167788136322
3001588,1.4890016199601365e+39
3003370,1.4890016199601365e+39
3005152,1.4890016199601365e+39
3006934,1.4890016199601365e+39
3008716,1.4890016199601365e+39
3010498,1.4890016199601365e+39
3012280,1.4890016199601365e+39
3014062,1.4890016199601365e+39
3015844,1.4890016199601365e+39
3017626,1.4890016199601365e+39
3019408,1.4890016199601365e+39
3021190,1.4890016199601365e+39
3022972,1.4890016199601365e+39
3024754,1.4890016199601365e+39
3026536,1.4890016199601365e+39
3028318,1.4890016199601365e+39
3001589,32530.527067124498
3003371,32530.527067124498
3005153,32530.527067124498
3006935,32530.527067124498
3008717,32530.527067124498
3010499,32530.527067124498
3012281,32530.527067124498
3014063,32530.527067124498
3015845,32530.527067124498
3017627,32530.527067124498
3019409,32530.527067124498
3021191,32530.527067124498
3022973,32530.527067124498
3024755,32530.527067124498
3026537,32530.527067124498
3028319,32530.527067124498
3001590,28191.69775395516
3003372,28191.69775395516
3005154,28191.69775395516
3006936,28191.69775395516
3008718,28191.69775395516
3010500,28191.69775395516
3012282,28191.69775395516
3014064,28191.69775395516
3015846,28191.69775395516
3017628,28191.69775395516
3019410,28191.69775395516
3021192,28191.69775395516
3022974,28191.69775395516
3024756,28191.69775395516
3026538,28191.69775395516
3028320,28191.69775395516
3001591,28191.69775395516
3003373,28191.69775395516
3005155,28191.69775395516
3006937,28191.69775395516
3008719,28191.69775395516
3010501,28191.69775395516
3012283,28191.69775395516
3014065,28191.69775395516
3015847,28191.69775395516
3017629,28191.69775395516
3019411,28191.69775395516
3021193,28191.69775395516
3022975,28191.69775395516
3024757,28191.69775395516
3026539,28191.69775395516
3028321,28191.69775395516
3001592,25447.284195908585
3003374,25447.284195908585
3005156,25447.284195908585
3006938,25447.284195908585
3008720,25447.284195908585
3010502,25447.284195908585
3012284,25447.284195908585
3014066,25447.284195908585
3015848,25447.284195908585
3017630,25447.284195908585
3019412,25447.284195908585
3021194,25447.284195908585
3022976,25447.284195908585
3024758,25447.284195908585
3026540,25447.284195908585
3028322,25447.284195908585
3001593,4.041054834009305e+87
3003375,4.041054834009305e+87
3005157,4.041054834009305e+87
3006939,6.42029037014039e+90
3008721,6.42029037014039e+90
3010503,4.041054834009305e+87
3012285,4.041054834009305e+87
3014067,4.041054834009305e+87
3015849,4.041054834009305e+87
3017631,4.041054834009305e+87
3019413,6.42029037014039e+90
3021195,6.42029037014039e+90
3022977,4.041054834009305e+87
3024759,4.041054834009305e+87
3026541,4.041054834009305e+87
3028323,4.041054834009305e+87
3001594,2393.167788136322
3003376,2393.167788136322
3005158,2393.167788136322
3006940,2393.167788136322
3008722,2393.167788136322
3010504,2393.167788136322
3012286,2393.167788136322
3014068,2393.167788136322
3015850,2393.167788136322
3017632,2393.167788136322
3019414,2393.167788136322
3021196,2393.167788136322
3022978,2393.167788136322
3024760,2393.167788136322
3026542,2393.167788136322
3028324,2393.167788136322
3001595,2393.167788136322
3003377,2393.167788136322
3005159,2393.167788136322
3006941,2393.167788136322
3008723,2393.167788136322
3010505,2393.167788136322
3012287,2393.167788136322
3014069,2393.167788136322
3015851,2393.167788136322
3017633,2393.167788136322
3019415,2393.167788136322
3021197,2393.167788136322
3022979,2393.167788136322
3024761,2393.167788136322
3026543,2393.167788136322
3028325,2393.167788136322
3001596,2393.167788136322
3003378,2393.167788136322
3005160,2393.167788136322
3006942,2393.167788136322
3008724,2393.167788136322
3010506,2393.167788136322
3012288,2393.167788136322
3014070,2393.167788136322
3015852,2393.167788136322
3017634,2393.167788136322
3019416,2393.167788136322
3021198,2393.167788136322
3022980,2393.167788136322
3024762,2393.167788136322
3026544,2393.167788136322
3028326,2393.167788136322
3001597,2393.167788136322
3003379,2393.167788136322
3005161,2393.167788136322
3006943,2393.167788136322
3008725,2393.167788136322
3010507,2393.167788136322
3012289,2393.167788136322
3014071,2393.167788136322
3015853,2393.167788136322
3017635,2393.167788136322
3019417,2393.167788136322
3021199,2393.167788136322
3022981,2393.167788136322
3024763,2393.167788136322
3026545,2393.167788136322
3028327,2393.167788136322
3001598,2393.167788136322
3003380,2393.167788136322
3005162,2393.167788136322
3006944,2393.167788136322
3008726,2393.167788136322
3010508,2393.167788136322
3012290,2393.167788136322
3014072,2393.167788136322
3015854,2393.167788136322
3017636,2393.167788136322
3019418,2393.167788136322
3021200,2393.167788136322
3022982,2393.167788136322
3024764,2393.167788136322
3026546,2393.167788136322
3028328,2393.167788136322
3001599,2393.167788136322
3003381,2393.167788136322
3005163,2393.167788136322
3006945,2393.167788136322
3008727,2393.167788136322
3010509,2393.167788136322
3012291,2393.167788136322
3014073,2393.167788136322
3015855,2393.167788136322
3017637,2393.167788136322
3019419,2393.167788136322
3021201,2393.167788136322
3022983,2393.167788136322
3024765,2393.167788136322
3026547,2393.167788136322
3028329,2393.167788136322
3001600,2393.167788136322
3003382,2393.167788136322
3005164,2393.167788136322
3006946,2393.167788136322
3008728,2393.167788136322
3010510,2393.167788136322
3012292,2393.167788136322
3014074,2393.167788136322
3015856,2393.167788136322
3017638,2393.167788136322
3019420,2393.167788136322
3021202,2393.167788136322
3022984,2393.167788136322
3024766,2393.167788136322
3026548,2393.167788136322
3028330,2393.167788136322
3001601,2393.167788136322
3003383,2393.167788136322
3005165,2393.167788136322
3006947,2393.167788136322
3008729,2393.167788136322
3010511,2393.167788136322
3012293,2393.167788136322
3014075,2393.167788136322
3015857,2393.167788136322
3017639,2393.167788136322
3019421,2393.167788136322
3021203,2393.167788136322
3022985,2393.167788136322
3024767,2393.167788136322
3026549,2393.167788136322
3028331,2393.167788136322
3001602,2393.167788136322
3003384,2393.167788136322
3005166,2393.167788136322
3006948,2393.167788136322
3008730,2393.167788136322
3010512,2393.167788136322
3012294,2393.167788136322
3014076,2393.167788136322
3015858,2393.167788136322
3017640,2393.167788136322
3019422,2393.167788136322
3021204,2393.167788136322
3022986,2393.167788136322
3024768,2393.167788136322
3026550,2393.167788136322
3028332,2393.167788136322
3001603,13755.84775951168
3003385,13755.84775951168
3005167,13755.84775951168
3006949,13755.84775951168
3008731,13755.84775951168
3010513,13755.84775951168
3012295,13755.84775951168
3014077,13755.84775951168
3015859,13755.84775951168
3017641,13755.84775951168
3019423,13755.84775951168
3021205,13755.84775951168
3022987,13755.84775951168
3024769,13755.84775951168
3026551,13755.84775951168
3028333,13755.84775951168
3001604,2393.167788136322
3003386,2393.167788136322
3005168,2393.167788136322
3006950,2393.167788136322
3008732,2393.167788136322
3010514,2393.167788136322
3012296,2393.167788136322
3014078,2393.167788136322
3015860,2393.167788136322
3017642,2393.167788136322
3019424,2393.167788136322
3021206,2393.167788136322
3022988,2393.167788136322
3024770,2393.167788136322
3026552,2393.167788136322
3028334,2393.167788136322
3001605,29379.993670687425
3003387,29379.993670687425
3005169,29379.993670687425
3006951,29379.993670687425
3008733,29379.993670687425
3010515,29379.993670687425
3012297,29379.993670687425
3014079,29379.993670687425
3015861,29379.993670687425
3017643,29379.993670687425
3019425,29379.993670687425
3021207,29379.993670687425
3022989,29379.993670687425
3024771,29379.993670687425
3026553,29379.993670687425
3028335,29379.993670687425
3001606,28191.69775395516
3003388,28191.69775395516
3005170,28191.69775395516
3006952,28191.69775395516
3008734,28191.69775395516
3010516,28191.69775395516
3012298,28191.69775395516
3014080,28191.69775395516
3015862,28191.69775395516
3017644,28191.69775395516
3019426,28191.69775395516
3021208,28191.69775395516
3022990,28191.69775395516
3024772,28191.69775395516
3026554,28191.69775395516
3028336,28191.69775395516
3001607,2393.167788136322
3003389,2393.167788136322
3005171,2393.167788136322
3006953,2393.167788136322
3008735,2393.167788136322
3010517,2393.167788136322
3012299,2393.167788136322
3014081,2393.167788136322
3015863,2393.167788136322
3017645,2393.167788136322
3019427,2393.167788136322
3021209,2393.167788136322
3022991,2393.167788136322
3024773,2393.167788136322
3026555,2393.167788136322
3028337,2393.167788136322
3001608,2393.167788136322
3003390,2393.167788136322
3005172,2393.167788136322
3006954,2393.167788136322
3008736,2393.167788136322
3010518,2393.167788136322
3012300,2393.167788136322
3014082,2393.167788136322
3015864,2393.167788136322
3017646,2393.167788136322
3019428,2393.167788136322
3021210,2393.167788136322
3022992,2393.167788136322
3024774,2393.167788136322
3026556,2393.167788136322
3028338,2393.167788136322
3001609,29379.993670687425
3003391,29379.993670687425
3005173,29379.993670687425
3006955,29379.993670687425
3008737,29379.993670687425
3010519,29379.993670687425
3012301,29379.993670687425
3014083,29379.993670687425
3015865,29379.993670687425
3017647,29379.993670687425
3019429,29379.993670687425
3021211,29379.993670687425
3022993,29379.993670687425
3024775,29379.993670687425
3026557,29379.993670687425
3028339,29379.993670687425
3001610,18867.114598218865
3003392,18867.114598218865
3005174,18867.114598218865
3006956,18867.114598218865
3008738,18867.114598218865
3010520,18867.114598218865
3012302,18867.114598218865
3014084,18867.114598218865
3015866,18867.114598218865
3017648,18867.114598218865
3019430,18867.114598218865
3021212,18867.114598218865
3022994,18867.114598218865
3024776,18867.114598218865
3026558,18867.114598218865
3028340,18867.114598218865
3001611,32530.527067124498
3003393,32530.527067124498
3005175,32530.527067124498
3006957,32530.527067124498
3008739,32530.527067124498
3010521,32530.527067124498
3012303,32530.527067124498
3014085,32530.527067124498
3015867,32530.527067124498
3017649,32530.527067124498
3019431,32530.527067124498
3021213,32530.527067124498
3022995,32530.527067124498
3024777,32530.527067124498
3026559,32530.527067124498
3028341,32530.527067124498
3001612,2393.167788136322
3003394,2393.167788136322
3005176,2393.167788136322
3006958,2393.167788136322
3008740,2393.167788136322
3010522,2393.167788136322
3012304,2393.167788136322
3014086,2393.167788136322
3015868,2393.167788136322
3017650,2393.167788136322
3019432,2393.167788136322
3021214,2393.167788136322
3022996,2393.167788136322
3024778,2393.167788136322
3026560,2393.167788136322
3028342,2393.167788136322
3001613,2393.167788136322
3003395,2393.167788136322
3005177,2393.167788136322
3006959,2393.167788136322
3008741,2393.167788136322
3010523,2393.167788136322
3012305,2393.167788136322
3014087,2393.167788136322
3015869,2393.167788136322
3017651,2393.167788136322
3019433,2393.167788136322
3021215,2393.167788136322
3022997,2393.167788136322
3024779,2393.167788136322
3026561,2393.167788136322
3028343,2393.167788136322
3001647,2393.167788136322
3003429,2393.167788136322
3005211,2393.167788136322
3006993,2393.167788136322
3008775,2393.167788136322
3010557,2393.167788136322
3012339,2393.167788136322
3014121,2393.167788136322
3015903,2393.167788136322
3017685,2393.167788136322
3019467,2393.167788136322
3021249,2393.167788136322
3023031,2393.167788136322
3024813,2393.167788136322
3026595,2393.167788136322
3028377,2393.167788136322
3001648,2393.167788136322
3003430,2393.167788136322
3005212,2393.167788136322
3006994,2393.167788136322
3008776,2393.167788136322
3010558,2393.167788136322
3012340,2393.167788136322
3014122,2393.167788136322
3015904,2393.167788136322
3017686,2393.167788136322
3019468,2393.167788136322
3021250,2393.167788136322
3023032,2393.167788136322
3024814,2393.167788136322
3026596,2393.167788136322
3028378,2393.167788136322
3001649,2393.167788136322
3003431,2393.167788136322
3005213,2393.167788136322
3006995,2393.167788136322
3008777,2393.167788136322
3010559,2393.167788136322
3012341,2393.167788136322
3014123,2393.167788136322
3015905,2393.167788136322
3017687,2393.167788136322
3019469,2393.167788136322
3021251,2393.167788136322
3023033,2393.167788136322
3024815,2393.167788136322
3026597,2393.167788136322
3028379,2393.167788136322
3001650,3.007842063574425e+108
3003432,3.007842063574425e+108
3005214,3.007842063574425e+108
3006996,3.007842063574425e+108
3008778,3.007842063574425e+108
3010560,3.007842063574425e+108
3012342,3.007842063574425e+108
3014124,3.007842063574425e+108
3015906,3.007842063574425e+108
3017688,3.007842063574425e+108
3019470,3.007842063574425e+108
3021252,3.007842063574425e+108
3023034,3.007842063574425e+108
3024816,3.007842063574425e+108
3026598,3.007842063574425e+108
3028380,3.007842063574425e+108
3001651,2393.167788136322
3003433,2393.167788136322
3005215,2393.167788136322
3006997,2393.167788136322
3008779,2393.167788136322
3010561,2393.167788136322
3012343,2393.167788136322
3014125,2393.167788136322
3015907,2393.167788136322
3017689,2393.167788136322
3019471,2393.167788136322
3021253,2393.167788136322
3023035,2393.167788136322
3024817,2393.167788136322
3026599,2393.167788136322
3028381,2393.167788136322
3001652,29379.993670687425
3003434,29379.993670687425
3005216,29379.993670687425
3006998,29379.993670687425
3008780,29379.993670687425
3010562,29379.993670687425
3012344,29379.993670687425
3014126,29379.993670687425
3015908,29379.993670687425
3017690,29379.993670687425
3019472,29379.993670687425
3021254,29379.993670687425
3023036,29379.993670687425
3024818,29379.993670687425
3026600,29379.993670687425
3028382,29379.993670687425
3001653,2393.167788136322
3003435,2393.167788136322
3005217,2393.167788136322
3006999,2393.167788136322
3008781,2393.167788136322
3010563,2393.167788136322
3012345,2393.167788136322
3014127,2393.167788136322
3015909,2393.167788136322
3017691,2393.167788136322
3019473,2393.167788136322
3021255,2393.167788136322
3023037,2393.167788136322
3024819,2393.167788136322
3026601,2393.167788136322
3028383,2393.167788136322
3001654,1.4890016199601365e+39
3003436,1.4890016199601365e+39
3005218,1.4890016199601365e+39
3007000,1.4890016199601365e+39
3008782,1.4890016199601365e+39
3010564,1.4890016199601365e+39
3012346,1.4890016199601365e+39
3014128,1.4890016199601365e+39
3015910,1.4890016199601365e+39
3017692,1.4890016199601365e+39
3019474,1.4890016199601365e+39
3021256,1.4890016199601365e+39
3023038,1.4890016199601365e+39
3024820,1.4890016199601365e+39
3026602,1.4890016199601365e+39
3028384,1.4890016199601365e+39
3001655,32530.527067124498
3003437,32530.527067124498
3005219,32530.527067124498
3007001,32530.527067124498
3008783,32530.527067124498
3010565,32530.527067124498
3012347,32530.527067124498
3014129,32530.527067124498
3015911,32530.527067124498
3017693,32530.527067124498
3019475,32530.527067124498
3021257,32530.527067124498
3023039,32530.527067124498
3024821,32530.527067124498
3026603,32530.527067124498
3028385,32530.527067124498
3001656,28191.69775395516
3003438,28191.69775395516
3005220,28191.69775395516
3007002,28191.69775395516
3008784,28191.69775395516
3010566,28191.69775395516
3012348,28191.69775395516
3014130,28191.69775395516
3015912,28191.69775395516
3017694,28191.69775395516
3019476,28191.69775395516
3021258,28191.69775395516
3023040,28191.69775395516
3024822,28191.69775395516
3026604,28191.69775395516
3028386,28191.69775395516
3001657,28191.69775395516
3003439,28191.69775395516
3005221,28191.69775395516
3007003,28191.69775395516
3008785,28191.69775395516
3010567,28191.69775395516
3012349,28191.69775395516
3014131,28191.69775395516
3015913,28191.69775395516
3017695,28191.69775395516
3019477,28191.69775395516
3021259,28191.69775395516
3023041,28191.69775395516
3024823,28191.69775395516
3026605,28191.69775395516
3028387,28191.69775395516
3001658,25447.284195908585
3003440,25447.284195908585
3005222,25447.284195908585
3007004,25447.284195908585
3008786,25447.284195908585
3010568,25447.284195908585
3012350,25447.284195908585
3014132,25447.284195908585
3015914,25447.284195908585
3017696,25447.284195908585
3019478,25447.284195908585
3021260,25447.284195908585
3023042,25447.284195908585
3024824,25447.284195908585
3026606,25447.284195908585
3028388,25447.284195908585
3001659,4.041054834009305e+87
3003441,4.041054834009305e+87
3005223,4.041054834009305e+87
3007005,6.42029037014039e+90
3008787,6.42029037014039e+90
3010569,4.041054834009305e+87
3012351,4.041054834009305e+87
3014133,4.041054834009305e+87
3015915,4.041054834009305e+87
3017697,4.041054834009305e+87
3019479,6.42029037014039e+90
3021261,6.42029037014039e+90
3023043,4.041054834009305e+87
3024825,4.041054834009305e+87
3026607,4.041054834009305e+87
3028389,4.041054834009305e+87
3001660,2393.167788136322
3003442,2393.167788136322
3005224,2393.167788136322
3007006,2393.167788136322
3008788,2393.167788136322
3010570,2393.167788136322
3012352,2393.167788136322
3014134,2393.167788136322
3015916,2393.167788136322
3017698,2393.167788136322
3019480,2393.167788136322
3021262,2393.167788136322
3023044,2393.167788136322
3024826,2393.167788136322
3026608,2393.167788136322
3028390,2393.167788136322
3001661,2393.167788136322
3003443,2393.167788136322
3005225,2393.167788136322
3007007,2393.167788136322
3008789,2393.167788136322
3010571,2393.167788136322
3012353,2393.167788136322
3014135,2393.167788136322
3015917,2393.167788136322
3017699,2393.167788136322
3019481,2393.167788136322
3021263,2393.167788136322
3023045,2393.167788136322
3024827,2393.167788136322
3026609,2393.167788136322
3028391,2393.167788136322
3001662,2393.167788136322
3003444,2393.167788136322
3005226,2393.167788136322
3007008,2393.167788136322
3008790,2393.167788136322
3010572,2393.167788136322
3012354,2393.167788136322
3014136,2393.167788136322
3015918,2393.167788136322
3017700,2393.167788136322
3019482,2393.167788136322
3021264,2393.167788136322
3023046,2393.167788136322
3024828,2393.167788136322
3026610,2393.167788136322
3028392,2393.167788136322
3001663,2393.167788136322
3003445,2393.167788136322
3005227,2393.167788136322
3007009,2393.167788136322
3008791,2393.167788136322
3010573,2393.167788136322
3012355,2393.167788136322
3014137,2393.167788136322
3015919,2393.167788136322
3017701,2393.167788136322
3019483,2393.167788136322
3021265,2393.167788136322
3023047,2393.167788136322
3024829,2393.167788136322
3026611,2393.167788136322
3028393,2393.167788136322
3001664,2393.167788136322
3003446,2393.167788136322
3005228,2393.167788136322
3007010,2393.167788136322
3008792,2393.167788136322
3010574,2393.167788136322
3012356,2393.167788136322
3014138,2393.167788136322
3015920,2393.167788136322
3017702,2393.167788136322
3019484,2393.167788136322
3021266,2393.167788136322
3023048,2393.167788136322
3024830,2393.167788136322
3026612,2393.167788136322
3028394,2393.167788136322
3001665,2393.167788136322
3003447,2393.167788136322
3005229,2393.167788136322
3007011,2393.167788136322
3008793,2393.167788136322
3010575,2393.167788136322
3012357,2393.167788136322
3014139,2393.167788136322
3015921,2393.167788136322
3017703,2393.167788136322
3019485,2393.167788136322
3021267,2393.167788136322
3023049,2393.167788136322
3024831,2393.167788136322
3026613,2393.167788136322
3028395,2393.167788136322
3001666,2393.167788136322
3003448,2393.167788136322
3005230,2393.167788136322
3007012,2393.167788136322
3008794,2393.167788136322
3010576,2393.167788136322
3012358,2393.167788136322
3014140,2393.167788136322
3015922,2393.167788136322
3017704,2393.167788136322
3019486,2393.167788136322
3021268,2393.167788136322
3023050,2393.167788136322
3024832,2393.167788136322
3026614,2393.167788136322
3028396,2393.167788136322
3001667,2393.167788136322
3003449,2393.167788136322
3005231,2393.167788136322
3007013,2393.167788136322
3008795,2393.167788136322
3010577,2393.167788136322
3012359,2393.167788136322
3014141,2393.167788136322
3015923,2393.167788136322
3017705,2393.167788136322
3019487,2393.167788136322
3021269,2393.167788136322
3023051,2393.167788136322
3024833,2393.167788136322
3026615,2393.167788136322
3028397,2393.167788136322
3001668,2393.167788136322
3003450,2393.167788136322
3005232,2393.167788136322
3007014,2393.167788136322
3008796,2393.167788136322
3010578,2393.167788136322
3012360,2393.167788136322
3014142,2393.167788136322
3015924,2393.167788136322
3017706,2393.167788136322
3019488,2393.167788136322
3021270,2393.167788136322
3023052,2393.167788136322
3024834,2393.167788136322
3026616,2393.167788136322
3028398,2393.167788136322
3001669,13755.84775951168
3003451,13755.84775951168
3005233,13755.84775951168
3007015,13755.84775951168
3008797,13755.84775951168
3010579,13755.84775951168
3012361,13755.84775951168
3014143,13755.84775951168
3015925,13755.84775951168
3017707,13755.84775951168
3019489,13755.84775951168
3021271,13755.84775951168
3023053,13755.84775951168
3024835,13755.84775951168
3026617,13755.84775951168
3028399,13755.84775951168
3001670,2393.167788136322
3003452,2393.167788136322
3005234,2393.167788136322
3007016,2393.167788136322
3008798,2393.167788136322
3010580,2393.167788136322
3012362,2393.167788136322
3014144,2393.167788136322
3015926,2393.167788136322
3017708,2393.167788136322
3019490,2393.167788136322
3021272,2393.167788136322
3023054,2393.167788136322
3024836,2393.167788136322
3026618,2393.167788136322
3028400,2393.167788136322
3001671,29379.993670687425
3003453,29379.993670687425
3005235,29379.993670687425
3007017,29379.993670687425
3008799,29379.993670687425
3010581,29379.993670687425
3012363,29379.993670687425
3014145,29379.993670687425
3015927,29379.993670687425
3017709,29379.993670687425
3019491,29379.993670687425
3021273,29379.993670687425
3023055,29379.993670687425
3024837,29379.993670687425
3026619,29379.993670687425
3028401,29379.993670687425
3001672,28191.69775395516
3003454,28191.69775395516
3005236,28191.69775395516
3007018,28191.69775395516
3008800,28191.69775395516
3010582,28191.69775395516
3012364,28191.69775395516
3014146,28191.69775395516
3015928,28191.69775395516
3017710,28191.69775395516
3019492,28191.69775395516
3021274,28191.69775395516
3023056,28191.69775395516
3024838,28191.69775395516
3026620,28191.69775395516
3028402,28191.69775395516
3001673,2393.167788136322
3003455,2393.167788136322
3005237,2393.167788136322
3007019,2393.167788136322
3008801,2393.167788136322
3010583,2393.167788136322
3012365,2393.167788136322
3014147,2393.167788136322
3015929,2393.167788136322
3017711,2393.167788136322
3019493,2393.167788136322
3021275,2393.167788136322
3023057,2393.167788136322
3024839,2393.167788136322
3026621,2393.167788136322
3028403,2393.167788136322
3001674,2393.167788136322
3003456,2393.167788136322
3005238,2393.167788136322
3007020,2393.167788136322
3008802,2393.167788136322
3010584,2393.167788136322
3012366,2393.167788136322
3014148,2393.167788136322
3015930,2393.167788136322
3017712,2393.167788136322
3019494,2393.167788136322
3021276,2393.167788136322
3023058,2393.167788136322
3024840,2393.167788136322
3026622,2393.167788136322
3028404,2393.167788136322
3001675,29379.993670687425
3003457,29379.993670687425
3005239,29379.993670687425
3007021,29379.993670687425
3008803,29379.993670687425
3010585,29379.993670687425
3012367,29379.993670687425
3014149,29379.993670687425
3015931,29379.993670687425
3017713,29379.993670687425
3019495,29379.993670687425
3021277,29379.993670687425
3023059,29379.993670687425
3024841,29379.993670687425
3026623,29379.993670687425
3028405,29379.993670687425
3001676,18867.114598218865
3003458,18867.114598218865
3005240,18867.114598218865
3007022,18867.114598218865
3008804,18867.114598218865
3010586,18867.114598218865
3012368,18867.114598218865
3014150,18867.114598218865
3015932,18867.114598218865
3017714,18867.114598218865
3019496,18867.114598218865
3021278,18867.114598218865
3023060,18867.114598218865
3024842,18867.114598218865
3026624,18867.114598218865
3028406,18867.114598218865
3001677,32530.527067124498
3003459,32530.527067124498
3005241,32530.527067124498
3007023,32530.527067124498
3008805,32530.527067124498
3010587,32530.527067124498
3012369,32530.527067124498
3014151,32530.527067124498
3015933,32530.527067124498
3017715,32530.527067124498
3019497,32530.527067124498
3021279,32530.527067124498
3023061,32530.527067124498
3024843,32530.527067124498
3026625,32530.527067124498
3028407,32530.527067124498
3001678,2393.167788136322
3003460,2393.167788136322
3005242,2393.167788136322
3007024,2393.167788136322
3008806,2393.167788136322
3010588,2393.167788136322
3012370,2393.167788136322
3014152,2393.167788136322
3015934,2393.167788136322
3017716,2393.167788136322
3019498,2393.167788136322
3021280,2393.167788136322
3023062,2393.167788136322
3024844,2393.167788136322
3026626,2393.167788136322
3028408,2393.167788136322
3001679,2393.167788136322
3003461,2393.167788136322
3005243,2393.167788136322
3007025,2393.167788136322
3008807,2393.167788136322
3010589,2393.167788136322
3012371,2393.167788136322
3014153,2393.167788136322
3015935,2393.167788136322
3017717,2393.167788136322
3019499,2393.167788136322
3021281,2393.167788136322
3023063,2393.167788136322
3024845,2393.167788136322
3026627,2393.167788136322
3028409,2393.167788136322
3001680,2393.167788136322
3003462,2393.167788136322
3005244,2393.167788136322
3007026,2393.167788136322
3008808,2393.167788136322
3010590,2393.167788136322
3012372,2393.167788136322
3014154,2393.167788136322
3015936,2393.167788136322
3017718,2393.167788136322
3019500,2393.167788136322
3021282,2393.167788136322
3023064,2393.167788136322
3024846,2393.167788136322
3026628,2393.167788136322
3028410,2393.167788136322
3001681,2393.167788136322
3003463,2393.167788136322
3005245,2393.167788136322
3007027,2393.167788136322
3008809,2393.167788136322
3010591,2393.167788136322
3012373,2393.167788136322
3014155,2393.167788136322
3015937,2393.167788136322
3017719,2393.167788136322
3019501,2393.167788136322
3021283,2393.167788136322
3023065,2393.167788136322
3024847,2393.167788136322
3026629,2393.167788136322
3028411,2393.167788136322
3001682,2393.167788136322
3003464,2393.167788136322
3005246,2393.167788136322
3007028,2393.167788136322
3008810,2393.167788136322
3010592,2393.167788136322
3012374,2393.167788136322
3014156,2393.167788136322
3015938,2393.167788136322
3017720,2393.167788136322
3019502,2393.167788136322
3021284,2393.167788136322
3023066,2393.167788136322
3024848,2393.167788136322
3026630,2393.167788136322
3028412,2393.167788136322
3001683,3.007842063574425e+108
3003465,3.007842063574425e+108
3005247,3.007842063574425e+108
3007029,3.007842063574425e+108
3008811,3.007842063574425e+108
3010593,3.007842063574425e+108
3012375,3.007842063574425e+108
3014157,3.007842063574425e+108
3015939,3.007842063574425e+108
3017721,3.007842063574425e+108
3019503,3.007842063574425e+108
3021285,3.007842063574425e+108
3023067,3.007842063574425e+108
3024849,3.007842063574425e+108
3026631,3.007842063574425e+108
3028413,3.007842063574425e+108
3001684,2393.167788136322
3003466,2393.167788136322
3005248,2393.167788136322
3007030,2393.167788136322
3008812,2393.167788136322
3010594,2393.167788136322
3012376,2393.167788136322
3014158,2393.167788136322
3015940,2393.167788136322
3017722,2393.167788136322
3019504,2393.167788136322
3021286,2393.167788136322
3023068,2393.167788136322
3024850,2393.167788136322
3026632,2393.167788136322
3028414,2393.167788136322
3001685,29379.993670687425
3003467,29379.993670687425
3005249,29379.993670687425
3007031,29379.993670687425
3008813,29379.993670687425
3010595,29379.993670687425
3012377,29379.993670687425
3014159,29379.993670687425
3015941,29379.993670687425
3017723,29379.993670687425
3019505,29379.993670687425
3021287,29379.993670687425
3023069,29379.993670687425
3024851,29379.993670687425
3026633,29379.993670687425
3028415,29379.993670687425
3001686,2393.167788136322
3003468,2393.167788136322
3005250,2393.167788136322
3007032,2393.167788136322
3008814,2393.167788136322
3010596,2393.167788136322
3012378,2393.167788136322
3014160,2393.167788136322
3015942,2393.167788136322
3017724,2393.167788136322
3019506,2393.167788136322
3021288,2393.167788136322
3023070,2393.167788136322
3024852,2393.167788136322
3026634,2393.167788136322
3028416,2393.167788136322
3001687,1.4890016199601365e+39
3003469,1.4890016199601365e+39
3005251,1.4890016199601365e+39
3007033,1.4890016199601365e+39
3008815,1.4890016199601365e+39
3010597,1.4890016199601365e+39
3012379,1.4890016199601365e+39
3014161,1.4890016199601365e+39
3015943,1.4890016199601365e+39
3017725,1.4890016199601365e+39
3019507,1.4890016199601365e+39
3021289,1.4890016199601365e+39
3023071,1.4890016199601365e+39
3024853,1.4890016199601365e+39
3026635,1.4890016199601365e+39
3028417,1.4890016199601365e+39
3001688,32530.527067124498
3003470,32530.527067124498
3005252,32530.527067124498
3007034,32530.527067124498
3008816,32530.527067124498
3010598,32530.527067124498
3012380,32530.527067124498
3014162,32530.527067124498
3015944,32530.527067124498
3017726,32530.527067124498
3019508,32530.527067124498
3021290,32530.527067124498
3023072,32530.527067124498
3024854,32530.527067124498
3026636,32530.527067124498
3028418,32530.527067124498
3001689,28191.69775395516
3003471,28191.69775395516
3005253,28191.69775395516
3007035,28191.69775395516
3008817,28191.69775395516
3010599,28191.69775395516
3012381,28191.69775395516
3014163,28191.69775395516
3015945,28191.69775395516
3017727,28191.69775395516
3019509,28191.69775395516
3021291,28191.69775395516
3023073,28191.69775395516
3024855,28191.69775395516
3026637,28191.69775395516
3028419,28191.69775395516
3001690,28191.69775395516
3003472,28191.69775395516
3005254,28191.69775395516
3007036,28191.69775395516
3008818,28191.69775395516
3010600,28191.69775395516
3012382,28191.69775395516
3014164,28191.69775395516
3015946,28191.69775395516
3017728,28191.69775395516
3019510,28191.69775395516
3021292,28191.69775395516
3023074,28191.69775395516
3024856,28191.69775395516
3026638,28191.69775395516
3028420,28191.69775395516
3001691,25447.284195908585
3003473,25447.284195908585
3005255,25447.284195908585
3007037,25447.284195908585
3008819,25447.284195908585
3010601,25447.284195908585
3012383,25447.284195908585
3014165,25447.284195908585
3015947,25447.284195908585
3017729,25447.284195908585
3019511,25447.284195908585
3021293,25447.284195908585
3023075,25447.284195908585
3024857,25447.284195908585
3026639,25447.284195908585
3028421,25447.284195908585
3001692,4.041054834009305e+87
3003474,4.041054834009305e+87
3005256,4.041054834009305e+87
3007038,6.42029037014039e+90
3008820,6.42029037014039e+90
3010602,4.041054834009305e+87
3012384,4.041054834009305e+87
3014166,4.041054834009305e+87
3015948,4.041054834009305e+87
3017730,4.041054834009305e+87
3019512,6.42029037014039e+90
3021294,6.42029037014039e+90
3023076,4.041054834009305e+87
3024858,4.041054834009305e+87
3026640,4.041054834009305e+87
3028422,4.041054834009305e+87
3001693,2393.167788136322
3003475,2393.167788136322
3005257,2393.167788136322
3007039,2393.167788136322
3008821,2393.167788136322
3010603,2393.167788136322
3012385,2393.167788136322
3014167,2393.167788136322
3015949,2393.167788136322
3017731,2393.167788136322
3019513,2393.167788136322
3021295,2393.167788136322
3023077,2393.167788136322
3024859,2393.167788136322
3026641,2393.167788136322
3028423,2393.167788136322
3001694,2393.167788136322
3003476,2393.167788136322
3005258,2393.167788136322
3007040,2393.167788136322
3008822,2393.167788136322
3010604,2393.167788136322
3012386,2393.167788136322
3014168,2393.167788136322
3015950,2393.167788136322
3017732,2393.167788136322
3019514,2393.167788136322
3021296,2393.167788136322
3023078,2393.167788136322
3024860,2393.167788136322
3026642,2393.167788136322
3028424,2393.167788136322
3001695,2393.167788136322
3003477,2393.167788136322
3005259,2393.167788136322
3007041,2393.167788136322
3008823,2393.167788136322
3010605,2393.167788136322
3012387,2393.167788136322
3014169,2393.167788136322
3015951,2393.167788136322
3017733,2393.167788136322
3019515,2393.167788136322
3021297,2393.167788136322
3023079,2393.167788136322
3024861,2393.167788136322
3026643,2393.167788136322
3028425,2393.167788136322
3001696,2393.167788136322
3003478,2393.167788136322
3005260,2393.167788136322
3007042,2393.167788136322
3008824,2393.167788136322
3010606,2393.167788136322
3012388,2393.167788136322
3014170,2393.167788136322
3015952,2393.167788136322
3017734,2393.167788136322
3019516,2393.167788136322
3021298,2393.167788136322
3023080,2393.167788136322
3024862,2393.167788136322
3026644,2393.167788136322
3028426,2393.167788136322
3001697,2393.167788136322
3003479,2393.167788136322
3005261,2393.167788136322
3007043,2393.167788136322
3008825,2393.167788136322
3010607,2393.167788136322
3012389,2393.167788136322
3014171,2393.167788136322
3015953,2393.167788136322
3017735,2393.167788136322
3019517,2393.167788136322
3021299,2393.167788136322
3023081,2393.167788136322
3024863,2393.167788136322
3026645,2393.167788136322
3028427,2393.167788136322
3001698,2393.167788136322
3003480,2393.167788136322
3005262,2393.167788136322
3007044,2393.167788136322
3008826,2393.167788136322
3010608,2393.167788136322
3012390,2393.167788136322
3014172,2393.167788136322
3015954,2393.167788136322
3017736,2393.167788136322
3019518,2393.167788136322
3021300,2393.167788136322
3023082,2393.167788136322
3024864,2393.167788136322
3026646,2393.167788136322
3028428,2393.167788136322
3001699,2393.167788136322
3003481,2393.167788136322
3005263,2393.167788136322
3007045,2393.167788136322
3008827,2393.167788136322
3010609,2393.167788136322
3012391,2393.167788136322
3014173,2393.167788136322
3015955,2393.167788136322
3017737,2393.167788136322
3019519,2393.167788136322
3021301,2393.167788136322
3023083,2393.167788136322
3024865,2393.167788136322
3026647,2393.167788136322
3028429,2393.167788136322
3001700,2393.167788136322
3003482,2393.167788136322
3005264,2393.167788136322
3007046,2393.167788136322
3008828,2393.167788136322
3010610,2393.167788136322
3012392,2393.167788136322
3014174,2393.167788136322
3015956,2393.167788136322
3017738,2393.167788136322
3019520,2393.167788136322
3021302,2393.167788136322
3023084,2393.167788136322
3024866,2393.167788136322
3026648,2393.167788136322
3028430,2393.167788136322
3001701,2393.167788136322
3003483,2393.167788136322
3005265,2393.167788136322
3007047,2393.167788136322
3008829,2393.167788136322
3010611,2393.167788136322
3012393,2393.167788136322
3014175,2393.167788136322
3015957,2393.167788136322
3017739,2393.167788136322
3019521,2393.167788136322
3021303,2393.167788136322
3023085,2393.167788136322
3024867,2393.167788136322
3026649,2393.167788136322
3028431,2393.167788136322
3001702,13755.84775951168
3003484,13755.84775951168
3005266,13755.84775951168
3007048,13755.84775951168
3008830,13755.84775951168
3010612,13755.84775951168
3012394,13755.84775951168
3014176,13755.84775951168
3015958,13755.84775951168
3017740,13755.84775951168
3019522,13755.84775951168
3021304,13755.84775951168
3023086,13755.84775951168
3024868,13755.84775951168
3026650,13755.84775951168
3028432,13755.84775951168
3001703,2393.167788136322
3003485,2393.167788136322
3005267,2393.167788136322
3007049,2393.167788136322
3008831,2393.167788136322
3010613,2393.167788136322
3012395,2393.167788136322
3014177,2393.167788136322
3015959,2393.167788136322
3017741,2393.167788136322
3019523,2393.167788136322
3021305,2393.167788136322
3023087,2393.167788136322
3024869,2393.167788136322
3026651,2393.167788136322
3028433,2393.167788136322
3001704,29379.993670687425
3003486,29379.993670687425
3005268,29379.993670687425
3007050,29379.993670687425
3008832,29379.993670687425
3010614,29379.993670687425
3012396,29379.993670687425
3014178,29379.993670687425
3015960,29379.993670687425
3017742,29379.993670687425
3019524,29379.993670687425
3021306,29379.993670687425
3023088,29379.993670687425
3024870,29379.993670687425
3026652,29379.993670687425
3028434,29379.993670687425
3001705,28191.69775395516
3003487,28191.69775395516
3005269,28191.69775395516
3007051,28191.69775395516
3008833,28191.69775395516
3010615,28191.69775395516
3012397,28191.69775395516
3014179,28191.69775395516
3015961,28191.69775395516
3017743,28191.69775395516
3019525,28191.69775395516
3021307,28191.69775395516
3023089,28191.69775395516
3024871,28191.69775395516
3026653,28191.69775395516
3028435,28191.69775395516
3001706,2393.167788136322
3003488,2393.167788136322
3005270,2393.167788136322
3007052,2393.167788136322
3008834,2393.167788136322
3010616,2393.167788136322
3012398,2393.167788136322
3014180,2393.167788136322
3015962,2393.167788136322
3017744,2393.167788136322
3019526,2393.167788136322
3021308,2393.167788136322
3023090,2393.167788136322
3024872,2393.167788136322
3026654,2393.167788136322
3028436,2393.167788136322
3001707,2393.167788136322
3003489,2393.167788136322
3005271,2393.167788136322
3007053,2393.167788136322
3008835,2393.167788136322
3010617,2393.167788136322
3012399,2393.167788136322
3014181,2393.167788136322
3015963,2393.167788136322
3017745,2393.167788136322
3019527,2393.167788136322
3021309,2393.167788136322
3023091,2393.167788136322
3024873,2393.167788136322
3026655,2393.167788136322
3028437,2393.167788136322
3001708,29379.993670687425
3003490,29379.993670687425
3005272,29379.993670687425
3007054,29379.993670687425
3008836,29379.993670687425
3010618,29379.993670687425
3012400,29379.993670687425
3014182,29379.993670687425
3015964,29379.993670687425
3017746,29379.993670687425
3019528,29379.993670687425
3021310,29379.993670687425
3023092,29379.993670687425
3024874,29379.993670687425
3026656,29379.993670687425
3028438,29379.993670687425
3001709,18867.114598218865
3003491,18867.114598218865
3005273,18867.114598218865
3007055,18867.114598218865
3008837,18867.114598218865
3010619,18867.114598218865
3012401,18867.114598218865
3014183,18867.114598218865
3015965,18867.114598218865
3017747,18867.114598218865
3019529,18867.114598218865
3021311,18867.114598218865
3023093,18867.114598218865
3024875,18867.114598218865
3026657,18867.114598218865
3028439,18867.114598218865
3001710,32530.527067124498
3003492,32530.527067124498
3005274,32530.527067124498
3007056,32530.527067124498
3008838,32530.527067124498
3010620,32530.527067124498
3012402,32530.527067124498
3014184,32530.527067124498
3015966,32530.527067124498
3017748,32530.527067124498
3019530,32530.527067124498
3021312,32530.527067124498
3023094,32530.527067124498
3024876,32530.527067124498
3026658,32530.527067124498
3028440,32530.527067124498
3001711,2393.167788136322
3003493,2393.167788136322
3005275,2393.167788136322
3007057,2393.167788136322
3008839,2393.167788136322
3010621,2393.167788136322
3012403,2393.167788136322
3014185,2393.167788136322
3015967,2393.167788136322
3017749,2393.167788136322
3019531,2393.167788136322
3021313,2393.167788136322
3023095,2393.167788136322
3024877,2393.167788136322
3026659,2393.167788136322
3028441,2393.167788136322
3001712,2393.167788136322
3003494,2393.167788136322
3005276,2393.167788136322
3007058,2393.167788136322
3008840,2393.167788136322
3010622,2393.167788136322
3012404,2393.167788136322
3014186,2393.167788136322
3015968,2393.167788136322
3017750,2393.167788136322
3019532,2393.167788136322
3021314,2393.167788136322
3023096,2393.167788136322
3024878,2393.167788136322
3026660,2393.167788136322
3028442,2393.167788136322
3001713,2393.167788136322
3003495,2393.167788136322
3005277,2393.167788136322
3007059,2393.167788136322
3008841,2393.167788136322
3010623,2393.167788136322
3012405,2393.167788136322
3014187,2393.167788136322
3015969,2393.167788136322
3017751,2393.167788136322
3019533,2393.167788136322
3021315,2393.167788136322
3023097,2393.167788136322
3024879,2393.167788136322
3026661,2393.167788136322
3028443,2393.167788136322
3001714,2393.167788136322
3003496,2393.167788136322
3005278,2393.167788136322
3007060,2393.167788136322
3008842,2393.167788136322
3010624,2393.167788136322
3012406,2393.167788136322
3014188,2393.167788136322
3015970,2393.167788136322
3017752,2393.167788136322
3019534,2393.167788136322
3021316,2393.167788136322
3023098,2393.167788136322
3024880,2393.167788136322
3026662,2393.167788136322
3028444,2393.167788136322
3001715,2393.167788136322
3003497,2393.167788136322
3005279,2393.167788136322
3007061,2393.167788136322
3008843,2393.167788136322
3010625,2393.167788136322
3012407,2393.167788136322
3014189,2393.167788136322
3015971,2393.167788136322
3017753,2393.167788136322
3019535,2393.167788136322
3021317,2393.167788136322
3023099,2393.167788136322
3024881,2393.167788136322
3026663,2393.167788136322
3028445,2393.167788136322
3001716,3.007842063574425e+108
3003498,3.007842063574425e+108
3005280,3.007842063574425e+108
3007062,3.007842063574425e+108
3008844,3.007842063574425e+108
3010626,3.007842063574425e+108
3012408,3.007842063574425e+108
3014190,3.007842063574425e+108
3015972,3.007842063574425e+108
3017754,3.007842063574425e+108
3019536,3.007842063574425e+108
3021318,3.007842063574425e+108
3023100,3.007842063574425e+108
3024882,3.007842063574425e+108
3026664,3.007842063574425e+108
3028446,3.007842063574425e+108
3001717,2393.167788136322
3003499,2393.167788136322
3005281,2393.167788136322
3007063,2393.167788136322
3008845,2393.167788136322
3010627,2393.167788136322
3012409,2393.167788136322
3014191,2393.167788136322
3015973,2393.167788136322
3017755,2393.167788136322
3019537,2393.167788136322
3021319,2393.167788136322
3023101,2393.167788136322
3024883,2393.167788136322
3026665,2393.167788136322
3028447,2393.167788136322
3001718,29379.993670687425
3003500,29379.993670687425
3005282,29379.993670687425
3007064,29379.993670687425
3008846,29379.993670687425
3010628,29379.993670687425
3012410,29379.993670687425
3014192,29379.993670687425
3015974,29379.993670687425
3017756,29379.993670687425
3019538,29379.993670687425
3021320,29379.993670687425
3023102,29379.993670687425
3024884,29379.993670687425
3026666,29379.993670687425
3028448,29379.993670687425
3001719,2393.167788136322
3003501,2393.167788136322
3005283,2393.167788136322
3007065,2393.167788136322
3008847,2393.167788136322
3010629,2393.167788136322
3012411,2393.167788136322
3014193,2393.167788136322
3015975,2393.167788136322
3017757,2393.167788136322
3019539,2393.167788136322
3021321,2393.167788136322
3023103,2393.167788136322
3024885,2393.167788136322
3026667,2393.167788136322
3028449,2393.167788136322
3001720,1.4890016199601365e+39
3003502,1.4890016199601365e+39
3005284,1.4890016199601365e+39
3007066,1.4890016199601365e+39
3008848,1.4890016199601365e+39
3010630,1.4890016199601365e+39
3012412,1.4890016199601365e+39
3014194,1.4890016199601365e+39
3015976,1.4890016199601365e+39
3017758,1.4890016199601365e+39
3019540,1.4890016199601365e+39
3021322,1.4890016199601365e+39
3023104,1.4890016199601365e+39
3024886,1.4890016199601365e+39
3026668,1.4890016199601365e+39
3028450,1.4890016199601365e+39
3001721,32530.527067124498
3003503,32530.527067124498
3005285,32530.527067124498
3007067,32530.527067124498
3008849,32530.527067124498
3010631,32530.527067124498
3012413,32530.527067124498
3014195,32530.527067124498
3015977,32530.527067124498
3017759,32530.527067124498
3019541,32530.527067124498
3021323,32530.527067124498
3023105,32530.527067124498
3024887,32530.527067124498
3026669,32530.527067124498
3028451,32530.527067124498
3001722,28191.69775395516
3003504,28191.69775395516
3005286,28191.69775395516
3007068,28191.69775395516
3008850,28191.69775395516
3010632,28191.69775395516
3012414,28191.69775395516
3014196,28191.69775395516
3015978,28191.69775395516
3017760,28191.69775395516
3019542,28191.69775395516
3021324,28191.69775395516
3023106,28191.69775395516
3024888,28191.69775395516
3026670,28191.69775395516
3028452,28191.69775395516
3001723,28191.69775395516
3003505,28191.69775395516
3005287,28191.69775395516
3007069,28191.69775395516
3008851,28191.69775395516
3010633,28191.69775395516
3012415,28191.69775395516
3014197,28191.69775395516
3015979,28191.69775395516
3017761,28191.69775395516
3019543,28191.69775395516
3021325,28191.69775395516
3023107,28191.69775395516
3024889,28191.69775395516
3026671,28191.69775395516
3028453,28191.69775395516
3001724,25447.284195908585
3003506,25447.284195908585
3005288,25447.284195908585
3007070,25447.284195908585
3008852,25447.284195908585
3010634,25447.284195908585
3012416,25447.284195908585
3014198,25447.284195908585
3015980,25447.284195908585
3017762,25447.284195908585
3019544,25447.284195908585
3021326,25447.284195908585
3023108,25447.284195908585
3024890,25447.284195908585
3026672,25447.284195908585
3028454,25447.284195908585
3001725,4.041054834009305e+87
3003507,4.041054834009305e+87
3005289,4.041054834009305e+87
3007071,6.42029037014039e+90
3008853,6.42029037014039e+90
3010635,4.041054834009305e+87
3012417,4.041054834009305e+87
3014199,4.041054834009305e+87
3015981,4.041054834009305e+87
3017763,4.041054834009305e+87
3019545,6.42029037014039e+90
3021327,6.42029037014039e+90
3023109,4.041054834009305e+87
3024891,4.041054834009305e+87
3026673,4.041054834009305e+87
3028455,4.041054834009305e+87
3001726,2393.167788136322
3003508,2393.167788136322
3005290,2393.167788136322
3007072,2393.167788136322
3008854,2393.167788136322
3010636,2393.167788136322
3012418,2393.167788136322
3014200,2393.167788136322
3015982,2393.167788136322
3017764,2393.167788136322
3019546,2393.167788136322
3021328,2393.167788136322
3023110,2393.167788136322
3024892,2393.167788136322
3026674,2393.167788136322
3028456,2393.167788136322
3001727,2393.167788136322
3003509,2393.167788136322
3005291,2393.167788136322
3007073,2393.167788136322
3008855,2393.167788136322
3010637,2393.167788136322
3012419,2393.167788136322
3014201,2393.167788136322
3015983,2393.167788136322
3017765,2393.167788136322
3019547,2393.167788136322
3021329,2393.167788136322
3023111,2393.167788136322
3024893,2393.167788136322
3026675,2393.167788136322
3028457,2393.167788136322
3001728,2393.167788136322
3003510,2393.167788136322
3005292,2393.167788136322
3007074,2393.167788136322
3008856,2393.167788136322
3010638,2393.167788136322
3012420,2393.167788136322
3014202,2393.167788136322
3015984,2393.167788136322
3017766,2393.167788136322
3019548,2393.167788136322
3021330,2393.167788136322
3023112,2393.167788136322
3024894,2393.167788136322
3026676,2393.167788136322
3028458,2393.167788136322
3001729,2393.167788136322
3003511,2393.167788136322
3005293,2393.167788136322
3007075,2393.167788136322
3008857,2393.167788136322
3010639,2393.167788136322
3012421,2393.167788136322
3014203,2393.167788136322
3015985,2393.167788136322
3017767,2393.167788136322
3019549,2393.167788136322
3021331,2393.167788136322
3023113,2393.167788136322
3024895,2393.167788136322
3026677,2393.167788136322
3028459,2393.167788136322
3001730,2393.167788136322
3003512,2393.167788136322
3005294,2393.167788136322
3007076,2393.167788136322
3008858,2393.167788136322
3010640,2393.167788136322
3012422,2393.167788136322
3014204,2393.167788136322
3015986,2393.167788136322
3017768,2393.167788136322
3019550,2393.167788136322
3021332,2393.167788136322
3023114,2393.167788136322
3024896,2393.167788136322
3026678,2393.167788136322
3028460,2393.167788136322
3001731,2393.167788136322
3003513,2393.167788136322
3005295,2393.167788136322
3007077,2393.167788136322
3008859,2393.167788136322
3010641,2393.167788136322
3012423,2393.167788136322
3014205,2393.167788136322
3015987,2393.167788136322
3017769,2393.167788136322
3019551,2393.167788136322
3021333,2393.167788136322
3023115,2393.167788136322
3024897,2393.167788136322
3026679,2393.167788136322
3028461,2393.167788136322
3001732,2393.167788136322
3003514,2393.167788136322
3005296,2393.167788136322
3007078,2393.167788136322
3008860,2393.167788136322
3010642,2393.167788136322
3012424,2393.167788136322
3014206,2393.167788136322
3015988,2393.167788136322
3017770,2393.167788136322
3019552,2393.167788136322
3021334,2393.167788136322
3023116,2393.167788136322
3024898,2393.167788136322
3026680,2393.167788136322
3028462,2393.167788136322
3001733,2393.167788136322
3003515,2393.167788136322
3005297,2393.167788136322
3007079,2393.167788136322
3008861,2393.167788136322
3010643,2393.167788136322
3012425,2393.167788136322
3014207,2393.167788136322
3015989,2393.167788136322
3017771,2393.167788136322
3019553,2393.167788136322
3021335,2393.167788136322
3023117,2393.167788136322
3024899,2393.167788136322
3026681,2393.167788136322
3028463,2393.167788136322
3001734,2393.167788136322
3003516,2393.167788136322
3005298,2393.167788136322
3007080,2393.167788136322
3008862,2393.167788136322
3010644,2393.167788136322
3012426,2393.167788136322
3014208,2393.167788136322
3015990,2393.167788136322
3017772,2393.167788136322
3019554,2393.167788136322
3021336,2393.167788136322
3023118,2393.167788136322
3024900,2393.167788136322
3026682,2393.167788136322
3028464,2393.167788136322
3001735,13755.84775951168
3003517,13755.84775951168
3005299,13755.84775951168
3007081,13755.84775951168
3008863,13755.84775951168
3010645,13755.84775951168
3012427,13755.84775951168
3014209,13755.84775951168
3015991,13755.84775951168
3017773,13755.84775951168
3019555,13755.84775951168
3021337,13755.84775951168
3023119,13755.84775951168
3024901,13755.84775951168
3026683,13755.84775951168
3028465,13755.84775951168
3001736,2393.167788136322
3003518,2393.167788136322
3005300,2393.167788136322
3007082,2393.167788136322
3008864,2393.167788136322
3010646,2393.167788136322
3012428,2393.167788136322
3014210,2393.167788136322
3015992,2393.167788136322
3017774,2393.167788136322
3019556,2393.167788136322
3021338,2393.167788136322
3023120,2393.167788136322
3024902,2393.167788136322
3026684,2393.167788136322
3028466,2393.167788136322
3001737,29379.993670687425
3003519,29379.993670687425
3005301,29379.993670687425
3007083,29379.993670687425
3008865,29379.993670687425
3010647,29379.993670687425
3012429,29379.993670687425
3014211,29379.993670687425
3015993,29379.993670687425
3017775,29379.993670687425
3019557,29379.993670687425
3021339,29379.993670687425
3023121,29379.993670687425
3024903,29379.993670687425
3026685,29379.993670687425
3028467,29379.993670687425
3001738,28191.69775395516
3003520,28191.69775395516
3005302,28191.69775395516
3007084,28191.69775395516
3008866,28191.69775395516
3010648,28191.69775395516
3012430,28191.69775395516
3014212,28191.69775395516
3015994,28191.69775395516
3017776,28191.69775395516
3019558,28191.69775395516
3021340,28191.69775395516
3023122,28191.69775395516
3024904,28191.69775395516
3026686,28191.69775395516
3028468,28191.69775395516
3001739,2393.167788136322
3003521,2393.167788136322
3005303,2393.167788136322
3007085,2393.167788136322
3008867,2393.167788136322
3010649,2393.167788136322
3012431,2393.167788136322
3014213,2393.167788136322
3015995,2393.167788136322
3017777,2393.167788136322
3019559,2393.167788136322
3021341,2393.167788136322
3023123,2393.167788136322
3024905,2393.167788136322
3026687,2393.167788136322
3028469,2393.167788136322
3001740,2393.167788136322
3003522,2393.167788136322
3005304,2393.167788136322
3007086,2393.167788136322
3008868,2393.167788136322
3010650,2393.167788136322
3012432,2393.167788136322
3014214,2393.167788136322
3015996,2393.167788136322
3017778,2393.167788136322
3019560,2393.167788136322
3021342,2393.167788136322
3023124,2393.167788136322
3024906,2393.167788136322
3026688,2393.167788136322
3028470,2393.167788136322
3001741,29379.993670687425
3003523,29379.993670687425
3005305,29379.993670687425
3007087,29379.993670687425
3008869,29379.993670687425
3010651,29379.993670687425
3012433,29379.993670687425
3014215,29379.993670687425
3015997,29379.993670687425
3017779,29379.993670687425
3019561,29379.993670687425
3021343,29379.993670687425
3023125,29379.993670687425
3024907,29379.993670687425
3026689,29379.993670687425
3028471,29379.993670687425
3001742,18867.114598218865
3003524,18867.114598218865
3005306,18867.114598218865
3007088,18867.114598218865
3008870,18867.114598218865
3010652,18867.114598218865
3012434,18867.114598218865
3014216,18867.114598218865
3015998,18867.114598218865
3017780,18867.114598218865
3019562,18867.114598218865
3021344,18867.114598218865
3023126,18867.114598218865
3024908,18867.114598218865
3026690,18867.114598218865
3028472,18867.114598218865
3001743,32530.527067124498
3003525,32530.527067124498
3005307,32530.527067124498
3007089,32530.527067124498
3008871,32530.527067124498
3010653,32530.527067124498
3012435,32530.527067124498
3014217,32530.527067124498
3015999,32530.527067124498
3017781,32530.527067124498
3019563,32530.527067124498
3021345,32530.527067124498
3023127,32530.527067124498
3024909,32530.527067124498
3026691,32530.527067124498
3028473,32530.527067124498
3001744,2393.167788136322
3003526,2393.167788136322
3005308,2393.167788136322
3007090,2393.167788136322
3008872,2393.167788136322
3010654,2393.167788136322
3012436,2393.167788136322
3014218,2393.167788136322
3016000,2393.167788136322
3017782,2393.167788136322
3019564,2393.167788136322
3021346,2393.167788136322
3023128,2393.167788136322
3024910,2393.167788136322
3026692,2393.167788136322
3028474,2393.167788136322
3001745,2393.167788136322
3003527,2393.167788136322
3005309,2393.167788136322
3007091,2393.167788136322
3008873,2393.167788136322
3010655,2393.167788136322
3012437,2393.167788136322
3014219,2393.167788136322
3016001,2393.167788136322
3017783,2393.167788136322
3019565,2393.167788136322
3021347,2393.167788136322
3023129,2393.167788136322
3024911,2393.167788136322
3026693,2393.167788136322
3028475,2393.167788136322
3001746,2393.167788136322
3003528,2393.167788136322
3005310,2393.167788136322
3007092,2393.167788136322
3008874,2393.167788136322
3010656,2393.167788136322
3012438,2393.167788136322
3014220,2393.167788136322
3016002,2393.167788136322
3017784,2393.167788136322
3019566,2393.167788136322
3021348,2393.167788136322
3023130,2393.167788136322
3024912,2393.167788136322
3026694,2393.167788136322
3028476,2393.167788136322
3001747,2393.167788136322
3003529,2393.167788136322
3005311,2393.167788136322
3007093,2393.167788136322
3008875,2393.167788136322
3010657,2393.167788136322
3012439,2393.167788136322
3014221,2393.167788136322
3016003,2393.167788136322
3017785,2393.167788136322
3019567,2393.167788136322
3021349,2393.167788136322
3023131,2393.167788136322
3024913,2393.167788136322
3026695,2393.167788136322
3028477,2393.167788136322
3001748,2393.167788136322
3003530,2393.167788136322
3005312,2393.167788136322
3007094,2393.167788136322
3008876,2393.167788136322
3010658,2393.167788136322
3012440,2393.167788136322
3014222,2393.167788136322
3016004,2393.167788136322
3017786,2393.167788136322
3019568,2393.167788136322
3021350,2393.167788136322
3023132,2393.167788136322
3024914,2393.167788136322
3026696,2393.167788136322
3028478,2393.167788136322
3001749,3.007842063574425e+108
3003531,3.007842063574425e+108
3005313,3.007842063574425e+108
3007095,3.007842063574425e+108
3008877,3.007842063574425e+108
3010659,3.007842063574425e+108
3012441,3.007842063574425e+108
3014223,3.007842063574425e+108
3016005,3.007842063574425e+108
3017787,3.007842063574425e+108
3019569,3.007842063574425e+108
3021351,3.007842063574425e+108
3023133,3.007842063574425e+108
3024915,3.007842063574425e+108
3026697,3.007842063574425e+108
3028479,3.007842063574425e+108
3001750,2393.167788136322
3003532,2393.167788136322
3005314,2393.167788136322
3007096,2393.167788136322
3008878,2393.167788136322
3010660,2393.167788136322
3012442,2393.167788136322
3014224,2393.167788136322
3016006,2393.167788136322
3017788,2393.167788136322
3019570,2393.167788136322
3021352,2393.167788136322
3023134,2393.167788136322
3024916,2393.167788136322
3026698,2393.167788136322
3028480,2393.167788136322
3001751,29379.993670687425
3003533,29379.993670687425
3005315,29379.993670687425
3007097,29379.993670687425
3008879,29379.993670687425
3010661,29379.993670687425
3012443,29379.993670687425
3014225,29379.993670687425
3016007,29379.993670687425
3017789,29379.993670687425
3019571,29379.993670687425
3021353,29379.993670687425
3023135,29379.993670687425
3024917,29379.993670687425
3026699,29379.993670687425
3028481,29379.993670687425
3001752,2393.167788136322
3003534,2393.167788136322
3005316,2393.167788136322
3007098,2393.167788136322
3008880,2393.167788136322
3010662,2393.167788136322
3012444,2393.167788136322
3014226,2393.167788136322
3016008,2393.167788136322
3017790,2393.167788136322
3019572,2393.167788136322
3021354,2393.167788136322
3023136,2393.167788136322
3024918,2393.167788136322
3026700,2393.167788136322
3028482,2393.167788136322
3001753,1.4890016199601365e+39
3003535,1.4890016199601365e+39
3005317,1.4890016199601365e+39
3007099,1.4890016199601365e+39
3008881,1.4890016199601365e+39
3010663,1.4890016199601365e+39
3012445,1.4890016199601365e+39
3014227,1.4890016199601365e+39
3016009,1.4890016199601365e+39
3017791,1.4890016199601365e+39
3019573,1.4890016199601365e+39
3021355,1.4890016199601365e+39
3023137,1.4890016199601365e+39
3024919,1.4890016199601365e+39
3026701,1.4890016199601365e+39
3028483,1.4890016199601365e+39
3001754,32530.527067124498
3003536,32530.527067124498
3005318,32530.527067124498
3007100,32530.527067124498
3008882,32530.527067124498
3010664,32530.527067124498
3012446,32530.527067124498
3014228,32530.527067124498
3016010,32530.527067124498
3017792,32530.527067124498
3019574,32530.527067124498
3021356,32530.527067124498
3023138,32530.527067124498
3024920,32530.527067124498
3026702,32530.527067124498
3028484,32530.527067124498
3001755,28191.69775395516
3003537,28191.69775395516
3005319,28191.69775395516
3007101,28191.69775395516
3008883,28191.69775395516
3010665,28191.69775395516
3012447,28191.69775395516
3014229,28191.69775395516
3016011,28191.69775395516
3017793,28191.69775395516
3019575,28191.69775395516
3021357,28191.69775395516
3023139,28191.69775395516
3024921,28191.69775395516
3026703,28191.69775395516
3028485,28191.69775395516
3001756,28191.69775395516
3003538,28191.69775395516
3005320,28191.69775395516
3007102,28191.69775395516
3008884,28191.69775395516
3010666,28191.69775395516
3012448,28191.69775395516
3014230,28191.69775395516
3016012,28191.69775395516
3017794,28191.69775395516
3019576,28191.69775395516
3021358,28191.69775395516
3023140,28191.69775395516
3024922,28191.69775395516
3026704,28191.69775395516
3028486,28191.69775395516
3001757,25447.284195908585
3003539,25447.284195908585
3005321,25447.284195908585
3007103,25447.284195908585
3008885,25447.284195908585
3010667,25447.284195908585
3012449,25447.284195908585
3014231,25447.284195908585
3016013,25447.284195908585
3017795,25447.284195908585
3019577,25447.284195908585
3021359,25447.284195908585
3023141,25447.284195908585
3024923,25447.284195908585
3026705,25447.284195908585
3028487,25447.284195908585
3001758,4.041054834009305e+87
3003540,4.041054834009305e+87
3005322,4.041054834009305e+87
3007104,6.42029037014039e+90
3008886,6.42029037014039e+90
3010668,4.041054834009305e+87
3012450,4.041054834009305e+87
3014232,4.041054834009305e+87
3016014,4.041054834009305e+87
3017796,4.041054834009305e+87
3019578,6.42029037014039e+90
3021360,6.42029037014039e+90
3023142,4.041054834009305e+87
3024924,4.041054834009305e+87
3026706,4.041054834009305e+87
3028488,4.041054834009305e+87
3001759,2393.167788136322
3003541,2393.167788136322
3005323,2393.167788136322
3007105,2393.167788136322
3008887,2393.167788136322
3010669,2393.167788136322
3012451,2393.167788136322
3014233,2393.167788136322
3016015,2393.167788136322
3017797,2393.167788136322
3019579,2393.167788136322
3021361,2393.167788136322
3023143,2393.167788136322
3024925,2393.167788136322
3026707,2393.167788136322
3028489,2393.167788136322
3001760,2393.167788136322
3003542,2393.167788136322
3005324,2393.167788136322
3007106,2393.167788136322
3008888,2393.167788136322
3010670,2393.167788136322
3012452,2393.167788136322
3014234,2393.167788136322
3016016,2393.167788136322
3017798,2393.167788136322
3019580,2393.167788136322
3021362,2393.167788136322
3023144,2393.167788136322
3024926,2393.167788136322
3026708,2393.167788136322
3028490,2393.167788136322
3001761,2393.167788136322
3003543,2393.167788136322
3005325,2393.167788136322
3007107,2393.167788136322
3008889,2393.167788136322
3010671,2393.167788136322
3012453,2393.167788136322
3014235,2393.167788136322
3016017,2393.167788136322
3017799,2393.167788136322
3019581,2393.167788136322
3021363,2393.167788136322
3023145,2393.167788136322
3024927,2393.167788136322
3026709,2393.167788136322
3028491,2393.167788136322
3001762,2393.167788136322
3003544,2393.167788136322
3005326,2393.167788136322
3007108,2393.167788136322
3008890,2393.167788136322
3010672,2393.167788136322
3012454,2393.167788136322
3014236,2393.167788136322
3016018,2393.167788136322
3017800,2393.167788136322
3019582,2393.167788136322
3021364,2393.167788136322
3023146,2393.167788136322
3024928,2393.167788136322
3026710,2393.167788136322
3028492,2393.167788136322
3001763,2393.167788136322
3003545,2393.167788136322
3005327,2393.167788136322
3007109,2393.167788136322
3008891,2393.167788136322
3010673,2393.167788136322
3012455,2393.167788136322
3014237,2393.167788136322
3016019,2393.167788136322
3017801,2393.167788136322
3019583,2393.167788136322
3021365,2393.167788136322
3023147,2393.167788136322
3024929,2393.167788136322
3026711,2393.167788136322
3028493,2393.167788136322
3001764,2393.167788136322
3003546,2393.167788136322
3005328,2393.167788136322
3007110,2393.167788136322
3008892,2393.167788136322
3010674,2393.167788136322
3012456,2393.167788136322
3014238,2393.167788136322
3016020,2393.167788136322
3017802,2393.167788136322
3019584,2393.167788136322
3021366,2393.167788136322
3023148,2393.167788136322
3024930,2393.167788136322
3026712,2393.167788136322
3028494,2393.167788136322
3001765,2393.167788136322
3003547,2393.167788136322
3005329,2393.167788136322
3007111,2393.167788136322
3008893,2393.167788136322
3010675,2393.167788136322
3012457,2393.167788136322
3014239,2393.167788136322
3016021,2393.167788136322
3017803,2393.167788136322
3019585,2393.167788136322
3021367,2393.167788136322
3023149,2393.167788136322
3024931,2393.167788136322
3026713,2393.167788136322
3028495,2393.167788136322
3001766,2393.167788136322
3003548,2393.167788136322
3005330,2393.167788136322
3007112,2393.167788136322
3008894,2393.167788136322
3010676,2393.167788136322
3012458,2393.167788136322
3014240,2393.167788136322
3016022,2393.167788136322
3017804,2393.167788136322
3019586,2393.167788136322
3021368,2393.167788136322
3023150,2393.167788136322
3024932,2393.167788136322
3026714,2393.167788136322
3028496,2393.167788136322
3001767,2393.167788136322
3003549,2393.167788136322
3005331,2393.167788136322
3007113,2393.167788136322
3008895,2393.167788136322
3010677,2393.167788136322
3012459,2393.167788136322
3014241,2393.167788136322
3016023,2393.167788136322
3017805,2393.167788136322
3019587,2393.167788136322
3021369,2393.167788136322
3023151,2393.167788136322
3024933,2393.167788136322
3026715,2393.167788136322
3028497,2393.167788136322
3001768,13755.84775951168
3003550,13755.84775951168
3005332,13755.84775951168
3007114,13755.84775951168
3008896,13755.84775951168
3010678,13755.84775951168
3012460,13755.84775951168
3014242,13755.84775951168
3016024,13755.84775951168
3017806,13755.84775951168
3019588,13755.84775951168
3021370,13755.84775951168
3023152,13755.84775951168
3024934,13755.84775951168
3026716,13755.84775951168
3028498,13755.84775951168
3001769,2393.167788136322
3003551,2393.167788136322
3005333,2393.167788136322
3007115,2393.167788136322
3008897,2393.167788136322
3010679,2393.167788136322
3012461,2393.167788136322
3014243,2393.167788136322
3016025,2393.167788136322
3017807,2393.167788136322
3019589,2393.167788136322
3021371,2393.167788136322
3023153,2393.167788136322
3024935,2393.167788136322
3026717,2393.167788136322
3028499,2393.167788136322
3001770,29379.993670687425
3003552,29379.993670687425
3005334,29379.993670687425
3007116,29379.993670687425
3008898,29379.993670687425
3010680,29379.993670687425
3012462,29379.993670687425
3014244,29379.993670687425
3016026,29379.993670687425
3017808,29379.993670687425
3019590,29379.993670687425
3021372,29379.993670687425
3023154,29379.993670687425
3024936,29379.993670687425
3026718,29379.993670687425
3028500,29379.993670687425
3001771,28191.69775395516
3003553,28191.69775395516
3005335,28191.69775395516
3007117,28191.69775395516
3008899,28191.69775395516
3010681,28191.69775395516
3012463,28191.69775395516
3014245,28191.69775395516
3016027,28191.69775395516
3017809,28191.69775395516
3019591,28191.69775395516
3021373,28191.69775395516
3023155,28191.69775395516
3024937,28191.69775395516
3026719,28191.69775395516
3028501,28191.69775395516
3001772,2393.167788136322
3003554,2393.167788136322
3005336,2393.167788136322
3007118,2393.167788136322
3008900,2393.167788136322
3010682,2393.167788136322
3012464,2393.167788136322
3014246,2393.167788136322
3016028,2393.167788136322
3017810,2393.167788136322
3019592,2393.167788136322
3021374,2393.167788136322
3023156,2393.167788136322
3024938,2393.167788136322
3026720,2393.167788136322
3028502,2393.167788136322
3001773,2393.167788136322
3003555,2393.167788136322
3005337,2393.167788136322
3007119,2393.167788136322
3008901,2393.167788136322
3010683,2393.167788136322
3012465,2393.167788136322
3014247,2393.167788136322
3016029,2393.167788136322
3017811,2393.167788136322
3019593,2393.167788136322
3021375,2393.167788136322
3023157,2393.167788136322
3024939,2393.167788136322
3026721,2393.167788136322
3028503,2393.167788136322
3001774,29379.993670687425
3003556,29379.993670687425
3005338,29379.993670687425
3007120,29379.993670687425
3008902,29379.993670687425
3010684,29379.993670687425
3012466,29379.993670687425
3014248,29379.993670687425
3016030,29379.993670687425
3017812,29379.993670687425
3019594,29379.993670687425
3021376,29379.993670687425
3023158,29379.993670687425
3024940,29379.993670687425
3026722,29379.993670687425
3028504,29379.993670687425
3001775,18867.114598218865
3003557,18867.114598218865
3005339,18867.114598218865
3007121,18867.114598218865
3008903,18867.114598218865
3010685,18867.114598218865
3012467,18867.114598218865
3014249,18867.114598218865
3016031,18867.114598218865
3017813,18867.114598218865
3019595,18867.114598218865
3021377,18867.114598218865
3023159,18867.114598218865
3024941,18867.114598218865
3026723,18867.114598218865
3028505,18867.114598218865
3001776,32530.527067124498
3003558,32530.527067124498
3005340,32530.527067124498
3007122,32530.527067124498
3008904,32530.527067124498
3010686,32530.527067124498
3012468,32530.527067124498
3014250,32530.527067124498
3016032,32530.527067124498
3017814,32530.527067124498
3019596,32530.527067124498
3021378,32530.527067124498
3023160,32530.527067124498
3024942,32530.527067124498
3026724,32530.527067124498
3028506,32530.527067124498
3001777,2393.167788136322
3003559,2393.167788136322
3005341,2393.167788136322
3007123,2393.167788136322
3008905,2393.167788136322
3010687,2393.167788136322
3012469,2393.167788136322
3014251,2393.167788136322
3016033,2393.167788136322
3017815,2393.167788136322
3019597,2393.167788136322
3021379,2393.167788136322
3023161,2393.167788136322
3024943,2393.167788136322
3026725,2393.167788136322
3028507,2393.167788136322
3001778,2393.167788136322
3003560,2393.167788136322
3005342,2393.167788136322
3007124,2393.167788136322
3008906,2393.167788136322
3010688,2393.167788136322
3012470,2393.167788136322
3014252,2393.167788136322
3016034,2393.167788136322
3017816,2393.167788136322
3019598,2393.167788136322
3021380,2393.167788136322
3023162,2393.167788136322
3024944,2393.167788136322
3026726,2393.167788136322
3028508,2393.167788136322
3001779,2393.167788136322
3003561,2393.167788136322
3005343,2393.167788136322
3007125,2393.167788136322
3008907,2393.167788136322
3010689,2393.167788136322
3012471,2393.167788136322
3014253,2393.167788136322
3016035,2393.167788136322
3017817,2393.167788136322
3019599,2393.167788136322
3021381,2393.167788136322
3023163,2393.167788136322
3024945,2393.167788136322
3026727,2393.167788136322
3028509,2393.167788136322
3001780,2393.167788136322
3003562,2393.167788136322
3005344,2393.167788136322
3007126,2393.167788136322
3008908,2393.167788136322
3010690,2393.167788136322
3012472,2393.167788136322
3014254,2393.167788136322
3016036,2393.167788136322
3017818,2393.167788136322
3019600,2393.167788136322
3021382,2393.167788136322
3023164,2393.167788136322
3024946,2393.167788136322
3026728,2393.167788136322
3028510,2393.167788136322
3001781,2393.167788136322
3003563,2393.167788136322
3005345,2393.167788136322
3007127,2393.167788136322
3008909,2393.167788136322
3010691,2393.167788136322
3012473,2393.167788136322
3014255,2393.167788136322
3016037,2393.167788136322
3017819,2393.167788136322
3019601,2393.167788136322
3021383,2393.167788136322
3023165,2393.167788136322
3024947,2393.167788136322
3026729,2393.167788136322
3028511,2393.167788136322
3001782,3.007842063574425e+108
3003564,3.007842063574425e+108
3005346,3.007842063574425e+108
3007128,3.007842063574425e+108
3008910,3.007842063574425e+108
3010692,3.007842063574425e+108
3012474,3.007842063574425e+108
3014256,3.007842063574425e+108
3016038,3.007842063574425e+108
3017820,3.007842063574425e+108
3019602,3.007842063574425e+108
3021384,3.007842063574425e+108
3023166,3.007842063574425e+108
3024948,3.007842063574425e+108
3026730,3.007842063574425e+108
3028512,3.007842063574425e+108
3001783,2393.167788136322
3003565,2393.167788136322
3005347,2393.167788136322
3007129,2393.167788136322
3008911,2393.167788136322
3010693,2393.167788136322
3012475,2393.167788136322
3014257,2393.167788136322
3016039,2393.167788136322
3017821,2393.167788136322
3019603,2393.167788136322
3021385,2393.167788136322
3023167,2393.167788136322
3024949,2393.167788136322
3026731,2393.167788136322
3028513,2393.167788136322
3001784,29379.993670687425
3003566,29379.993670687425
3005348,29379.993670687425
3007130,29379.993670687425
3008912,29379.993670687425
3010694,29379.993670687425
3012476,29379.993670687425
3014258,29379.993670687425
3016040,29379.993670687425
3017822,29379.993670687425
3019604,29379.993670687425
3021386,29379.993670687425
3023168,29379.993670687425
3024950,29379.993670687425
3026732,29379.993670687425
3028514,29379.993670687425
3001785,2393.167788136322
3003567,2393.167788136322
3005349,2393.167788136322
3007131,2393.167788136322
3008913,2393.167788136322
3010695,2393.167788136322
3012477,2393.167788136322
3014259,2393.167788136322
3016041,2393.167788136322
3017823,2393.167788136322
3019605,2393.167788136322
3021387,2393.167788136322
3023169,2393.167788136322
3024951,2393.167788136322
3026733,2393.167788136322
3028515,2393.167788136322
3001786,1.4890016199601365e+39
3003568,1.4890016199601365e+39
3005350,1.4890016199601365e+39
3007132,1.4890016199601365e+39
3008914,1.4890016199601365e+39
3010696,1.4890016199601365e+39
3012478,1.4890016199601365e+39
3014260,1.4890016199601365e+39
3016042,1.4890016199601365e+39
3017824,1.4890016199601365e+39
3019606,1.4890016199601365e+39
3021388,1.4890016199601365e+39
3023170,1.4890016199601365e+39
3024952,1.4890016199601365e+39
3026734,1.4890016199601365e+39
3028516,1.4890016199601365e+39
3001787,32530.527067124498
3003569,32530.527067124498
3005351,32530.527067124498
3007133,32530.527067124498
3008915,32530.527067124498
3010697,32530.527067124498
3012479,32530.527067124498
3014261,32530.527067124498
3016043,32530.527067124498
3017825,32530.527067124498
3019607,32530.527067124498
3021389,32530.527067124498
3023171,32530.527067124498
3024953,32530.527067124498
3026735,32530.527067124498
3028517,32530.527067124498
3001788,28191.69775395516
3003570,28191.69775395516
3005352,28191.69775395516
3007134,28191.69775395516
3008916,28191.69775395516
3010698,28191.69775395516
3012480,28191.69775395516
3014262,28191.69775395516
3016044,28191.69775395516
3017826,28191.69775395516
3019608,28191.69775395516
3021390,28191.69775395516
3023172,28191.69775395516
3024954,28191.69775395516
3026736,28191.69775395516
3028518,28191.69775395516
3001789,28191.69775395516
3003571,28191.69775395516
3005353,28191.69775395516
3007135,28191.69775395516
3008917,28191.69775395516
3010699,28191.69775395516
3012481,28191.69775395516
3014263,28191.69775395516
3016045,28191.69775395516
3017827,28191.69775395516
3019609,28191.69775395516
3021391,28191.69775395516
3023173,28191.69775395516
3024955,28191.69775395516
3026737,28191.69775395516
3028519,28191.69775395516
3001790,25447.284195908585
3003572,25447.284195908585
3005354,25447.284195908585
3007136,25447.284195908585
3008918,25447.284195908585
3010700,25447.284195908585
3012482,25447.284195908585
3014264,25447.284195908585
3016046,25447.284195908585
3017828,25447.284195908585
3019610,25447.284195908585
3021392,25447.284195908585
3023174,25447.284195908585
3024956,25447.284195908585
3026738,25447.284195908585
3028520,25447.284195908585
3001791,4.041054834009305e+87
3003573,4.041054834009305e+87
3005355,4.041054834009305e+87
3007137,6.42029037014039e+90
3008919,6.42029037014039e+90
3010701,4.041054834009305e+87
3012483,4.041054834009305e+87
3014265,4.041054834009305e+87
3016047,4.041054834009305e+87
3017829,4.041054834009305e+87
3019611,6.42029037014039e+90
3021393,6.42029037014039e+90
3023175,4.041054834009305e+87
3024957,4.041054834009305e+87
3026739,4.041054834009305e+87
3028521,4.041054834009305e+87
3001792,2393.167788136322
3003574,2393.167788136322
3005356,2393.167788136322
3007138,2393.167788136322
3008920,2393.167788136322
3010702,2393.167788136322
3012484,2393.167788136322
3014266,2393.167788136322
3016048,2393.167788136322
3017830,2393.167788136322
3019612,2393.167788136322
3021394,2393.167788136322
3023176,2393.167788136322
3024958,2393.167788136322
3026740,2393.167788136322
3028522,2393.167788136322
3001793,2393.167788136322
3003575,2393.167788136322
3005357,2393.167788136322
3007139,2393.167788136322
3008921,2393.167788136322
3010703,2393.167788136322
3012485,2393.167788136322
3014267,2393.167788136322
3016049,2393.167788136322
3017831,2393.167788136322
3019613,2393.167788136322
3021395,2393.167788136322
3023177,2393.167788136322
3024959,2393.167788136322
3026741,2393.167788136322
3028523,2393.167788136322
3001794,2393.167788136322
3003576,2393.167788136322
3005358,2393.167788136322
3007140,2393.167788136322
3008922,2393.167788136322
3010704,2393.167788136322
3012486,2393.167788136322
3014268,2393.167788136322
3016050,2393.167788136322
3017832,2393.167788136322
3019614,2393.167788136322
3021396,2393.167788136322
3023178,2393.167788136322
3024960,2393.167788136322
3026742,2393.167788136322
3028524,2393.167788136322
3001795,2393.167788136322
3003577,2393.167788136322
3005359,2393.167788136322
3007141,2393.167788136322
3008923,2393.167788136322
3010705,2393.167788136322
3012487,2393.167788136322
3014269,2393.167788136322
3016051,2393.167788136322
3017833,2393.167788136322
3019615,2393.167788136322
3021397,2393.167788136322
3023179,2393.167788136322
3024961,2393.167788136322
3026743,2393.167788136322
3028525,2393.167788136322
3001796,2393.167788136322
3003578,2393.167788136322
3005360,2393.167788136322
3007142,2393.167788136322
3008924,2393.167788136322
3010706,2393.167788136322
3012488,2393.167788136322
3014270,2393.167788136322
3016052,2393.167788136322
3017834,2393.167788136322
3019616,2393.167788136322
3021398,2393.167788136322
3023180,2393.167788136322
3024962,2393.167788136322
3026744,2393.167788136322
3028526,2393.167788136322
3001797,2393.167788136322
3003579,2393.167788136322
3005361,2393.167788136322
3007143,2393.167788136322
3008925,2393.167788136322
3010707,2393.167788136322
3012489,2393.167788136322
3014271,2393.167788136322
3016053,2393.167788136322
3017835,2393.167788136322
3019617,2393.167788136322
3021399,2393.167788136322
3023181,2393.167788136322
3024963,2393.167788136322
3026745,2393.167788136322
3028527,2393.167788136322
3001798,2393.167788136322
3003580,2393.167788136322
3005362,2393.167788136322
3007144,2393.167788136322
3008926,2393.167788136322
3010708,2393.167788136322
3012490,2393.167788136322
3014272,2393.167788136322
3016054,2393.167788136322
3017836,2393.167788136322
3019618,2393.167788136322
3021400,2393.167788136322
3023182,2393.167788136322
3024964,2393.167788136322
3026746,2393.167788136322
3028528,2393.167788136322
3001799,2393.167788136322
3003581,2393.167788136322
3005363,2393.167788136322
3007145,2393.167788136322
3008927,2393.167788136322
3010709,2393.167788136322
3012491,2393.167788136322
3014273,2393.167788136322
3016055,2393.167788136322
3017837,2393.167788136322
3019619,2393.167788136322
3021401,2393.167788136322
3023183,2393.167788136322
3024965,2393.167788136322
3026747,2393.167788136322
3028529,2393.167788136322
3001800,2393.167788136322
3003582,2393.167788136322
3005364,2393.167788136322
3007146,2393.167788136322
3008928,2393.167788136322
3010710,2393.167788136322
3012492,2393.167788136322
3014274,2393.167788136322
3016056,2393.167788136322
3017838,2393.167788136322
3019620,2393.167788136322
3021402,2393.167788136322
3023184,2393.167788136322
3024966,2393.167788136322
3026748,2393.167788136322
3028530,2393.167788136322
3001801,13755.84775951168
3003583,13755.84775951168
3005365,13755.84775951168
3007147,13755.84775951168
3008929,13755.84775951168
3010711,13755.84775951168
3012493,13755.84775951168
3014275,13755.84775951168
3016057,13755.84775951168
3017839,13755.84775951168
3019621,13755.84775951168
3021403,13755.84775951168
3023185,13755.84775951168
3024967,13755.84775951168
3026749,13755.84775951168
3028531,13755.84775951168
3001802,2393.167788136322
3003584,2393.167788136322
3005366,2393.167788136322
3007148,2393.167788136322
3008930,2393.167788136322
3010712,2393.167788136322
3012494,2393.167788136322
3014276,2393.167788136322
3016058,2393.167788136322
3017840,2393.167788136322
3019622,2393.167788136322
3021404,2393.167788136322
3023186,2393.167788136322
3024968,2393.167788136322
3026750,2393.167788136322
3028532,2393.167788136322
3001803,29379.993670687425
3003585,29379.993670687425
3005367,29379.993670687425
3007149,29379.993670687425
3008931,29379.993670687425
3010713,29379.993670687425
3012495,29379.993670687425
3014277,29379.993670687425
3016059,29379.993670687425
3017841,29379.993670687425
3019623,29379.993670687425
3021405,29379.993670687425
3023187,29379.993670687425
3024969,29379.993670687425
3026751,29379.993670687425
3028533,29379.993670687425
3001804,28191.69775395516
3003586,28191.69775395516
3005368,28191.69775395516
3007150,28191.69775395516
3008932,28191.69775395516
3010714,28191.69775395516
3012496,28191.69775395516
3014278,28191.69775395516
3016060,28191.69775395516
3017842,28191.69775395516
3019624,28191.69775395516
3021406,28191.69775395516
3023188,28191.69775395516
3024970,28191.69775395516
3026752,28191.69775395516
3028534,28191.69775395516
3001805,2393.167788136322
3003587,2393.167788136322
3005369,2393.167788136322
3007151,2393.167788136322
3008933,2393.167788136322
3010715,2393.167788136322
3012497,2393.167788136322
3014279,2393.167788136322
3016061,2393.167788136322
3017843,2393.167788136322
3019625,2393.167788136322
3021407,2393.167788136322
3023189,2393.167788136322
3024971,2393.167788136322
3026753,2393.167788136322
3028535,2393.167788136322
3001806,2393.167788136322
3003588,2393.167788136322
3005370,2393.167788136322
3007152,2393.167788136322
3008934,2393.167788136322
3010716,2393.167788136322
3012498,2393.167788136322
3014280,2393.167788136322
3016062,2393.167788136322
3017844,2393.167788136322
3019626,2393.167788136322
3021408,2393.167788136322
3023190,2393.167788136322
3024972,2393.167788136322
3026754,2393.167788136322
3028536,2393.167788136322
3001807,29379.993670687425
3003589,29379.993670687425
3005371,29379.993670687425
3007153,29379.993670687425
3008935,29379.993670687425
3010717,29379.993670687425
3012499,29379.993670687425
3014281,29379.993670687425
3016063,29379.993670687425
3017845,29379.993670687425
3019627,29379.993670687425
3021409,29379.993670687425
3023191,29379.993670687425
3024973,29379.993670687425
3026755,29379.993670687425
3028537,29379.993670687425
3001808,18867.114598218865
3003590,18867.114598218865
3005372,18867.114598218865
3007154,18867.114598218865
3008936,18867.114598218865
3010718,18867.114598218865
3012500,18867.114598218865
3014282,18867.114598218865
3016064,18867.114598218865
3017846,18867.114598218865
3019628,18867.114598218865
3021410,18867.114598218865
3023192,18867.114598218865
3024974,18867.114598218865
3026756,18867.114598218865
3028538,18867.114598218865
3001809,32530.527067124498
3003591,32530.527067124498
3005373,32530.527067124498
3007155,32530.527067124498
3008937,32530.527067124498
3010719,32530.527067124498
3012501,32530.527067124498
3014283,32530.527067124498
3016065,32530.527067124498
3017847,32530.527067124498
3019629,32530.527067124498
3021411,32530.527067124498
3023193,32530.527067124498
3024975,32530.527067124498
3026757,32530.527067124498
3028539,32530.527067124498
3001810,2393.167788136322
3003592,2393.167788136322
3005374,2393.167788136322
3007156,2393.167788136322
3008938,2393.167788136322
3010720,2393.167788136322
3012502,2393.167788136322
3014284,2393.167788136322
3016066,2393.167788136322
3017848,2393.167788136322
3019630,2393.167788136322
3021412,2393.167788136322
3023194,2393.167788136322
3024976,2393.167788136322
3026758,2393.167788136322
3028540,2393.167788136322
3001811,2393.167788136322
3003593,2393.167788136322
3005375,2393.167788136322
3007157,2393.167788136322
3008939,2393.167788136322
3010721,2393.167788136322
3012503,2393.167788136322
3014285,2393.167788136322
3016067,2393.167788136322
3017849,2393.167788136322
3019631,2393.167788136322
3021413,2393.167788136322
3023195,2393.167788136322
3024977,2393.167788136322
3026759,2393.167788136322
3028541,2393.167788136322
3001812,2393.167788136322
3003594,2393.167788136322
3005376,2393.167788136322
3007158,2393.167788136322
3008940,2393.167788136322
3010722,2393.167788136322
3012504,2393.167788136322
3014286,2393.167788136322
3016068,2393.167788136322
3017850,2393.167788136322
3019632,2393.167788136322
3021414,2393.167788136322
3023196,2393.167788136322
3024978,2393.167788136322
3026760,2393.167788136322
3028542,2393.167788136322
3001813,2393.167788136322
3003595,2393.167788136322
3005377,2393.167788136322
3007159,2393.167788136322
3008941,2393.167788136322
3010723,2393.167788136322
3012505,2393.167788136322
3014287,2393.167788136322
3016069,2393.167788136322
3017851,2393.167788136322
3019633,2393.167788136322
3021415,2393.167788136322
3023197,2393.167788136322
3024979,2393.167788136322
3026761,2393.167788136322
3028543,2393.167788136322
3001814,2393.167788136322
3003596,2393.167788136322
3005378,2393.167788136322
3007160,2393.167788136322
3008942,2393.167788136322
3010724,2393.167788136322
3012506,2393.167788136322
3014288,2393.167788136322
3016070,2393.167788136322
3017852,2393.167788136322
3019634,2393.167788136322
3021416,2393.167788136322
3023198,2393.167788136322
3024980,2393.167788136322
3026762,2393.167788136322
3028544,2393.167788136322
3001815,3.007842063574425e+108
3003597,3.007842063574425e+108
3005379,3.007842063574425e+108
3007161,3.007842063574425e+108
3008943,3.007842063574425e+108
3010725,3.007842063574425e+108
3012507,3.007842063574425e+108
3014289,3.007842063574425e+108
3016071,3.007842063574425e+108
3017853,3.007842063574425e+108
3019635,3.007842063574425e+108
3021417,3.007842063574425e+108
3023199,3.007842063574425e+108
3024981,3.007842063574425e+108
3026763,3.007842063574425e+108
3028545,3.007842063574425e+108
3001816,2393.167788136322
3003598,2393.167788136322
3005380,2393.167788136322
3007162,2393.167788136322
3008944,2393.167788136322
3010726,2393.167788136322
3012508,2393.167788136322
3014290,2393.167788136322
3016072,2393.167788136322
3017854,2393.167788136322
3019636,2393.167788136322
3021418,2393.167788136322
3023200,2393.167788136322
3024982,2393.167788136322
3026764,2393.167788136322
3028546,2393.167788136322
3001817,29379.993670687425
3003599,29379.993670687425
3005381,29379.993670687425
3007163,29379.993670687425
3008945,29379.993670687425
3010727,29379.993670687425
3012509,29379.993670687425
3014291,29379.993670687425
3016073,29379.993670687425
3017855,29379.993670687425
3019637,29379.993670687425
3021419,29379.993670687425
3023201,29379.993670687425
3024983,29379.993670687425
3026765,29379.993670687425
3028547,29379.993670687425
3001818,2393.167788136322
3003600,2393.167788136322
3005382,2393.167788136322
3007164,2393.167788136322
3008946,2393.167788136322
3010728,2393.167788136322
3012510,2393.167788136322
3014292,2393.167788136322
3016074,2393.167788136322
3017856,2393.167788136322
3019638,2393.167788136322
3021420,2393.167788136322
3023202,2393.167788136322
3024984,2393.167788136322
3026766,2393.167788136322
3028548,2393.167788136322
3001819,1.4890016199601365e+39
3003601,1.4890016199601365e+39
3005383,1.4890016199601365e+39
3007165,1.4890016199601365e+39
3008947,1.4890016199601365e+39
3010729,1.4890016199601365e+39
3012511,1.4890016199601365e+39
3014293,1.4890016199601365e+39
3016075,1.4890016199601365e+39
3017857,1.4890016199601365e+39
3019639,1.4890016199601365e+39
3021421,1.4890016199601365e+39
3023203,1.4890016199601365e+39
3024985,1.4890016199601365e+39
3026767,1.4890016199601365e+39
3028549,1.4890016199601365e+39
3001820,32530.527067124498
3003602,32530.527067124498
3005384,32530.527067124498
3007166,32530.527067124498
3008948,32530.527067124498
3010730,32530.527067124498
3012512,32530.527067124498
3014294,32530.527067124498
3016076,32530.527067124498
3017858,32530.527067124498
3019640,32530.527067124498
3021422,32530.527067124498
3023204,32530.527067124498
3024986,32530.527067124498
3026768,32530.527067124498
3028550,32530.527067124498
3001821,28191.69775395516
3003603,28191.69775395516
3005385,28191.69775395516
3007167,28191.69775395516
3008949,28191.69775395516
3010731,28191.69775395516
3012513,28191.69775395516
3014295,28191.69775395516
3016077,28191.69775395516
3017859,28191.69775395516
3019641,28191.69775395516
3021423,28191.69775395516
3023205,28191.69775395516
3024987,28191.69775395516
3026769,28191.69775395516
3028551,28191.69775395516
3001822,28191.69775395516
3003604,28191.69775395516
3005386,28191.69775395516
3007168,28191.69775395516
3008950,28191.69775395516
3010732,28191.69775395516
3012514,28191.69775395516
3014296,28191.69775395516
3016078,28191.69775395516
3017860,28191.69775395516
3019642,28191.69775395516
3021424,28191.69775395516
3023206,28191.69775395516
3024988,28191.69775395516
3026770,28191.69775395516
3028552,28191.69775395516
3001823,25447.284195908585
3003605,25447.284195908585
3005387,25447.284195908585
3007169,25447.284195908585
3008951,25447.284195908585
3010733,25447.284195908585
3012515,25447.284195908585
3014297,25447.284195908585
3016079,25447.284195908585
3017861,25447.284195908585
3019643,25447.284195908585
3021425,25447.284195908585
3023207,25447.284195908585
3024989,25447.284195908585
3026771,25447.284195908585
3028553,25447.284195908585
3001824,4.041054834009305e+87
3003606,4.041054834009305e+87
3005388,4.041054834009305e+87
3007170,6.42029037014039e+90
3008952,6.42029037014039e+90
3010734,4.041054834009305e+87
3012516,4.041054834009305e+87
3014298,4.041054834009305e+87
3016080,4.041054834009305e+87
3017862,4.041054834009305e+87
3019644,6.42029037014039e+90
3021426,6.42029037014039e+90
3023208,4.041054834009305e+87
3024990,4.041054834009305e+87
3026772,4.041054834009305e+87
3028554,4.041054834009305e+87
3001825,2393.167788136322
3003607,2393.167788136322
3005389,2393.167788136322
3007171,2393.167788136322
3008953,2393.167788136322
3010735,2393.167788136322
3012517,2393.167788136322
3014299,2393.167788136322
3016081,2393.167788136322
3017863,2393.167788136322
3019645,2393.167788136322
3021427,2393.167788136322
3023209,2393.167788136322
3024991,2393.167788136322
3026773,2393.167788136322
3028555,2393.167788136322
3001826,2393.167788136322
3003608,2393.167788136322
3005390,2393.167788136322
3007172,2393.167788136322
3008954,2393.167788136322
3010736,2393.167788136322
3012518,2393.167788136322
3014300,2393.167788136322
3016082,2393.167788136322
3017864,2393.167788136322
3019646,2393.167788136322
3021428,2393.167788136322
3023210,2393.167788136322
3024992,2393.167788136322
3026774,2393.167788136322
3028556,2393.167788136322
3001827,2393.167788136322
3003609,2393.167788136322
3005391,2393.167788136322
3007173,2393.167788136322
3008955,2393.167788136322
3010737,2393.167788136322
3012519,2393.167788136322
3014301,2393.167788136322
3016083,2393.167788136322
3017865,2393.167788136322
3019647,2393.167788136322
3021429,2393.167788136322
3023211,2393.167788136322
3024993,2393.167788136322
3026775,2393.167788136322
3028557,2393.167788136322
3001828,2393.167788136322
3003610,2393.167788136322
3005392,2393.167788136322
3007174,2393.167788136322
3008956,2393.167788136322
3010738,2393.167788136322
3012520,2393.167788136322
3014302,2393.167788136322
3016084,2393.167788136322
3017866,2393.167788136322
3019648,2393.167788136322
3021430,2393.167788136322
3023212,2393.167788136322
3024994,2393.167788136322
3026776,2393.167788136322
3028558,2393.167788136322
3001829,2393.167788136322
3003611,2393.167788136322
3005393,2393.167788136322
3007175,2393.167788136322
3008957,2393.167788136322
3010739,2393.167788136322
3012521,2393.167788136322
3014303,2393.167788136322
3016085,2393.167788136322
3017867,2393.167788136322
3019649,2393.167788136322
3021431,2393.167788136322
3023213,2393.167788136322
3024995,2393.167788136322
3026777,2393.167788136322
3028559,2393.167788136322
3001830,2393.167788136322
3003612,2393.167788136322
3005394,2393.167788136322
3007176,2393.167788136322
3008958,2393.167788136322
3010740,2393.167788136322
3012522,2393.167788136322
3014304,2393.167788136322
3016086,2393.167788136322
3017868,2393.167788136322
3019650,2393.167788136322
3021432,2393.167788136322
3023214,2393.167788136322
3024996,2393.167788136322
3026778,2393.167788136322
3028560,2393.167788136322
3001831,2393.167788136322
3003613,2393.167788136322
3005395,2393.167788136322
3007177,2393.167788136322
3008959,2393.167788136322
3010741,2393.167788136322
3012523,2393.167788136322
3014305,2393.167788136322
3016087,2393.167788136322
3017869,2393.167788136322
3019651,2393.167788136322
3021433,2393.167788136322
3023215,2393.167788136322
3024997,2393.167788136322
3026779,2393.167788136322
3028561,2393.167788136322
3001832,2393.167788136322
3003614,2393.167788136322
3005396,2393.167788136322
3007178,2393.167788136322
3008960,2393.167788136322
3010742,2393.167788136322
3012524,2393.167788136322
3014306,2393.167788136322
3016088,2393.167788136322
3017870,2393.167788136322
3019652,2393.167788136322
3021434,2393.167788136322
3023216,2393.167788136322
3024998,2393.167788136322
3026780,2393.167788136322
3028562,2393.167788136322
3001833,2393.167788136322
3003615,2393.167788136322
3005397,2393.167788136322
3007179,2393.167788136322
3008961,2393.167788136322
3010743,2393.167788136322
3012525,2393.167788136322
3014307,2393.167788136322
3016089,2393.167788136322
3017871,2393.167788136322
3019653,2393.167788136322
3021435,2393.167788136322
3023217,2393.167788136322
3024999,2393.167788136322
3026781,2393.167788136322
3028563,2393.167788136322
3001834,13755.84775951168
3003616,13755.84775951168
3005398,13755.84775951168
3007180,13755.84775951168
3008962,13755.84775951168
3010744,13755.84775951168
3012526,13755.84775951168
3014308,13755.84775951168
3016090,13755.84775951168
3017872,13755.84775951168
3019654,13755.84775951168
3021436,13755.84775951168
3023218,13755.84775951168
3025000,13755.84775951168
3026782,13755.84775951168
3028564,13755.84775951168
3001835,2393.167788136322
3003617,2393.167788136322
3005399,2393.167788136322
3007181,2393.167788136322
3008963,2393.167788136322
3010745,2393.167788136322
3012527,2393.167788136322
3014309,2393.167788136322
3016091,2393.167788136322
3017873,2393.167788136322
3019655,2393.167788136322
3021437,2393.167788136322
3023219,2393.167788136322
3025001,2393.167788136322
3026783,2393.167788136322
3028565,2393.167788136322
3001836,29379.993670687425
3003618,29379.993670687425
3005400,29379.993670687425
3007182,29379.993670687425
3008964,29379.993670687425
3010746,29379.993670687425
3012528,29379.993670687425
3014310,29379.993670687425
3016092,29379.993670687425
3017874,29379.993670687425
3019656,29379.993670687425
3021438,29379.993670687425
3023220,29379.993670687425
3025002,29379.993670687425
3026784,29379.993670687425
3028566,29379.993670687425
3001837,28191.69775395516
3003619,28191.69775395516
3005401,28191.69775395516
3007183,28191.69775395516
3008965,28191.69775395516
3010747,28191.69775395516
3012529,28191.69775395516
3014311,28191.69775395516
3016093,28191.69775395516
3017875,28191.69775395516
3019657,28191.69775395516
3021439,28191.69775395516
3023221,28191.69775395516
3025003,28191.69775395516
3026785,28191.69775395516
3028567,28191.69775395516
3001838,2393.167788136322
3003620,2393.167788136322
3005402,2393.167788136322
3007184,2393.167788136322
3008966,2393.167788136322
3010748,2393.167788136322
3012530,2393.167788136322
3014312,2393.167788136322
3016094,2393.167788136322
3017876,2393.167788136322
3019658,2393.167788136322
3021440,2393.167788136322
3023222,2393.167788136322
3025004,2393.167788136322
3026786,2393.167788136322
3028568,2393.167788136322
3001839,2393.167788136322
3003621,2393.167788136322
3005403,2393.167788136322
3007185,2393.167788136322
3008967,2393.167788136322
3010749,2393.167788136322
3012531,2393.167788136322
3014313,2393.167788136322
3016095,2393.167788136322
3017877,2393.167788136322
3019659,2393.167788136322
3021441,2393.167788136322
3023223,2393.167788136322
3025005,2393.167788136322
3026787,2393.167788136322
3028569,2393.167788136322
3001840,29379.993670687425
3003622,29379.993670687425
3005404,29379.993670687425
3007186,29379.993670687425
3008968,29379.993670687425
3010750,29379.993670687425
3012532,29379.993670687425
3014314,29379.993670687425
3016096,29379.993670687425
3017878,29379.993670687425
3019660,29379.993670687425
3021442,29379.993670687425
3023224,29379.993670687425
3025006,29379.993670687425
3026788,29379.993670687425
3028570,29379.993670687425
3001841,18867.114598218865
3003623,18867.114598218865
3005405,18867.114598218865
3007187,18867.114598218865
3008969,18867.114598218865
3010751,18867.114598218865
3012533,18867.114598218865
3014315,18867.114598218865
3016097,18867.114598218865
3017879,18867.114598218865
3019661,18867.114598218865
3021443,18867.114598218865
3023225,18867.114598218865
3025007,18867.114598218865
3026789,18867.114598218865
3028571,18867.114598218865
3001842,32530.527067124498
3003624,32530.527067124498
3005406,32530.527067124498
3007188,32530.527067124498
3008970,32530.527067124498
3010752,32530.527067124498
3012534,32530.527067124498
3014316,32530.527067124498
3016098,32530.527067124498
3017880,32530.527067124498
3019662,32530.527067124498
3021444,32530.527067124498
3023226,32530.527067124498
3025008,32530.527067124498
3026790,32530.527067124498
3028572,32530.527067124498
3001843,2393.167788136322
3003625,2393.167788136322
3005407,2393.167788136322
3007189,2393.167788136322
3008971,2393.167788136322
3010753,2393.167788136322
3012535,2393.167788136322
3014317,2393.167788136322
3016099,2393.167788136322
3017881,2393.167788136322
3019663,2393.167788136322
3021445,2393.167788136322
3023227,2393.167788136322
3025009,2393.167788136322
3026791,2393.167788136322
3028573,2393.167788136322
3001844,2393.167788136322
3003626,2393.167788136322
3005408,2393.167788136322
3007190,2393.167788136322
3008972,2393.167788136322
3010754,2393.167788136322
3012536,2393.167788136322
3014318,2393.167788136322
3016100,2393.167788136322
3017882,2393.167788136322
3019664,2393.167788136322
3021446,2393.167788136322
3023228,2393.167788136322
3025010,2393.167788136322
3026792,2393.167788136322
3028574,2393.167788136322
3001845,2393.167788136322
3003627,2393.167788136322
3005409,2393.167788136322
3007191,2393.167788136322
3008973,2393.167788136322
3010755,2393.167788136322
3012537,2393.167788136322
3014319,2393.167788136322
3016101,2393.167788136322
3017883,2393.167788136322
3019665,2393.167788136322
3021447,2393.167788136322
3023229,2393.167788136322
3025011,2393.167788136322
3026793,2393.167788136322
3028575,2393.167788136322
3001846,2393.167788136322
3003628,2393.167788136322
3005410,2393.167788136322
3007192,2393.167788136322
3008974,2393.167788136322
3010756,2393.167788136322
3012538,2393.167788136322
3014320,2393.167788136322
3016102,2393.167788136322
3017884,2393.167788136322
3019666,2393.167788136322
3021448,2393.167788136322
3023230,2393.167788136322
3025012,2393.167788136322
3026794,2393.167788136322
3028576,2393.167788136322
3001847,2393.167788136322
3003629,2393.167788136322
3005411,2393.167788136322
3007193,2393.167788136322
3008975,2393.167788136322
3010757,2393.167788136322
3012539,2393.167788136322
3014321,2393.167788136322
3016103,2393.167788136322
3017885,2393.167788136322
3019667,2393.167788136322
3021449,2393.167788136322
3023231,2393.167788136322
3025013,2393.167788136322
3026795,2393.167788136322
3028577,2393.167788136322
3001848,3.007842063574425e+108
3003630,3.007842063574425e+108
3005412,3.007842063574425e+108
3007194,3.007842063574425e+108
3008976,3.007842063574425e+108
3010758,3.007842063574425e+108
3012540,3.007842063574425e+108
3014322,3.007842063574425e+108
3016104,3.007842063574425e+108
3017886,3.007842063574425e+108
3019668,3.007842063574425e+108
3021450,3.007842063574425e+108
3023232,3.007842063574425e+108
3025014,3.007842063574425e+108
3026796,3.007842063574425e+108
3028578,3.007842063574425e+108
3001849,2393.167788136322
3003631,2393.167788136322
3005413,2393.167788136322
3007195,2393.167788136322
3008977,2393.167788136322
3010759,2393.167788136322
3012541,2393.167788136322
3014323,2393.167788136322
3016105,2393.167788136322
3017887,2393.167788136322
3019669,2393.167788136322
3021451,2393.167788136322
3023233,2393.167788136322
3025015,2393.167788136322
3026797,2393.167788136322
3028579,2393.167788136322
3001850,29379.993670687425
3003632,29379.993670687425
3005414,29379.993670687425
3007196,29379.993670687425
3008978,29379.993670687425
3010760,29379.993670687425
3012542,29379.993670687425
3014324,29379.993670687425
3016106,29379.993670687425
3017888,29379.993670687425
3019670,29379.993670687425
3021452,29379.993670687425
3023234,29379.993670687425
3025016,29379.993670687425
3026798,29379.993670687425
3028580,29379.993670687425
3001851,2393.167788136322
3003633,2393.167788136322
3005415,2393.167788136322
3007197,2393.167788136322
3008979,2393.167788136322
3010761,2393.167788136322
3012543,2393.167788136322
3014325,2393.167788136322
3016107,2393.167788136322
3017889,2393.167788136322
3019671,2393.167788136322
3021453,2393.167788136322
3023235,2393.167788136322
3025017,2393.167788136322
3026799,2393.167788136322
3028581,2393.167788136322
3001852,1.4890016199601365e+39
3003634,1.4890016199601365e+39
3005416,1.4890016199601365e+39
3007198,1.4890016199601365e+39
3008980,1.4890016199601365e+39
3010762,1.4890016199601365e+39
3012544,1.4890016199601365e+39
3014326,1.4890016199601365e+39
3016108,1.4890016199601365e+39
3017890,1.4890016199601365e+39
3019672,1.4890016199601365e+39
3021454,1.4890016199601365e+39
3023236,1.4890016199601365e+39
3025018,1.4890016199601365e+39
3026800,1.4890016199601365e+39
3028582,1.4890016199601365e+39
3001853,32530.527067124498
3003635,32530.527067124498
3005417,32530.527067124498
3007199,32530.527067124498
3008981,32530.527067124498
3010763,32530.527067124498
3012545,32530.527067124498
3014327,32530.527067124498
3016109,32530.527067124498
3017891,32530.527067124498
3019673,32530.527067124498
3021455,32530.527067124498
3023237,32530.527067124498
3025019,32530.527067124498
3026801,32530.527067124498
3028583,32530.527067124498
3001854,28191.69775395516
3003636,28191.69775395516
3005418,28191.69775395516
3007200,28191.69775395516
3008982,28191.69775395516
3010764,28191.69775395516
3012546,28191.69775395516
3014328,28191.69775395516
3016110,28191.69775395516
3017892,28191.69775395516
3019674,28191.69775395516
3021456,28191.69775395516
3023238,28191.69775395516
3025020,28191.69775395516
3026802,28191.69775395516
3028584,28191.69775395516
3001855,28191.69775395516
3003637,28191.69775395516
3005419,28191.69775395516
3007201,28191.69775395516
3008983,28191.69775395516
3010765,28191.69775395516
3012547,28191.69775395516
3014329,28191.69775395516
3016111,28191.69775395516
3017893,28191.69775395516
3019675,28191.69775395516
3021457,28191.69775395516
3023239,28191.69775395516
3025021,28191.69775395516
3026803,28191.69775395516
3028585,28191.69775395516
3001856,25447.284195908585
3003638,25447.284195908585
3005420,25447.284195908585
3007202,25447.284195908585
3008984,25447.284195908585
3010766,25447.284195908585
3012548,25447.284195908585
3014330,25447.284195908585
3016112,25447.284195908585
3017894,25447.284195908585
3019676,25447.284195908585
3021458,25447.284195908585
3023240,25447.284195908585
3025022,25447.284195908585
3026804,25447.284195908585
3028586,25447.284195908585
3001857,4.041054834009305e+87
3003639,4.041054834009305e+87
3005421,4.041054834009305e+87
3007203,6.42029037014039e+90
3008985,6.42029037014039e+90
3010767,4.041054834009305e+87
3012549,4.041054834009305e+87
3014331,4.041054834009305e+87
3016113,4.041054834009305e+87
3017895,4.041054834009305e+87
3019677,6.42029037014039e+90
3021459,6.42029037014039e+90
3023241,4.041054834009305e+87
3025023,4.041054834009305e+87
3026805,4.041054834009305e+87
3028587,4.041054834009305e+87
3001858,2393.167788136322
3003640,2393.167788136322
3005422,2393.167788136322
3007204,2393.167788136322
3008986,2393.167788136322
3010768,2393.167788136322
3012550,2393.167788136322
3014332,2393.167788136322
3016114,2393.167788136322
3017896,2393.167788136322
3019678,2393.167788136322
3021460,2393.167788136322
3023242,2393.167788136322
3025024,2393.167788136322
3026806,2393.167788136322
3028588,2393.167788136322
3001859,2393.167788136322
3003641,2393.167788136322
3005423,2393.167788136322
3007205,2393.167788136322
3008987,2393.167788136322
3010769,2393.167788136322
3012551,2393.167788136322
3014333,2393.167788136322
3016115,2393.167788136322
3017897,2393.167788136322
3019679,2393.167788136322
3021461,2393.167788136322
3023243,2393.167788136322
3025025,2393.167788136322
3026807,2393.167788136322
3028589,2393.167788136322
3001860,2393.167788136322
3003642,2393.167788136322
3005424,2393.167788136322
3007206,2393.167788136322
3008988,2393.167788136322
3010770,2393.167788136322
3012552,2393.167788136322
3014334,2393.167788136322
3016116,2393.167788136322
3017898,2393.167788136322
3019680,2393.167788136322
3021462,2393.167788136322
3023244,2393.167788136322
3025026,2393.167788136322
3026808,2393.167788136322
3028590,2393.167788136322
3001861,2393.167788136322
3003643,2393.167788136322
3005425,2393.167788136322
3007207,2393.167788136322
3008989,2393.167788136322
3010771,2393.167788136322
3012553,2393.167788136322
3014335,2393.167788136322
3016117,2393.167788136322
3017899,2393.167788136322
3019681,2393.167788136322
3021463,2393.167788136322
3023245,2393.167788136322
3025027,2393.167788136322
3026809,2393.167788136322
3028591,2393.167788136322
3001862,2393.167788136322
3003644,2393.167788136322
3005426,2393.167788136322
3007208,2393.167788136322
3008990,2393.167788136322
3010772,2393.167788136322
3012554,2393.167788136322
3014336,2393.167788136322
3016118,2393.167788136322
3017900,2393.167788136322
3019682,2393.167788136322
3021464,2393.167788136322
3023246,2393.167788136322
3025028,2393.167788136322
3026810,2393.167788136322
3028592,2393.167788136322
3001863,2393.167788136322
3003645,2393.167788136322
3005427,2393.167788136322
3007209,2393.167788136322
3008991,2393.167788136322
3010773,2393.167788136322
3012555,2393.167788136322
3014337,2393.167788136322
3016119,2393.167788136322
3017901,2393.167788136322
3019683,2393.167788136322
3021465,2393.167788136322
3023247,2393.167788136322
3025029,2393.167788136322
3026811,2393.167788136322
3028593,2393.167788136322
3001864,2393.167788136322
3003646,2393.167788136322
3005428,2393.167788136322
3007210,2393.167788136322
3008992,2393.167788136322
3010774,2393.167788136322
3012556,2393.167788136322
3014338,2393.167788136322
3016120,2393.167788136322
3017902,2393.167788136322
3019684,2393.167788136322
3021466,2393.167788136322
3023248,2393.167788136322
3025030,2393.167788136322
3026812,2393.167788136322
3028594,2393.167788136322
3001865,2393.167788136322
3003647,2393.167788136322
3005429,2393.167788136322
3007211,2393.167788136322
3008993,2393.167788136322
3010775,2393.167788136322
3012557,2393.167788136322
3014339,2393.167788136322
3016121,2393.167788136322
3017903,2393.167788136322
3019685,2393.167788136322
3021467,2393.167788136322
3023249,2393.167788136322
3025031,2393.167788136322
3026813,2393.167788136322
3028595,2393.167788136322
3001866,2393.167788136322
3003648,2393.167788136322
3005430,2393.167788136322
3007212,2393.167788136322
3008994,2393.167788136322
3010776,2393.167788136322
3012558,2393.167788136322
3014340,2393.167788136322
3016122,2393.167788136322
3017904,2393.167788136322
3019686,2393.167788136322
3021468,2393.167788136322
3023250,2393.167788136322
3025032,2393.167788136322
3026814,2393.167788136322
3028596,2393.167788136322
3001867,13755.84775951168
3003649,13755.84775951168
3005431,13755.84775951168
3007213,13755.84775951168
3008995,13755.84775951168
3010777,13755.84775951168
3012559,13755.84775951168
3014341,13755.84775951168
3016123,13755.84775951168
3017905,13755.84775951168
3019687,13755.84775951168
3021469,13755.84775951168
3023251,13755.84775951168
3025033,13755.84775951168
3026815,13755.84775951168
3028597,13755.84775951168
3001868,2393.167788136322
3003650,2393.167788136322
3005432,2393.167788136322
3007214,2393.167788136322
3008996,2393.167788136322
3010778,2393.167788136322
3012560,2393.167788136322
3014342,2393.167788136322
3016124,2393.167788136322
3017906,2393.167788136322
3019688,2393.167788136322
3021470,2393.167788136322
3023252,2393.167788136322
3025034,2393.167788136322
3026816,2393.167788136322
3028598,2393.167788136322
3001869,29379.993670687425
3003651,29379.993670687425
3005433,29379.993670687425
3007215,29379.993670687425
3008997,29379.993670687425
3010779,29379.993670687425
3012561,29379.993670687425
3014343,29379.993670687425
3016125,29379.993670687425
3017907,29379.993670687425
3019689,29379.993670687425
3021471,29379.993670687425
3023253,29379.993670687425
3025035,29379.993670687425
3026817,29379.993670687425
3028599,29379.993670687425
3001870,28191.69775395516
3003652,28191.69775395516
3005434,28191.69775395516
3007216,28191.69775395516
3008998,28191.69775395516
3010780,28191.69775395516
3012562,28191.69775395516
3014344,28191.69775395516
3016126,28191.69775395516
3017908,28191.69775395516
3019690,28191.69775395516
3021472,28191.69775395516
3023254,28191.69775395516
3025036,28191.69775395516
3026818,28191.69775395516
3028600,28191.69775395516
3001871,2393.167788136322
3003653,2393.167788136322
3005435,2393.167788136322
3007217,2393.167788136322
3008999,2393.167788136322
3010781,2393.167788136322
3012563,2393.167788136322
3014345,2393.167788136322
3016127,2393.167788136322
3017909,2393.167788136322
3019691,2393.167788136322
3021473,2393.167788136322
3023255,2393.167788136322
3025037,2393.167788136322
3026819,2393.167788136322
3028601,2393.167788136322
3001872,2393.167788136322
3003654,2393.167788136322
3005436,2393.167788136322
3007218,2393.167788136322
3009000,2393.167788136322
3010782,2393.167788136322
3012564,2393.167788136322
3014346,2393.167788136322
3016128,2393.167788136322
3017910,2393.167788136322
3019692,2393.167788136322
3021474,2393.167788136322
3023256,2393.167788136322
3025038,2393.167788136322
3026820,2393.167788136322
3028602,2393.167788136322
3001873,29379.993670687425
3003655,29379.993670687425
3005437,29379.993670687425
3007219,29379.993670687425
3009001,29379.993670687425
3010783,29379.993670687425
3012565,29379.993670687425
3014347,29379.993670687425
3016129,29379.993670687425
3017911,29379.993670687425
3019693,29379.993670687425
3021475,29379.993670687425
3023257,29379.993670687425
3025039,29379.993670687425
3026821,29379.993670687425
3028603,29379.993670687425
3001874,18867.114598218865
3003656,18867.114598218865
3005438,18867.114598218865
3007220,18867.114598218865
3009002,18867.114598218865
3010784,18867.114598218865
3012566,18867.114598218865
3014348,18867.114598218865
3016130,18867.114598218865
3017912,18867.114598218865
3019694,18867.114598218865
3021476,18867.114598218865
3023258,18867.114598218865
3025040,18867.114598218865
3026822,18867.114598218865
3028604,18867.114598218865
3001875,32530.527067124498
3003657,32530.527067124498
3005439,32530.527067124498
3007221,32530.527067124498
3009003,32530.527067124498
3010785,32530.527067124498
3012567,32530.527067124498
3014349,32530.527067124498
3016131,32530.527067124498
3017913,32530.527067124498
3019695,32530.527067124498
3021477,32530.527067124498
3023259,32530.527067124498
3025041,32530.527067124498
3026823,32530.527067124498
3028605,32530.527067124498
3001876,2393.167788136322
3003658,2393.167788136322
3005440,2393.167788136322
3007222,2393.167788136322
3009004,2393.167788136322
3010786,2393.167788136322
3012568,2393.167788136322
3014350,2393.167788136322
3016132,2393.167788136322
3017914,2393.167788136322
3019696,2393.167788136322
3021478,2393.167788136322
3023260,2393.167788136322
3025042,2393.167788136322
3026824,2393.167788136322
3028606,2393.167788136322
3001877,2393.167788136322
3003659,2393.167788136322
3005441,2393.167788136322
3007223,2393.167788136322
3009005,2393.167788136322
3010787,2393.167788136322
3012569,2393.167788136322
3014351,2393.167788136322
3016133,2393.167788136322
3017915,2393.167788136322
3019697,2393.167788136322
3021479,2393.167788136322
3023261,2393.167788136322
3025043,2393.167788136322
3026825,2393.167788136322
3028607,2393.167788136322
3001878,2393.167788136322
3003660,2393.167788136322
3005442,2393.167788136322
3007224,2393.167788136322
3009006,2393.167788136322
3010788,2393.167788136322
3012570,2393.167788136322
3014352,2393.167788136322
3016134,2393.167788136322
3017916,2393.167788136322
3019698,2393.167788136322
3021480,2393.167788136322
3023262,2393.167788136322
3025044,2393.167788136322
3026826,2393.167788136322
3028608,2393.167788136322
3001879,2393.167788136322
3003661,2393.167788136322
3005443,2393.167788136322
3007225,2393.167788136322
3009007,2393.167788136322
3010789,2393.167788136322
3012571,2393.167788136322
3014353,2393.167788136322
3016135,2393.167788136322
3017917,2393.167788136322
3019699,2393.167788136322
3021481,2393.167788136322
3023263,2393.167788136322
3025045,2393.167788136322
3026827,2393.167788136322
3028609,2393.167788136322
3001880,2393.167788136322
3003662,2393.167788136322
3005444,2393.167788136322
3007226,2393.167788136322
3009008,2393.167788136322
3010790,2393.167788136322
3012572,2393.167788136322
3014354,2393.167788136322
3016136,2393.167788136322
3017918,2393.167788136322
3019700,2393.167788136322
3021482,2393.167788136322
3023264,2393.167788136322
3025046,2393.167788136322
3026828,2393.167788136322
3028610,2393.167788136322
3001881,3.007842063574425e+108
3003663,3.007842063574425e+108
3005445,3.007842063574425e+108
3007227,3.007842063574425e+108
3009009,3.007842063574425e+108
3010791,3.007842063574425e+108
3012573,3.007842063574425e+108
3014355,3.007842063574425e+108
3016137,3.007842063574425e+108
3017919,3.007842063574425e+108
3019701,3.007842063574425e+108
3021483,3.007842063574425e+108
3023265,3.007842063574425e+108
3025047,3.007842063574425e+108
3026829,3.007842063574425e+108
3028611,3.007842063574425e+108
3001882,2393.167788136322
3003664,2393.167788136322
3005446,2393.167788136322
3007228,2393.167788136322
3009010,2393.167788136322
3010792,2393.167788136322
3012574,2393.167788136322
3014356,2393.167788136322
3016138,2393.167788136322
3017920,2393.167788136322
3019702,2393.167788136322
3021484,2393.167788136322
3023266,2393.167788136322
3025048,2393.167788136322
3026830,2393.167788136322
3028612,2393.167788136322
3001883,29379.993670687425
3003665,29379.993670687425
3005447,29379.993670687425
3007229,29379.993670687425
3009011,29379.993670687425
3010793,29379.993670687425
3012575,29379.993670687425
3014357,29379.993670687425
3016139,29379.993670687425
3017921,29379.993670687425
3019703,29379.993670687425
3021485,29379.993670687425
3023267,29379.993670687425
3025049,29379.993670687425
3026831,29379.993670687425
3028613,29379.993670687425
3001884,2393.167788136322
3003666,2393.167788136322
3005448,2393.167788136322
3007230,2393.167788136322
3009012,2393.167788136322
3010794,2393.167788136322
3012576,2393.167788136322
3014358,2393.167788136322
3016140,2393.167788136322
3017922,2393.167788136322
3019704,2393.167788136322
3021486,2393.167788136322
3023268,2393.167788136322
3025050,2393.167788136322
3026832,2393.167788136322
3028614,2393.167788136322
3001885,1.4890016199601365e+39
3003667,1.4890016199601365e+39
3005449,1.4890016199601365e+39
3007231,1.4890016199601365e+39
3009013,1.4890016199601365e+39
3010795,1.4890016199601365e+39
3012577,1.4890016199601365e+39
3014359,1.4890016199601365e+39
3016141,1.4890016199601365e+39
3017923,1.4890016199601365e+39
3019705,1.4890016199601365e+39
3021487,1.4890016199601365e+39
3023269,1.4890016199601365e+39
3025051,1.4890016199601365e+39
3026833,1.4890016199601365e+39
3028615,1.4890016199601365e+39
3001886,32530.527067124498
3003668,32530.527067124498
3005450,32530.527067124498
3007232,32530.527067124498
3009014,32530.527067124498
3010796,32530.527067124498
3012578,32530.527067124498
3014360,32530.527067124498
3016142,32530.527067124498
3017924,32530.527067124498
3019706,32530.527067124498
3021488,32530.527067124498
3023270,32530.527067124498
3025052,32530.527067124498
3026834,32530.527067124498
3028616,32530.527067124498
3001887,28191.69775395516
3003669,28191.69775395516
3005451,28191.69775395516
3007233,28191.69775395516
3009015,28191.69775395516
3010797,28191.69775395516
3012579,28191.69775395516
3014361,28191.69775395516
3016143,28191.69775395516
3017925,28191.69775395516
3019707,28191.69775395516
3021489,28191.69775395516
3023271,28191.69775395516
3025053,28191.69775395516
3026835,28191.69775395516
3028617,28191.69775395516
3001888,28191.69775395516
3003670,28191.69775395516
3005452,28191.69775395516
3007234,28191.69775395516
3009016,28191.69775395516
3010798,28191.69775395516
3012580,28191.69775395516
3014362,28191.69775395516
3016144,28191.69775395516
3017926,28191.69775395516
3019708,28191.69775395516
3021490,28191.69775395516
3023272,28191.69775395516
3025054,28191.69775395516
3026836,28191.69775395516
3028618,28191.69775395516
3001889,25447.284195908585
3003671,25447.284195908585
3005453,25447.284195908585
3007235,25447.284195908585
3009017,25447.284195908585
3010799,25447.284195908585
3012581,25447.284195908585
3014363,25447.284195908585
3016145,25447.284195908585
3017927,25447.284195908585
3019709,25447.284195908585
3021491,25447.284195908585
3023273,25447.284195908585
3025055,25447.284195908585
3026837,25447.284195908585
3028619,25447.284195908585
3001890,4.041054834009305e+87
3003672,4.041054834009305e+87
3005454,4.041054834009305e+87
3007236,6.42029037014039e+90
3009018,6.42029037014039e+90
3010800,4.041054834009305e+87
3012582,4.041054834009305e+87
3014364,4.041054834009305e+87
3016146,4.041054834009305e+87
3017928,4.041054834009305e+87
3019710,6.42029037014039e+90
3021492,6.42029037014039e+90
3023274,4.041054834009305e+87
3025056,4.041054834009305e+87
3026838,4.041054834009305e+87
3028620,4.041054834009305e+87
3001891,2393.167788136322
3003673,2393.167788136322
3005455,2393.167788136322
3007237,2393.167788136322
3009019,2393.167788136322
3010801,2393.167788136322
3012583,2393.167788136322
3014365,2393.167788136322
3016147,2393.167788136322
3017929,2393.167788136322
3019711,2393.167788136322
3021493,2393.167788136322
3023275,2393.167788136322
3025057,2393.167788136322
3026839,2393.167788136322
3028621,2393.167788136322
3001892,2393.167788136322
3003674,2393.167788136322
3005456,2393.167788136322
3007238,2393.167788136322
3009020,2393.167788136322
3010802,2393.167788136322
3012584,2393.167788136322
3014366,2393.167788136322
3016148,2393.167788136322
3017930,2393.167788136322
3019712,2393.167788136322
3021494,2393.167788136322
3023276,2393.167788136322
3025058,2393.167788136322
3026840,2393.167788136322
3028622,2393.167788136322
3001893,2393.167788136322
3003675,2393.167788136322
3005457,2393.167788136322
3007239,2393.167788136322
3009021,2393.167788136322
3010803,2393.167788136322
3012585,2393.167788136322
3014367,2393.167788136322
3016149,2393.167788136322
3017931,2393.167788136322
3019713,2393.167788136322
3021495,2393.167788136322
3023277,2393.167788136322
3025059,2393.167788136322
3026841,2393.167788136322
3028623,2393.167788136322
3001894,2393.167788136322
3003676,2393.167788136322
3005458,2393.167788136322
3007240,2393.167788136322
3009022,2393.167788136322
3010804,2393.167788136322
3012586,2393.167788136322
3014368,2393.167788136322
3016150,2393.167788136322
3017932,2393.167788136322
3019714,2393.167788136322
3021496,2393.167788136322
3023278,2393.167788136322
3025060,2393.167788136322
3026842,2393.167788136322
3028624,2393.167788136322
3001895,2393.167788136322
3003677,2393.167788136322
3005459,2393.167788136322
3007241,2393.167788136322
3009023,2393.167788136322
3010805,2393.167788136322
3012587,2393.167788136322
3014369,2393.167788136322
3016151,2393.167788136322
3017933,2393.167788136322
3019715,2393.167788136322
3021497,2393.167788136322
3023279,2393.167788136322
3025061,2393.167788136322
3026843,2393.167788136322
3028625,2393.167788136322
3001896,2393.167788136322
3003678,2393.167788136322
3005460,2393.167788136322
3007242,2393.167788136322
3009024,2393.167788136322
3010806,2393.167788136322
3012588,2393.167788136322
3014370,2393.167788136322
3016152,2393.167788136322
3017934,2393.167788136322
3019716,2393.167788136322
3021498,2393.167788136322
3023280,2393.167788136322
3025062,2393.167788136322
3026844,2393.167788136322
3028626,2393.167788136322
3001897,2393.167788136322
3003679,2393.167788136322
3005461,2393.167788136322
3007243,2393.167788136322
3009025,2393.167788136322
3010807,2393.167788136322
3012589,2393.167788136322
3014371,2393.167788136322
3016153,2393.167788136322
3017935,2393.167788136322
3019717,2393.167788136322
3021499,2393.167788136322
3023281,2393.167788136322
3025063,2393.167788136322
3026845,2393.167788136322
3028627,2393.167788136322
3001898,2393.167788136322
3003680,2393.167788136322
3005462,2393.167788136322
3007244,2393.167788136322
3009026,2393.167788136322
3010808,2393.167788136322
3012590,2393.167788136322
3014372,2393.167788136322
3016154,2393.167788136322
3017936,2393.167788136322
3019718,2393.167788136322
3021500,2393.167788136322
3023282,2393.167788136322
3025064,2393.167788136322
3026846,2393.167788136322
3028628,2393.167788136322
3001899,2393.167788136322
3003681,2393.167788136322
3005463,2393.167788136322
3007245,2393.167788136322
3009027,2393.167788136322
3010809,2393.167788136322
3012591,2393.167788136322
3014373,2393.167788136322
3016155,2393.167788136322
3017937,2393.167788136322
3019719,2393.167788136322
3021501,2393.167788136322
3023283,2393.167788136322
3025065,2393.167788136322
3026847,2393.167788136322
3028629,2393.167788136322
3001900,13755.84775951168
3003682,13755.84775951168
3005464,13755.84775951168
3007246,13755.84775951168
3009028,13755.84775951168
3010810,13755.84775951168
3012592,13755.84775951168
3014374,13755.84775951168
3016156,13755.84775951168
3017938,13755.84775951168
3019720,13755.84775951168
3021502,13755.84775951168
3023284,13755.84775951168
3025066,13755.84775951168
3026848,13755.84775951168
3028630,13755.84775951168
3001901,2393.167788136322
3003683,2393.167788136322
3005465,2393.167788136322
3007247,2393.167788136322
3009029,2393.167788136322
3010811,2393.167788136322
3012593,2393.167788136322
3014375,2393.167788136322
3016157,2393.167788136322
3017939,2393.167788136322
3019721,2393.167788136322
3021503,2393.167788136322
3023285,2393.167788136322
3025067,2393.167788136322
3026849,2393.167788136322
3028631,2393.167788136322
3001902,29379.993670687425
3003684,29379.993670687425
3005466,29379.993670687425
3007248,29379.993670687425
3009030,29379.993670687425
3010812,29379.993670687425
3012594,29379.993670687425
3014376,29379.993670687425
3016158,29379.993670687425
3017940,29379.993670687425
3019722,29379.993670687425
3021504,29379.993670687425
3023286,29379.993670687425
3025068,29379.993670687425
3026850,29379.993670687425
3028632,29379.993670687425
3001903,28191.69775395516
3003685,28191.69775395516
3005467,28191.69775395516
3007249,28191.69775395516
3009031,28191.69775395516
3010813,28191.69775395516
3012595,28191.69775395516
3014377,28191.69775395516
3016159,28191.69775395516
3017941,28191.69775395516
3019723,28191.69775395516
3021505,28191.69775395516
3023287,28191.69775395516
3025069,28191.69775395516
3026851,28191.69775395516
3028633,28191.69775395516
3001904,2393.167788136322
3003686,2393.167788136322
3005468,2393.167788136322
3007250,2393.167788136322
3009032,2393.167788136322
3010814,2393.167788136322
3012596,2393.167788136322
3014378,2393.167788136322
3016160,2393.167788136322
3017942,2393.167788136322
3019724,2393.167788136322
3021506,2393.167788136322
3023288,2393.167788136322
3025070,2393.167788136322
3026852,2393.167788136322
3028634,2393.167788136322
3001905,2393.167788136322
3003687,2393.167788136322
3005469,2393.167788136322
3007251,2393.167788136322
3009033,2393.167788136322
3010815,2393.167788136322
3012597,2393.167788136322
3014379,2393.167788136322
3016161,2393.167788136322
3017943,2393.167788136322
3019725,2393.167788136322
3021507,2393.167788136322
3023289,2393.167788136322
3025071,2393.167788136322
3026853,2393.167788136322
3028635,2393.167788136322
3001906,29379.993670687425
3003688,29379.993670687425
3005470,29379.993670687425
3007252,29379.993670687425
3009034,29379.993670687425
3010816,29379.993670687425
3012598,29379.993670687425
3014380,29379.993670687425
3016162,29379.993670687425
3017944,29379.993670687425
3019726,29379.993670687425
3021508,29379.993670687425
3023290,29379.993670687425
3025072,29379.993670687425
3026854,29379.993670687425
3028636,29379.993670687425
3001907,18867.114598218865
3003689,18867.114598218865
3005471,18867.114598218865
3007253,18867.114598218865
3009035,18867.114598218865
3010817,18867.114598218865
3012599,18867.114598218865
3014381,18867.114598218865
3016163,18867.114598218865
3017945,18867.114598218865
3019727,18867.114598218865
3021509,18867.114598218865
3023291,18867.114598218865
3025073,18867.114598218865
3026855,18867.114598218865
3028637,18867.114598218865
3001908,32530.527067124498
3003690,32530.527067124498
3005472,32530.527067124498
3007254,32530.527067124498
3009036,32530.527067124498
3010818,32530.527067124498
3012600,32530.527067124498
3014382,32530.527067124498
3016164,32530.527067124498
3017946,32530.527067124498
3019728,32530.527067124498
3021510,32530.527067124498
3023292,32530.527067124498
3025074,32530.527067124498
3026856,32530.527067124498
3028638,32530.527067124498
3001909,2393.167788136322
3003691,2393.167788136322
3005473,2393.167788136322
3007255,2393.167788136322
3009037,2393.167788136322
3010819,2393.167788136322
3012601,2393.167788136322
3014383,2393.167788136322
3016165,2393.167788136322
3017947,2393.167788136322
3019729,2393.167788136322
3021511,2393.167788136322
3023293,2393.167788136322
3025075,2393.167788136322
3026857,2393.167788136322
3028639,2393.167788136322
3001910,2393.167788136322
3003692,2393.167788136322
3005474,2393.167788136322
3007256,2393.167788136322
3009038,2393.167788136322
3010820,2393.167788136322
3012602,2393.167788136322
3014384,2393.167788136322
3016166,2393.167788136322
3017948,2393.167788136322
3019730,2393.167788136322
3021512,2393.167788136322
3023294,2393.167788136322
3025076,2393.167788136322
3026858,2393.167788136322
3028640,2393.167788136322
3001911,2393.167788136322
3003693,2393.167788136322
3005475,2393.167788136322
3007257,2393.167788136322
3009039,2393.167788136322
3010821,2393.167788136322
3012603,2393.167788136322
3014385,2393.167788136322
3016167,2393.167788136322
3017949,2393.167788136322
3019731,2393.167788136322
3021513,2393.167788136322
3023295,2393.167788136322
3025077,2393.167788136322
3026859,2393.167788136322
3028641,2393.167788136322
3001912,2393.167788136322
3003694,2393.167788136322
3005476,2393.167788136322
3007258,2393.167788136322
3009040,2393.167788136322
3010822,2393.167788136322
3012604,2393.167788136322
3014386,2393.167788136322
3016168,2393.167788136322
3017950,2393.167788136322
3019732,2393.167788136322
3021514,2393.167788136322
3023296,2393.167788136322
3025078,2393.167788136322
3026860,2393.167788136322
3028642,2393.167788136322
3001913,2393.167788136322
3003695,2393.167788136322
3005477,2393.167788136322
3007259,2393.167788136322
3009041,2393.167788136322
3010823,2393.167788136322
3012605,2393.167788136322
3014387,2393.167788136322
3016169,2393.167788136322
3017951,2393.167788136322
3019733,2393.167788136322
3021515,2393.167788136322
3023297,2393.167788136322
3025079,2393.167788136322
3026861,2393.167788136322
3028643,2393.167788136322
3001914,3.007842063574425e+108
3003696,3.007842063574425e+108
3005478,3.007842063574425e+108
3007260,3.007842063574425e+108
3009042,3.007842063574425e+108
3010824,3.007842063574425e+108
3012606,3.007842063574425e+108
3014388,3.007842063574425e+108
3016170,3.007842063574425e+108
3017952,3.007842063574425e+108
3019734,3.007842063574425e+108
3021516,3.007842063574425e+108
3023298,3.007842063574425e+108
3025080,3.007842063574425e+108
3026862,3.007842063574425e+108
3028644,3.007842063574425e+108
3001915,2393.167788136322
3003697,2393.167788136322
3005479,2393.167788136322
3007261,2393.167788136322
3009043,2393.167788136322
3010825,2393.167788136322
3012607,2393.167788136322
3014389,2393.167788136322
3016171,2393.167788136322
3017953,2393.167788136322
3019735,2393.167788136322
3021517,2393.167788136322
3023299,2393.167788136322
3025081,2393.167788136322
3026863,2393.167788136322
3028645,2393.167788136322
3001916,29379.993670687425
3003698,29379.993670687425
3005480,29379.993670687425
3007262,29379.993670687425
3009044,29379.993670687425
3010826,29379.993670687425
3012608,29379.993670687425
3014390,29379.993670687425
3016172,29379.993670687425
3017954,29379.993670687425
3019736,29379.993670687425
3021518,29379.993670687425
3023300,29379.993670687425
3025082,29379.993670687425
3026864,29379.993670687425
3028646,29379.993670687425
3001917,2393.167788136322
3003699,2393.167788136322
3005481,2393.167788136322
3007263,2393.167788136322
3009045,2393.167788136322
3010827,2393.167788136322
3012609,2393.167788136322
3014391,2393.167788136322
3016173,2393.167788136322
3017955,2393.167788136322
3019737,2393.167788136322
3021519,2393.167788136322
3023301,2393.167788136322
3025083,2393.167788136322
3026865,2393.167788136322
3028647,2393.167788136322
3001918,1.4890016199601365e+39
3003700,1.4890016199601365e+39
3005482,1.4890016199601365e+39
3007264,1.4890016199601365e+39
3009046,1.4890016199601365e+39
3010828,1.4890016199601365e+39
3012610,1.4890016199601365e+39
3014392,1.4890016199601365e+39
3016174,1.4890016199601365e+39
3017956,1.4890016199601365e+39
3019738,1.4890016199601365e+39
3021520,1.4890016199601365e+39
3023302,1.4890016199601365e+39
3025084,1.4890016199601365e+39
3026866,1.4890016199601365e+39
3028648,1.4890016199601365e+39
3001919,32530.527067124498
3003701,32530.527067124498
3005483,32530.527067124498
3007265,32530.527067124498
3009047,32530.527067124498
3010829,32530.527067124498
3012611,32530.527067124498
3014393,32530.527067124498
3016175,32530.527067124498
3017957,32530.527067124498
3019739,32530.527067124498
3021521,32530.527067124498
3023303,32530.527067124498
3025085,32530.527067124498
3026867,32530.527067124498
3028649,32530.527067124498
3001920,28191.69775395516
3003702,28191.69775395516
3005484,28191.69775395516
3007266,28191.69775395516
3009048,28191.69775395516
3010830,28191.69775395516
3012612,28191.69775395516
3014394,28191.69775395516
3016176,28191.69775395516
3017958,28191.69775395516
3019740,28191.69775395516
3021522,28191.69775395516
3023304,28191.69775395516
3025086,28191.69775395516
3026868,28191.69775395516
3028650,28191.69775395516
3001921,28191.69775395516
3003703,28191.69775395516
3005485,28191.69775395516
3007267,28191.69775395516
3009049,28191.69775395516
3010831,28191.69775395516
3012613,28191.69775395516
3014395,28191.69775395516
3016177,28191.69775395516
3017959,28191.69775395516
3019741,28191.69775395516
3021523,28191.69775395516
3023305,28191.69775395516
3025087,28191.69775395516
3026869,28191.69775395516
3028651,28191.69775395516
3001922,25447.284195908585
3003704,25447.284195908585
3005486,25447.284195908585
3007268,25447.284195908585
3009050,25447.284195908585
3010832,25447.284195908585
3012614,25447.284195908585
3014396,25447.284195908585
3016178,25447.284195908585
3017960,25447.284195908585
3019742,25447.284195908585
3021524,25447.284195908585
3023306,25447.284195908585
3025088,25447.284195908585
3026870,25447.284195908585
3028652,25447.284195908585
3001923,4.041054834009305e+87
3003705,4.041054834009305e+87
3005487,4.041054834009305e+87
3007269,6.42029037014039e+90
3009051,6.42029037014039e+90
3010833,4.041054834009305e+87
3012615,4.041054834009305e+87
3014397,4.041054834009305e+87
3016179,4.041054834009305e+87
3017961,4.041054834009305e+87
3019743,6.42029037014039e+90
3021525,6.42029037014039e+90
3023307,4.041054834009305e+87
3025089,4.041054834009305e+87
3026871,4.041054834009305e+87
3028653,4.041054834009305e+87
3001924,2393.167788136322
3003706,2393.167788136322
3005488,2393.167788136322
3007270,2393.167788136322
3009052,2393.167788136322
3010834,2393.167788136322
3012616,2393.167788136322
3014398,2393.167788136322
3016180,2393.167788136322
3017962,2393.167788136322
3019744,2393.167788136322
3021526,2393.167788136322
3023308,2393.167788136322
3025090,2393.167788136322
3026872,2393.167788136322
3028654,2393.167788136322
3001925,2393.167788136322
3003707,2393.167788136322
3005489,2393.167788136322
3007271,2393.167788136322
3009053,2393.167788136322
3010835,2393.167788136322
3012617,2393.167788136322
3014399,2393.167788136322
3016181,2393.167788136322
3017963,2393.167788136322
3019745,2393.167788136322
3021527,2393.167788136322
3023309,2393.167788136322
3025091,2393.167788136322
3026873,2393.167788136322
3028655,2393.167788136322
3001926,2393.167788136322
3003708,2393.167788136322
3005490,2393.167788136322
3007272,2393.167788136322
3009054,2393.167788136322
3010836,2393.167788136322
3012618,2393.167788136322
3014400,2393.167788136322
3016182,2393.167788136322
3017964,2393.167788136322
3019746,2393.167788136322
3021528,2393.167788136322
3023310,2393.167788136322
3025092,2393.167788136322
3026874,2393.167788136322
3028656,2393.167788136322
3001927,2393.167788136322
3003709,2393.167788136322
3005491,2393.167788136322
3007273,2393.167788136322
3009055,2393.167788136322
3010837,2393.167788136322
3012619,2393.167788136322
3014401,2393.167788136322
3016183,2393.167788136322
3017965,2393.167788136322
3019747,2393.167788136322
3021529,2393.167788136322
3023311,2393.167788136322
3025093,2393.167788136322
3026875,2393.167788136322
3028657,2393.167788136322
3001928,2393.167788136322
3003710,2393.167788136322
3005492,2393.167788136322
3007274,2393.167788136322
3009056,2393.167788136322
3010838,2393.167788136322
3012620,2393.167788136322
3014402,2393.167788136322
3016184,2393.167788136322
3017966,2393.167788136322
3019748,2393.167788136322
3021530,2393.167788136322
3023312,2393.167788136322
3025094,2393.167788136322
3026876,2393.167788136322
3028658,2393.167788136322
3001929,2393.167788136322
3003711,2393.167788136322
3005493,2393.167788136322
3007275,2393.167788136322
3009057,2393.167788136322
3010839,2393.167788136322
3012621,2393.167788136322
3014403,2393.167788136322
3016185,2393.167788136322
3017967,2393.167788136322
3019749,2393.167788136322
3021531,2393.167788136322
3023313,2393.167788136322
3025095,2393.167788136322
3026877,2393.167788136322
3028659,2393.167788136322
3001930,2393.167788136322
3003712,2393.167788136322
3005494,2393.167788136322
3007276,2393.167788136322
3009058,2393.167788136322
3010840,2393.167788136322
3012622,2393.167788136322
3014404,2393.167788136322
3016186,2393.167788136322
3017968,2393.167788136322
3019750,2393.167788136322
3021532,2393.167788136322
3023314,2393.167788136322
3025096,2393.167788136322
3026878,2393.167788136322
3028660,2393.167788136322
3001931,2393.167788136322
3003713,2393.167788136322
3005495,2393.167788136322
3007277,2393.167788136322
3009059,2393.167788136322
3010841,2393.167788136322
3012623,2393.167788136322
3014405,2393.167788136322
3016187,2393.167788136322
3017969,2393.167788136322
3019751,2393.167788136322
3021533,2393.167788136322
3023315,2393.167788136322
3025097,2393.167788136322
3026879,2393.167788136322
3028661,2393.167788136322
3001932,2393.167788136322
3003714,2393.167788136322
3005496,2393.167788136322
3007278,2393.167788136322
3009060,2393.167788136322
3010842,2393.167788136322
3012624,2393.167788136322
3014406,2393.167788136322
3016188,2393.167788136322
3017970,2393.167788136322
3019752,2393.167788136322
3021534,2393.167788136322
3023316,2393.167788136322
3025098,2393.167788136322
3026880,2393.167788136322
3028662,2393.167788136322
3001933,13755.84775951168
3003715,13755.84775951168
3005497,13755.84775951168
3007279,13755.84775951168
3009061,13755.84775951168
3010843,13755.84775951168
3012625,13755.84775951168
3014407,13755.84775951168
3016189,13755.84775951168
3017971,13755.84775951168
3019753,13755.84775951168
3021535,13755.84775951168
3023317,13755.84775951168
3025099,13755.84775951168
3026881,13755.84775951168
3028663,13755.84775951168
3001934,2393.167788136322
3003716,2393.167788136322
3005498,2393.167788136322
3007280,2393.167788136322
3009062,2393.167788136322
3010844,2393.167788136322
3012626,2393.167788136322
3014408,2393.167788136322
3016190,2393.167788136322
3017972,2393.167788136322
3019754,2393.167788136322
3021536,2393.167788136322
3023318,2393.167788136322
3025100,2393.167788136322
3026882,2393.167788136322
3028664,2393.167788136322
3001935,29379.993670687425
3003717,29379.993670687425
3005499,29379.993670687425
3007281,29379.993670687425
3009063,29379.993670687425
3010845,29379.993670687425
3012627,29379.993670687425
3014409,29379.993670687425
3016191,29379.993670687425
3017973,29379.993670687425
3019755,29379.993670687425
3021537,29379.993670687425
3023319,29379.993670687425
3025101,29379.993670687425
3026883,29379.993670687425
3028665,29379.993670687425
3001936,28191.69775395516
3003718,28191.69775395516
3005500,28191.69775395516
3007282,28191.69775395516
3009064,28191.69775395516
3010846,28191.69775395516
3012628,28191.69775395516
3014410,28191.69775395516
3016192,28191.69775395516
3017974,28191.69775395516
3019756,28191.69775395516
3021538,28191.69775395516
3023320,28191.69775395516
3025102,28191.69775395516
3026884,28191.69775395516
3028666,28191.69775395516
3001937,2393.167788136322
3003719,2393.167788136322
3005501,2393.167788136322
3007283,2393.167788136322
3009065,2393.167788136322
3010847,2393.167788136322
3012629,2393.167788136322
3014411,2393.167788136322
3016193,2393.167788136322
3017975,2393.167788136322
3019757,2393.167788136322
3021539,2393.167788136322
3023321,2393.167788136322
3025103,2393.167788136322
3026885,2393.167788136322
3028667,2393.167788136322
3001938,2393.167788136322
3003720,2393.167788136322
3005502,2393.167788136322
3007284,2393.167788136322
3009066,2393.167788136322
3010848,2393.167788136322
3012630,2393.167788136322
3014412,2393.167788136322
3016194,2393.167788136322
3017976,2393.167788136322
3019758,2393.167788136322
3021540,2393.167788136322
3023322,2393.167788136322
3025104,2393.167788136322
3026886,2393.167788136322
3028668,2393.167788136322
3001939,29379.993670687425
3003721,29379.993670687425
3005503,29379.993670687425
3007285,29379.993670687425
3009067,29379.993670687425
3010849,29379.993670687425
3012631,29379.993670687425
3014413,29379.993670687425
3016195,29379.993670687425
3017977,29379.993670687425
3019759,29379.993670687425
3021541,29379.993670687425
3023323,29379.993670687425
3025105,29379.993670687425
3026887,29379.993670687425
3028669,29379.993670687425
3001940,18867.114598218865
3003722,18867.114598218865
3005504,18867.114598218865
3007286,18867.114598218865
3009068,18867.114598218865
3010850,18867.114598218865
3012632,18867.114598218865
3014414,18867.114598218865
3016196,18867.114598218865
3017978,18867.114598218865
3019760,18867.114598218865
3021542,18867.114598218865
3023324,18867.114598218865
3025106,18867.114598218865
3026888,18867.114598218865
3028670,18867.114598218865
3001941,32530.527067124498
3003723,32530.527067124498
3005505,32530.527067124498
3007287,32530.527067124498
3009069,32530.527067124498
3010851,32530.527067124498
3012633,32530.527067124498
3014415,32530.527067124498
3016197,32530.527067124498
3017979,32530.527067124498
3019761,32530.527067124498
3021543,32530.527067124498
3023325,32530.527067124498
3025107,32530.527067124498
3026889,32530.527067124498
3028671,32530.527067124498
3001942,2393.167788136322
3003724,2393.167788136322
3005506,2393.167788136322
3007288,2393.167788136322
3009070,2393.167788136322
3010852,2393.167788136322
3012634,2393.167788136322
3014416,2393.167788136322
3016198,2393.167788136322
3017980,2393.167788136322
3019762,2393.167788136322
3021544,2393.167788136322
3023326,2393.167788136322
3025108,2393.167788136322
3026890,2393.167788136322
3028672,2393.167788136322
3001943,2393.167788136322
3003725,2393.167788136322
3005507,2393.167788136322
3007289,2393.167788136322
3009071,2393.167788136322
3010853,2393.167788136322
3012635,2393.167788136322
3014417,2393.167788136322
3016199,2393.167788136322
3017981,2393.167788136322
3019763,2393.167788136322
3021545,2393.167788136322
3023327,2393.167788136322
3025109,2393.167788136322
3026891,2393.167788136322
3028673,2393.167788136322
3001944,2393.167788136322
3003726,2393.167788136322
3005508,2393.167788136322
3007290,2393.167788136322
3009072,2393.167788136322
3010854,2393.167788136322
3012636,2393.167788136322
3014418,2393.167788136322
3016200,2393.167788136322
3017982,2393.167788136322
3019764,2393.167788136322
3021546,2393.167788136322
3023328,2393.167788136322
3025110,2393.167788136322
3026892,2393.167788136322
3028674,2393.167788136322
3001945,2393.167788136322
3003727,2393.167788136322
3005509,2393.167788136322
3007291,2393.167788136322
3009073,2393.167788136322
3010855,2393.167788136322
3012637,2393.167788136322
3014419,2393.167788136322
3016201,2393.167788136322
3017983,2393.167788136322
3019765,2393.167788136322
3021547,2393.167788136322
3023329,2393.167788136322
3025111,2393.167788136322
3026893,2393.167788136322
3028675,2393.167788136322
3001946,2393.167788136322
3003728,2393.167788136322
3005510,2393.167788136322
3007292,2393.167788136322
3009074,2393.167788136322
3010856,2393.167788136322
3012638,2393.167788136322
3014420,2393.167788136322
3016202,2393.167788136322
3017984,2393.167788136322
3019766,2393.167788136322
3021548,2393.167788136322
3023330,2393.167788136322
3025112,2393.167788136322
3026894,2393.167788136322
3028676,2393.167788136322
3001947,3.007842063574425e+108
3003729,3.007842063574425e+108
3005511,3.007842063574425e+108
3007293,3.007842063574425e+108
3009075,3.007842063574425e+108
3010857,3.007842063574425e+108
3012639,3.007842063574425e+108
3014421,3.007842063574425e+108
3016203,3.007842063574425e+108
3017985,3.007842063574425e+108
3019767,3.007842063574425e+108
3021549,3.007842063574425e+108
3023331,3.007842063574425e+108
3025113,3.007842063574425e+108
3026895,3.007842063574425e+108
3028677,3.007842063574425e+108
3001948,2393.167788136322
3003730,2393.167788136322
3005512,2393.167788136322
3007294,2393.167788136322
3009076,2393.167788136322
3010858,2393.167788136322
3012640,2393.167788136322
3014422,2393.167788136322
3016204,2393.167788136322
3017986,2393.167788136322
3019768,2393.167788136322
3021550,2393.167788136322
3023332,2393.167788136322
3025114,2393.167788136322
3026896,2393.167788136322
3028678,2393.167788136322
3001949,29379.993670687425
3003731,29379.993670687425
3005513,29379.993670687425
3007295,29379.993670687425
3009077,29379.993670687425
3010859,29379.993670687425
3012641,29379.993670687425
3014423,29379.993670687425
3016205,29379.993670687425
3017987,29379.993670687425
3019769,29379.993670687425
3021551,29379.993670687425
3023333,29379.993670687425
3025115,29379.993670687425
3026897,29379.993670687425
3028679,29379.993670687425
3001950,2393.167788136322
3003732,2393.167788136322
3005514,2393.167788136322
3007296,2393.167788136322
3009078,2393.167788136322
3010860,2393.167788136322
3012642,2393.167788136322
3014424,2393.167788136322
3016206,2393.167788136322
3017988,2393.167788136322
3019770,2393.167788136322
3021552,2393.167788136322
3023334,2393.167788136322
3025116,2393.167788136322
3026898,2393.167788136322
3028680,2393.167788136322
3001951,1.4890016199601365e+39
3003733,1.4890016199601365e+39
3005515,1.4890016199601365e+39
3007297,1.4890016199601365e+39
3009079,1.4890016199601365e+39
3010861,1.4890016199601365e+39
3012643,1.4890016199601365e+39
3014425,1.4890016199601365e+39
3016207,1.4890016199601365e+39
3017989,1.4890016199601365e+39
3019771,1.4890016199601365e+39
3021553,1.4890016199601365e+39
3023335,1.4890016199601365e+39
3025117,1.4890016199601365e+39
3026899,1.4890016199601365e+39
3028681,1.4890016199601365e+39
3001952,32530.527067124498
3003734,32530.527067124498
3005516,32530.527067124498
3007298,32530.527067124498
3009080,32530.527067124498
3010862,32530.527067124498
3012644,32530.527067124498
3014426,32530.527067124498
3016208,32530.527067124498
3017990,32530.527067124498
3019772,32530.527067124498
3021554,32530.527067124498
3023336,32530.527067124498
3025118,32530.527067124498
3026900,32530.527067124498
3028682,32530.527067124498
3001953,28191.69775395516
3003735,28191.69775395516
3005517,28191.69775395516
3007299,28191.69775395516
3009081,28191.69775395516
3010863,28191.69775395516
3012645,28191.69775395516
3014427,28191.69775395516
3016209,28191.69775395516
3017991,28191.69775395516
3019773,28191.69775395516
3021555,28191.69775395516
3023337,28191.69775395516
3025119,28191.69775395516
3026901,28191.69775395516
3028683,28191.69775395516
3001954,28191.69775395516
3003736,28191.69775395516
3005518,28191.69775395516
3007300,28191.69775395516
3009082,28191.69775395516
3010864,28191.69775395516
3012646,28191.69775395516
3014428,28191.69775395516
3016210,28191.69775395516
3017992,28191.69775395516
3019774,28191.69775395516
3021556,28191.69775395516
3023338,28191.69775395516
3025120,28191.69775395516
3026902,28191.69775395516
3028684,28191.69775395516
3001955,25447.284195908585
3003737,25447.284195908585
3005519,25447.284195908585
3007301,25447.284195908585
3009083,25447.284195908585
3010865,25447.284195908585
3012647,25447.284195908585
3014429,25447.284195908585
3016211,25447.284195908585
3017993,25447.284195908585
3019775,25447.284195908585
3021557,25447.284195908585
3023339,25447.284195908585
3025121,25447.284195908585
3026903,25447.284195908585
3028685,25447.284195908585
3001956,4.041054834009305e+87
3003738,4.041054834009305e+87
3005520,4.041054834009305e+87
3007302,6.42029037014039e+90
3009084,6.42029037014039e+90
3010866,4.041054834009305e+87
3012648,4.041054834009305e+87
3014430,4.041054834009305e+87
3016212,4.041054834009305e+87
3017994,4.041054834009305e+87
3019776,6.42029037014039e+90
3021558,6.42029037014039e+90
3023340,4.041054834009305e+87
3025122,4.041054834009305e+87
3026904,4.041054834009305e+87
3028686,4.041054834009305e+87
3001957,2393.167788136322
3003739,2393.167788136322
3005521,2393.167788136322
3007303,2393.167788136322
3009085,2393.167788136322
3010867,2393.167788136322
3012649,2393.167788136322
3014431,2393.167788136322
3016213,2393.167788136322
3017995,2393.167788136322
3019777,2393.167788136322
3021559,2393.167788136322
3023341,2393.167788136322
3025123,2393.167788136322
3026905,2393.167788136322
3028687,2393.167788136322
3001958,2393.167788136322
3003740,2393.167788136322
3005522,2393.167788136322
3007304,2393.167788136322
3009086,2393.167788136322
3010868,2393.167788136322
3012650,2393.167788136322
3014432,2393.167788136322
3016214,2393.167788136322
3017996,2393.167788136322
3019778,2393.167788136322
3021560,2393.167788136322
3023342,2393.167788136322
3025124,2393.167788136322
3026906,2393.167788136322
3028688,2393.167788136322
3001959,2393.167788136322
3003741,2393.167788136322
3005523,2393.167788136322
3007305,2393.167788136322
3009087,2393.167788136322
3010869,2393.167788136322
3012651,2393.167788136322
3014433,2393.167788136322
3016215,2393.167788136322
3017997,2393.167788136322
3019779,2393.167788136322
3021561,2393.167788136322
3023343,2393.167788136322
3025125,2393.167788136322
3026907,2393.167788136322
3028689,2393.167788136322
3001960,2393.167788136322
3003742,2393.167788136322
3005524,2393.167788136322
3007306,2393.167788136322
3009088,2393.167788136322
3010870,2393.167788136322
3012652,2393.167788136322
3014434,2393.167788136322
3016216,2393.167788136322
3017998,2393.167788136322
3019780,2393.167788136322
3021562,2393.167788136322
3023344,2393.167788136322
3025126,2393.167788136322
3026908,2393.167788136322
3028690,2393.167788136322
3001961,2393.167788136322
3003743,2393.167788136322
3005525,2393.167788136322
3007307,2393.167788136322
3009089,2393.167788136322
3010871,2393.167788136322
3012653,2393.167788136322
3014435,2393.167788136322
3016217,2393.167788136322
3017999,2393.167788136322
3019781,2393.167788136322
3021563,2393.167788136322
3023345,2393.167788136322
3025127,2393.167788136322
3026909,2393.167788136322
3028691,2393.167788136322
3001962,2393.167788136322
3003744,2393.167788136322
3005526,2393.167788136322
3007308,2393.167788136322
3009090,2393.167788136322
3010872,2393.167788136322
3012654,2393.167788136322
3014436,2393.167788136322
3016218,2393.167788136322
3018000,2393.167788136322
3019782,2393.167788136322
3021564,2393.167788136322
3023346,2393.167788136322
3025128,2393.167788136322
3026910,2393.167788136322
3028692,2393.167788136322
3001963,2393.167788136322
3003745,2393.167788136322
3005527,2393.167788136322
3007309,2393.167788136322
3009091,2393.167788136322
3010873,2393.167788136322
3012655,2393.167788136322
3014437,2393.167788136322
3016219,2393.167788136322
3018001,2393.167788136322
3019783,2393.167788136322
3021565,2393.167788136322
3023347,2393.167788136322
3025129,2393.167788136322
3026911,2393.167788136322
3028693,2393.167788136322
3001964,2393.167788136322
3003746,2393.167788136322
3005528,2393.167788136322
3007310,2393.167788136322
3009092,2393.167788136322
3010874,2393.167788136322
3012656,2393.167788136322
3014438,2393.167788136322
3016220,2393.167788136322
3018002,2393.167788136322
3019784,2393.167788136322
3021566,2393.167788136322
3023348,2393.167788136322
3025130,2393.167788136322
3026912,2393.167788136322
3028694,2393.167788136322
3001965,2393.167788136322
3003747,2393.167788136322
3005529,2393.167788136322
3007311,2393.167788136322
3009093,2393.167788136322
3010875,2393.167788136322
3012657,2393.167788136322
3014439,2393.167788136322
3016221,2393.167788136322
3018003,2393.167788136322
3019785,2393.167788136322
3021567,2393.167788136322
3023349,2393.167788136322
3025131,2393.167788136322
3026913,2393.167788136322
3028695,2393.167788136322
3001966,13755.84775951168
3003748,13755.84775951168
3005530,13755.84775951168
3007312,13755.84775951168
3009094,13755.84775951168
3010876,13755.84775951168
3012658,13755.84775951168
3014440,13755.84775951168
3016222,13755.84775951168
3018004,13755.84775951168
3019786,13755.84775951168
3021568,13755.84775951168
3023350,13755.84775951168
3025132,13755.84775951168
3026914,13755.84775951168
3028696,13755.84775951168
3001967,2393.167788136322
3003749,2393.167788136322
3005531,2393.167788136322
3007313,2393.167788136322
3009095,2393.167788136322
3010877,2393.167788136322
3012659,2393.167788136322
3014441,2393.167788136322
3016223,2393.167788136322
3018005,2393.167788136322
3019787,2393.167788136322
3021569,2393.167788136322
3023351,2393.167788136322
3025133,2393.167788136322
3026915,2393.167788136322
3028697,2393.167788136322
3001968,29379.993670687425
3003750,29379.993670687425
3005532,29379.993670687425
3007314,29379.993670687425
3009096,29379.993670687425
3010878,29379.993670687425
3012660,29379.993670687425
3014442,29379.993670687425
3016224,29379.993670687425
3018006,29379.993670687425
3019788,29379.993670687425
3021570,29379.993670687425
3023352,29379.993670687425
3025134,29379.993670687425
3026916,29379.993670687425
3028698,29379.993670687425
3001969,28191.69775395516
3003751,28191.69775395516
3005533,28191.69775395516
3007315,28191.69775395516
3009097,28191.69775395516
3010879,28191.69775395516
3012661,28191.69775395516
3014443,28191.69775395516
3016225,28191.69775395516
3018007,28191.69775395516
3019789,28191.69775395516
3021571,28191.69775395516
3023353,28191.69775395516
3025135,28191.69775395516
3026917,28191.69775395516
3028699,28191.69775395516
3001970,2393.167788136322
3003752,2393.167788136322
3005534,2393.167788136322
3007316,2393.167788136322
3009098,2393.167788136322
3010880,2393.167788136322
3012662,2393.167788136322
3014444,2393.167788136322
3016226,2393.167788136322
3018008,2393.167788136322
3019790,2393.167788136322
3021572,2393.167788136322
3023354,2393.167788136322
3025136,2393.167788136322
3026918,2393.167788136322
3028700,2393.167788136322
3001971,2393.167788136322
3003753,2393.167788136322
3005535,2393.167788136322
3007317,2393.167788136322
3009099,2393.167788136322
3010881,2393.167788136322
3012663,2393.167788136322
3014445,2393.167788136322
3016227,2393.167788136322
3018009,2393.167788136322
3019791,2393.167788136322
3021573,2393.167788136322
3023355,2393.167788136322
3025137,2393.167788136322
3026919,2393.167788136322
3028701,2393.167788136322
3001972,29379.993670687425
3003754,29379.993670687425
3005536,29379.993670687425
3007318,29379.993670687425
3009100,29379.993670687425
3010882,29379.993670687425
3012664,29379.993670687425
3014446,29379.993670687425
3016228,29379.993670687425
3018010,29379.993670687425
3019792,29379.993670687425
3021574,29379.993670687425
3023356,29379.993670687425
3025138,29379.993670687425
3026920,29379.993670687425
3028702,29379.993670687425
3001973,18867.114598218865
3003755,18867.114598218865
3005537,18867.114598218865
3007319,18867.114598218865
3009101,18867.114598218865
3010883,18867.114598218865
3012665,18867.114598218865
3014447,18867.114598218865
3016229,18867.114598218865
3018011,18867.114598218865
3019793,18867.114598218865
3021575,18867.114598218865
3023357,18867.114598218865
3025139,18867.114598218865
3026921,18867.114598218865
3028703,18867.114598218865
3001974,32530.527067124498
3003756,32530.527067124498
3005538,32530.527067124498
3007320,32530.527067124498
3009102,32530.527067124498
3010884,32530.527067124498
3012666,32530.527067124498
3014448,32530.527067124498
3016230,32530.527067124498
3018012,32530.527067124498
3019794,32530.527067124498
3021576,32530.527067124498
3023358,32530.527067124498
3025140,32530.527067124498
3026922,32530.527067124498
3028704,32530.527067124498
3001975,2393.167788136322
3003757,2393.167788136322
3005539,2393.167788136322
3007321,2393.167788136322
3009103,2393.167788136322
3010885,2393.167788136322
3012667,2393.167788136322
3014449,2393.167788136322
3016231,2393.167788136322
3018013,2393.167788136322
3019795,2393.167788136322
3021577,2393.167788136322
3023359,2393.167788136322
3025141,2393.167788136322
3026923,2393.167788136322
3028705,2393.167788136322
3001976,2393.167788136322
3003758,2393.167788136322
3005540,2393.167788136322
3007322,2393.167788136322
3009104,2393.167788136322
3010886,2393.167788136322
3012668,2393.167788136322
3014450,2393.167788136322
3016232,2393.167788136322
3018014,2393.167788136322
3019796,2393.167788136322
3021578,2393.167788136322
3023360,2393.167788136322
3025142,2393.167788136322
3026924,2393.167788136322
3028706,2393.167788136322
3002010,2393.167788136322
3003792,2393.167788136322
3005574,2393.167788136322
3007356,2393.167788136322
3009138,2393.167788136322
3010920,2393.167788136322
3012702,2393.167788136322
3014484,2393.167788136322
3016266,2393.167788136322
3018048,2393.167788136322
3019830,2393.167788136322
3021612,2393.167788136322
3023394,2393.167788136322
3025176,2393.167788136322
3026958,2393.167788136322
3028740,2393.167788136322
3002011,2393.167788136322
3003793,2393.167788136322
3005575,2393.167788136322
3007357,2393.167788136322
3009139,2393.167788136322
3010921,2393.167788136322
3012703,2393.167788136322
3014485,2393.167788136322
3016267,2393.167788136322
3018049,2393.167788136322
3019831,2393.167788136322
3021613,2393.167788136322
3023395,2393.167788136322
3025177,2393.167788136322
3026959,2393.167788136322
3028741,2393.167788136322
3002012,2393.167788136322
3003794,2393.167788136322
3005576,2393.167788136322
3007358,2393.167788136322
3009140,2393.167788136322
3010922,2393.167788136322
3012704,2393.167788136322
3014486,2393.167788136322
3016268,2393.167788136322
3018050,2393.167788136322
3019832,2393.167788136322
3021614,2393.167788136322
3023396,2393.167788136322
3025178,2393.167788136322
3026960,2393.167788136322
3028742,2393.167788136322
3002013,3.007842063574425e+108
3003795,3.007842063574425e+108
3005577,3.007842063574425e+108
3007359,3.007842063574425e+108
3009141,3.007842063574425e+108
3010923,3.007842063574425e+108
3012705,3.007842063574425e+108
3014487,3.007842063574425e+108
3016269,3.007842063574425e+108
3018051,3.007842063574425e+108
3019833,3.007842063574425e+108
3021615,3.007842063574425e+108
3023397,3.007842063574425e+108
3025179,3.007842063574425e+108
3026961,3.007842063574425e+108
3028743,3.007842063574425e+108
3002014,2393.167788136322
3003796,2393.167788136322
3005578,2393.167788136322
3007360,2393.167788136322
3009142,2393.167788136322
3010924,2393.167788136322
3012706,2393.167788136322
3014488,2393.167788136322
3016270,2393.167788136322
3018052,2393.167788136322
3019834,2393.167788136322
3021616,2393.167788136322
3023398,2393.167788136322
3025180,2393.167788136322
3026962,2393.167788136322
3028744,2393.167788136322
3002015,29379.993670687425
3003797,29379.993670687425
3005579,29379.993670687425
3007361,29379.993670687425
3009143,29379.993670687425
3010925,29379.993670687425
3012707,29379.993670687425
3014489,29379.993670687425
3016271,29379.993670687425
3018053,29379.993670687425
3019835,29379.993670687425
3021617,29379.993670687425
3023399,29379.993670687425
3025181,29379.993670687425
3026963,29379.993670687425
3028745,29379.993670687425
3002016,2393.167788136322
3003798,2393.167788136322
3005580,2393.167788136322
3007362,2393.167788136322
3009144,2393.167788136322
3010926,2393.167788136322
3012708,2393.167788136322
3014490,2393.167788136322
3016272,2393.167788136322
3018054,2393.167788136322
3019836,2393.167788136322
3021618,2393.167788136322
3023400,2393.167788136322
3025182,2393.167788136322
3026964,2393.167788136322
3028746,2393.167788136322
3002017,1.4890016199601365e+39
3003799,1.4890016199601365e+39
3005581,1.4890016199601365e+39
3007363,1.4890016199601365e+39
3009145,1.4890016199601365e+39
3010927,1.4890016199601365e+39
3012709,1.4890016199601365e+39
3014491,1.4890016199601365e+39
3016273,1.4890016199601365e+39
3018055,1.4890016199601365e+39
3019837,1.4890016199601365e+39
3021619,1.4890016199601365e+39
3023401,1.4890016199601365e+39
3025183,1.4890016199601365e+39
3026965,1.4890016199601365e+39
3028747,1.4890016199601365e+39
3002018,32530.527067124498
3003800,32530.527067124498
3005582,32530.527067124498
3007364,32530.527067124498
3009146,32530.527067124498
3010928,32530.527067124498
3012710,32530.527067124498
3014492,32530.527067124498
3016274,32530.527067124498
3018056,32530.527067124498
3019838,32530.527067124498
3021620,32530.527067124498
3023402,32530.527067124498
3025184,32530.527067124498
3026966,32530.527067124498
3028748,32530.527067124498
3002019,28191.69775395516
3003801,28191.69775395516
3005583,28191.69775395516
3007365,28191.69775395516
3009147,28191.69775395516
3010929,28191.69775395516
3012711,28191.69775395516
3014493,28191.69775395516
3016275,28191.69775395516
3018057,28191.69775395516
3019839,28191.69775395516
3021621,28191.69775395516
3023403,28191.69775395516
3025185,28191.69775395516
3026967,28191.69775395516
3028749,28191.69775395516
3002020,28191.69775395516
3003802,28191.69775395516
3005584,28191.69775395516
3007366,28191.69775395516
3009148,28191.69775395516
3010930,28191.69775395516
3012712,28191.69775395516
3014494,28191.69775395516
3016276,28191.69775395516
3018058,28191.69775395516
3019840,28191.69775395516
3021622,28191.69775395516
3023404,28191.69775395516
3025186,28191.69775395516
3026968,28191.69775395516
3028750,28191.69775395516
3002021,25447.284195908585
3003803,25447.284195908585
3005585,25447.284195908585
3007367,25447.284195908585
3009149,25447.284195908585
3010931,25447.284195908585
3012713,25447.284195908585
3014495,25447.284195908585
3016277,25447.284195908585
3018059,25447.284195908585
3019841,25447.284195908585
3021623,25447.284195908585
3023405,25447.284195908585
3025187,25447.284195908585
3026969,25447.284195908585
3028751,25447.284195908585
3002022,4.041054834009305e+87
3003804,4.041054834009305e+87
3005586,4.041054834009305e+87
3007368,6.42029037014039e+90
3009150,6.42029037014039e+90
3010932,4.041054834009305e+87
3012714,4.041054834009305e+87
3014496,4.041054834009305e+87
3016278,4.041054834009305e+87
3018060,4.041054834009305e+87
3019842,6.42029037014039e+90
3021624,6.42029037014039e+90
3023406,4.041054834009305e+87
3025188,4.041054834009305e+87
3026970,4.041054834009305e+87
3028752,4.041054834009305e+87
3002023,2393.167788136322
3003805,2393.167788136322
3005587,2393.167788136322
3007369,2393.167788136322
3009151,2393.167788136322
3010933,2393.167788136322
3012715,2393.167788136322
3014497,2393.167788136322
3016279,2393.167788136322
3018061,2393.167788136322
3019843,2393.167788136322
3021625,2393.167788136322
3023407,2393.167788136322
3025189,2393.167788136322
3026971,2393.167788136322
3028753,2393.167788136322
3002024,2393.167788136322
3003806,2393.167788136322
3005588,2393.167788136322
3007370,2393.167788136322
3009152,2393.167788136322
3010934,2393.167788136322
3012716,2393.167788136322
3014498,2393.167788136322
3016280,2393.167788136322
3018062,2393.167788136322
3019844,2393.167788136322
3021626,2393.167788136322
3023408,2393.167788136322
3025190,2393.167788136322
3026972,2393.167788136322
3028754,2393.167788136322
3002025,2393.167788136322
3003807,2393.167788136322
3005589,2393.167788136322
3007371,2393.167788136322
3009153,2393.167788136322
3010935,2393.167788136322
3012717,2393.167788136322
3014499,2393.167788136322
3016281,2393.167788136322
3018063,2393.167788136322
3019845,2393.167788136322
3021627,2393.167788136322
3023409,2393.167788136322
3025191,2393.167788136322
3026973,2393.167788136322
3028755,2393.167788136322
3002026,2393.167788136322
3003808,2393.167788136322
3005590,2393.167788136322
3007372,2393.167788136322
3009154,2393.167788136322
3010936,2393.167788136322
3012718,2393.167788136322
3014500,2393.167788136322
3016282,2393.167788136322
3018064,2393.167788136322
3019846,2393.167788136322
3021628,2393.167788136322
3023410,2393.167788136322
3025192,2393.167788136322
3026974,2393.167788136322
3028756,2393.167788136322
3002027,2393.167788136322
3003809,2393.167788136322
3005591,2393.167788136322
3007373,2393.167788136322
3009155,2393.167788136322
3010937,2393.167788136322
3012719,2393.167788136322
3014501,2393.167788136322
3016283,2393.167788136322
3018065,2393.167788136322
3019847,2393.167788136322
3021629,2393.167788136322
3023411,2393.167788136322
3025193,2393.167788136322
3026975,2393.167788136322
3028757,2393.167788136322
3002028,2393.167788136322
3003810,2393.167788136322
3005592,2393.167788136322
3007374,2393.167788136322
3009156,2393.167788136322
3010938,2393.167788136322
3012720,2393.167788136322
3014502,2393.167788136322
3016284,2393.167788136322
3018066,2393.167788136322
3019848,2393.167788136322
3021630,2393.167788136322
3023412,2393.167788136322
3025194,2393.167788136322
3026976,2393.167788136322
3028758,2393.167788136322
3002029,2393.167788136322
3003811,2393.167788136322
3005593,2393.167788136322
3007375,2393.167788136322
3009157,2393.167788136322
3010939,2393.167788136322
3012721,2393.167788136322
3014503,2393.167788136322
3016285,2393.167788136322
3018067,2393.167788136322
3019849,2393.167788136322
3021631,2393.167788136322
3023413,2393.167788136322
3025195,2393.167788136322
3026977,2393.167788136322
3028759,2393.167788136322
3002030,2393.167788136322
3003812,2393.167788136322
3005594,2393.167788136322
3007376,2393.167788136322
3009158,2393.167788136322
3010940,2393.167788136322
3012722,2393.167788136322
3014504,2393.167788136322
3016286,2393.167788136322
3018068,2393.167788136322
3019850,2393.167788136322
3021632,2393.167788136322
3023414,2393.167788136322
3025196,2393.167788136322
3026978,2393.167788136322
3028760,2393.167788136322
3002031,2393.167788136322
3003813,2393.167788136322
3005595,2393.167788136322
3007377,2393.167788136322
3009159,2393.167788136322
3010941,2393.167788136322
3012723,2393.167788136322
3014505,2393.167788136322
3016287,2393.167788136322
3018069,2393.167788136322
3019851,2393.167788136322
3021633,2393.167788136322
3023415,2393.167788136322
3025197,2393.167788136322
3026979,2393.167788136322
3028761,2393.167788136322
3002032,13755.84775951168
3003814,13755.84775951168
3005596,13755.84775951168
3007378,13755.84775951168
3009160,13755.84775951168
3010942,13755.84775951168
3012724,13755.84775951168
3014506,13755.84775951168
3016288,13755.84775951168
3018070,13755.84775951168
3019852,13755.84775951168
3021634,13755.84775951168
3023416,13755.84775951168
3025198,13755.84775951168
3026980,13755.84775951168
3028762,13755.84775951168
3002033,2393.167788136322
3003815,2393.167788136322
3005597,2393.167788136322
3007379,2393.167788136322
3009161,2393.167788136322
3010943,2393.167788136322
3012725,2393.167788136322
3014507,2393.167788136322
3016289,2393.167788136322
3018071,2393.167788136322
3019853,2393.167788136322
3021635,2393.167788136322
3023417,2393.167788136322
3025199,2393.167788136322
3026981,2393.167788136322
3028763,2393.167788136322
3002034,29379.993670687425
3003816,29379.993670687425
3005598,29379.993670687425
3007380,29379.993670687425
3009162,29379.993670687425
3010944,29379.993670687425
3012726,29379.993670687425
3014508,29379.993670687425
3016290,29379.993670687425
3018072,29379.993670687425
3019854,29379.993670687425
3021636,29379.993670687425
3023418,29379.993670687425
3025200,29379.993670687425
3026982,29379.993670687425
3028764,29379.993670687425
3002035,28191.69775395516
3003817,28191.69775395516
3005599,28191.69775395516
3007381,28191.69775395516
3009163,28191.69775395516
3010945,28191.69775395516
3012727,28191.69775395516
3014509,28191.69775395516
3016291,28191.69775395516
3018073,28191.69775395516
3019855,28191.69775395516
3021637,28191.69775395516
3023419,28191.69775395516
3025201,28191.69775395516
3026983,28191.69775395516
3028765,28191.69775395516
3002036,2393.167788136322
3003818,2393.167788136322
3005600,2393.167788136322
3007382,2393.167788136322
3009164,2393.167788136322
3010946,2393.167788136322
3012728,2393.167788136322
3014510,2393.167788136322
3016292,2393.167788136322
3018074,2393.167788136322
3019856,2393.167788136322
3021638,2393.167788136322
3023420,2393.167788136322
3025202,2393.167788136322
3026984,2393.167788136322
3028766,2393.167788136322
3002037,2393.167788136322
3003819,2393.167788136322
3005601,2393.167788136322
3007383,2393.167788136322
3009165,2393.167788136322
3010947,2393.167788136322
3012729,2393.167788136322
3014511,2393.167788136322
3016293,2393.167788136322
3018075,2393.167788136322
3019857,2393.167788136322
3021639,2393.167788136322
3023421,2393.167788136322
3025203,2393.167788136322
3026985,2393.167788136322
3028767,2393.167788136322
3002038,29379.993670687425
3003820,29379.993670687425
3005602,29379.993670687425
3007384,29379.993670687425
3009166,29379.993670687425
3010948,29379.993670687425
3012730,29379.993670687425
3014512,29379.993670687425
3016294,29379.993670687425
3018076,29379.993670687425
3019858,29379.993670687425
3021640,29379.993670687425
3023422,29379.993670687425
3025204,29379.993670687425
3026986,29379.993670687425
3028768,29379.993670687425
3002039,18867.114598218865
3003821,18867.114598218865
3005603,18867.114598218865
3007385,18867.114598218865
3009167,18867.114598218865
3010949,18867.114598218865
3012731,18867.114598218865
3014513,18867.114598218865
3016295,18867.114598218865
3018077,18867.114598218865
3019859,18867.114598218865
3021641,18867.114598218865
3023423,18867.114598218865
3025205,18867.114598218865
3026987,18867.114598218865
3028769,18867.114598218865
3002040,32530.527067124498
3003822,32530.527067124498
3005604,32530.527067124498
3007386,32530.527067124498
3009168,32530.527067124498
3010950,32530.527067124498
3012732,32530.527067124498
3014514,32530.527067124498
3016296,32530.527067124498
3018078,32530.527067124498
3019860,32530.527067124498
3021642,32530.527067124498
3023424,32530.527067124498
3025206,32530.527067124498
3026988,32530.527067124498
3028770,32530.527067124498
3002041,2393.167788136322
3003823,2393.167788136322
3005605,2393.167788136322
3007387,2393.167788136322
3009169,2393.167788136322
3010951,2393.167788136322
3012733,2393.167788136322
3014515,2393.167788136322
3016297,2393.167788136322
3018079,2393.167788136322
3019861,2393.167788136322
3021643,2393.167788136322
3023425,2393.167788136322
3025207,2393.167788136322
3026989,2393.167788136322
3028771,2393.167788136322
3002042,2393.167788136322
3003824,2393.167788136322
3005606,2393.167788136322
3007388,2393.167788136322
3009170,2393.167788136322
3010952,2393.167788136322
3012734,2393.167788136322
3014516,2393.167788136322
3016298,2393.167788136322
3018080,2393.167788136322
3019862,2393.167788136322
3021644,2393.167788136322
3023426,2393.167788136322
3025208,2393.167788136322
3026990,2393.167788136322
3028772,2393.167788136322
3002043,2393.167788136322
3003825,2393.167788136322
3005607,2393.167788136322
3007389,2393.167788136322
3009171,2393.167788136322
3010953,2393.167788136322
3012735,2393.167788136322
3014517,2393.167788136322
3016299,2393.167788136322
3018081,2393.167788136322
3019863,2393.167788136322
3021645,2393.167788136322
3023427,2393.167788136322
3025209,2393.167788136322
3026991,2393.167788136322
3028773,2393.167788136322
3002044,2393.167788136322
3003826,2393.167788136322
3005608,2393.167788136322
3007390,2393.167788136322
3009172,2393.167788136322
3010954,2393.167788136322
3012736,2393.167788136322
3014518,2393.167788136322
3016300,2393.167788136322
3018082,2393.167788136322
3019864,2393.167788136322
3021646,2393.167788136322
3023428,2393.167788136322
3025210,2393.167788136322
3026992,2393.167788136322
3028774,2393.167788136322
3002045,2393.167788136322
3003827,2393.167788136322
3005609,2393.167788136322
3007391,2393.167788136322
3009173,2393.167788136322
3010955,2393.167788136322
3012737,2393.167788136322
3014519,2393.167788136322
3016301,2393.167788136322
3018083,2393.167788136322
3019865,2393.167788136322
3021647,2393.167788136322
3023429,2393.167788136322
3025211,2393.167788136322
3026993,2393.167788136322
3028775,2393.167788136322
3002046,3.007842063574425e+108
3003828,3.007842063574425e+108
3005610,3.007842063574425e+108
3007392,3.007842063574425e+108
3009174,3.007842063574425e+108
3010956,3.007842063574425e+108
3012738,3.007842063574425e+108
3014520,3.007842063574425e+108
3016302,3.007842063574425e+108
3018084,3.007842063574425e+108
3019866,3.007842063574425e+108
3021648,3.007842063574425e+108
3023430,3.007842063574425e+108
3025212,3.007842063574425e+108
3026994,3.007842063574425e+108
3028776,3.007842063574425e+108
3002047,2393.167788136322
3003829,2393.167788136322
3005611,2393.167788136322
3007393,2393.167788136322
3009175,2393.167788136322
3010957,2393.167788136322
3012739,2393.167788136322
3014521,2393.167788136322
3016303,2393.167788136322
3018085,2393.167788136322
3019867,2393.167788136322
3021649,2393.167788136322
3023431,2393.167788136322
3025213,2393.167788136322
3026995,2393.167788136322
3028777,2393.167788136322
3002048,29379.993670687425
3003830,29379.993670687425
3005612,29379.993670687425
3007394,29379.993670687425
3009176,29379.993670687425
3010958,29379.993670687425
3012740,29379.993670687425
3014522,29379.993670687425
3016304,29379.993670687425
3018086,29379.993670687425
3019868,29379.993670687425
3021650,29379.993670687425
3023432,29379.993670687425
3025214,29379.993670687425
3026996,29379.993670687425
3028778,29379.993670687425
3002049,2393.167788136322
3003831,2393.167788136322
3005613,2393.167788136322
3007395,2393.167788136322
3009177,2393.167788136322
3010959,2393.167788136322
3012741,2393.167788136322
3014523,2393.167788136322
3016305,2393.167788136322
3018087,2393.167788136322
3019869,2393.167788136322
3021651,2393.167788136322
3023433,2393.167788136322
3025215,2393.167788136322
3026997,2393.167788136322
3028779,2393.167788136322
3002050,1.4890016199601365e+39
3003832,1.4890016199601365e+39
3005614,1.4890016199601365e+39
3007396,1.4890016199601365e+39
3009178,1.4890016199601365e+39
3010960,1.4890016199601365e+39
3012742,1.4890016199601365e+39
3014524,1.4890016199601365e+39
3016306,1.4890016199601365e+39
3018088,1.4890016199601365e+39
3019870,1.4890016199601365e+39
3021652,1.4890016199601365e+39
3023434,1.4890016199601365e+39
3025216,1.4890016199601365e+39
3026998,1.4890016199601365e+39
3028780,1.4890016199601365e+39
3002051,32530.527067124498
3003833,32530.527067124498
3005615,32530.527067124498
3007397,32530.527067124498
3009179,32530.527067124498
3010961,32530.527067124498
3012743,32530.527067124498
3014525,32530.527067124498
3016307,32530.527067124498
3018089,32530.527067124498
3019871,32530.527067124498
3021653,32530.527067124498
3023435,32530.527067124498
3025217,32530.527067124498
3026999,32530.527067124498
3028781,32530.527067124498
3002052,28191.69775395516
3003834,28191.69775395516
3005616,28191.69775395516
3007398,28191.69775395516
3009180,28191.69775395516
3010962,28191.69775395516
3012744,28191.69775395516
3014526,28191.69775395516
3016308,28191.69775395516
3018090,28191.69775395516
3019872,28191.69775395516
3021654,28191.69775395516
3023436,28191.69775395516
3025218,28191.69775395516
3027000,28191.69775395516
3028782,28191.69775395516
3002053,28191.69775395516
3003835,28191.69775395516
3005617,28191.69775395516
3007399,28191.69775395516
3009181,28191.69775395516
3010963,28191.69775395516
3012745,28191.69775395516
3014527,28191.69775395516
3016309,28191.69775395516
3018091,28191.69775395516
3019873,28191.69775395516
3021655,28191.69775395516
3023437,28191.69775395516
3025219,28191.69775395516
3027001,28191.69775395516
3028783,28191.69775395516
3002054,25447.284195908585
3003836,25447.284195908585
3005618,25447.284195908585
3007400,25447.284195908585
3009182,25447.284195908585
3010964,25447.284195908585
3012746,25447.284195908585
3014528,25447.284195908585
3016310,25447.284195908585
3018092,25447.284195908585
3019874,25447.284195908585
3021656,25447.284195908585
3023438,25447.284195908585
3025220,25447.284195908585
3027002,25447.284195908585
3028784,25447.284195908585
3002055,4.041054834009305e+87
3003837,4.041054834009305e+87
3005619,4.041054834009305e+87
3007401,6.42029037014039e+90
3009183,6.42029037014039e+90
3010965,4.041054834009305e+87
3012747,4.041054834009305e+87
3014529,4.041054834009305e+87
3016311,4.041054834009305e+87
3018093,4.041054834009305e+87
3019875,6.42029037014039e+90
3021657,6.42029037014039e+90
3023439,4.041054834009305e+87
3025221,4.041054834009305e+87
3027003,4.041054834009305e+87
3028785,4.041054834009305e+87
3002056,2393.167788136322
3003838,2393.167788136322
3005620,2393.167788136322
3007402,2393.167788136322
3009184,2393.167788136322
3010966,2393.167788136322
3012748,2393.167788136322
3014530,2393.167788136322
3016312,2393.167788136322
3018094,2393.167788136322
3019876,2393.167788136322
3021658,2393.167788136322
3023440,2393.167788136322
3025222,2393.167788136322
3027004,2393.167788136322
3028786,2393.167788136322
3002057,2393.167788136322
3003839,2393.167788136322
3005621,2393.167788136322
3007403,2393.167788136322
3009185,2393.167788136322
3010967,2393.167788136322
3012749,2393.167788136322
3014531,2393.167788136322
3016313,2393.167788136322
3018095,2393.167788136322
3019877,2393.167788136322
3021659,2393.167788136322
3023441,2393.167788136322
3025223,2393.167788136322
3027005,2393.167788136322
3028787,2393.167788136322
3002058,2393.167788136322
3003840,2393.167788136322
3005622,2393.167788136322
3007404,2393.167788136322
3009186,2393.167788136322
3010968,2393.167788136322
3012750,2393.167788136322
3014532,2393.167788136322
3016314,2393.167788136322
3018096,2393.167788136322
3019878,2393.167788136322
3021660,2393.167788136322
3023442,2393.167788136322
3025224,2393.167788136322
3027006,2393.167788136322
3028788,2393.167788136322
3002059,2393.167788136322
3003841,2393.167788136322
3005623,2393.167788136322
3007405,2393.167788136322
3009187,2393.167788136322
3010969,2393.167788136322
3012751,2393.167788136322
3014533,2393.167788136322
3016315,2393.167788136322
3018097,2393.167788136322
3019879,2393.167788136322
3021661,2393.167788136322
3023443,2393.167788136322
3025225,2393.167788136322
3027007,2393.167788136322
3028789,2393.167788136322
3002060,2393.167788136322
3003842,2393.167788136322
3005624,2393.167788136322
3007406,2393.167788136322
3009188,2393.167788136322
3010970,2393.167788136322
3012752,2393.167788136322
3014534,2393.167788136322
3016316,2393.167788136322
3018098,2393.167788136322
3019880,2393.167788136322
3021662,2393.167788136322
3023444,2393.167788136322
3025226,2393.167788136322
3027008,2393.167788136322
3028790,2393.167788136322
3002061,2393.167788136322
3003843,2393.167788136322
3005625,2393.167788136322
3007407,2393.167788136322
3009189,2393.167788136322
3010971,2393.167788136322
3012753,2393.167788136322
3014535,2393.167788136322
3016317,2393.167788136322
3018099,2393.167788136322
3019881,2393.167788136322
3021663,2393.167788136322
3023445,2393.167788136322
3025227,2393.167788136322
3027009,2393.167788136322
3028791,2393.167788136322
3002062,2393.167788136322
3003844,2393.167788136322
3005626,2393.167788136322
3007408,2393.167788136322
3009190,2393.167788136322
3010972,2393.167788136322
3012754,2393.167788136322
3014536,2393.167788136322
3016318,2393.167788136322
3018100,2393.167788136322
3019882,2393.167788136322
3021664,2393.167788136322
3023446,2393.167788136322
3025228,2393.167788136322
3027010,2393.167788136322
3028792,2393.167788136322
3002063,2393.167788136322
3003845,2393.167788136322
3005627,2393.167788136322
3007409,2393.167788136322
3009191,2393.167788136322
3010973,2393.167788136322
3012755,2393.167788136322
3014537,2393.167788136322
3016319,2393.167788136322
3018101,2393.167788136322
3019883,2393.167788136322
3021665,2393.167788136322
3023447,2393.167788136322
3025229,2393.167788136322
3027011,2393.167788136322
3028793,2393.167788136322
3002064,2393.167788136322
3003846,2393.167788136322
3005628,2393.167788136322
3007410,2393.167788136322
3009192,2393.167788136322
3010974,2393.167788136322
3012756,2393.167788136322
3014538,2393.167788136322
3016320,2393.167788136322
3018102,2393.167788136322
3019884,2393.167788136322
3021666,2393.167788136322
3023448,2393.167788136322
3025230,2393.167788136322
3027012,2393.167788136322
3028794,2393.167788136322
3002065,13755.84775951168
3003847,13755.84775951168
3005629,13755.84775951168
3007411,13755.84775951168
3009193,13755.84775951168
3010975,13755.84775951168
3012757,13755.84775951168
3014539,13755.84775951168
3016321,13755.84775951168
3018103,13755.84775951168
3019885,13755.84775951168
3021667,13755.84775951168
3023449,13755.84775951168
3025231,13755.84775951168
3027013,13755.84775951168
3028795,13755.84775951168
3002066,2393.167788136322
3003848,2393.167788136322
3005630,2393.167788136322
3007412,2393.167788136322
3009194,2393.167788136322
3010976,2393.167788136322
3012758,2393.167788136322
3014540,2393.167788136322
3016322,2393.167788136322
3018104,2393.167788136322
3019886,2393.167788136322
3021668,2393.167788136322
3023450,2393.167788136322
3025232,2393.167788136322
3027014,2393.167788136322
3028796,2393.167788136322
3002067,29379.993670687425
3003849,29379.993670687425
3005631,29379.993670687425
3007413,29379.993670687425
3009195,29379.993670687425
3010977,29379.993670687425
3012759,29379.993670687425
3014541,29379.993670687425
3016323,29379.993670687425
3018105,29379.993670687425
3019887,29379.993670687425
3021669,29379.993670687425
3023451,29379.993670687425
3025233,29379.993670687425
3027015,29379.993670687425
3028797,29379.993670687425
3002068,28191.69775395516
3003850,28191.69775395516
3005632,28191.69775395516
3007414,28191.69775395516
3009196,28191.69775395516
3010978,28191.69775395516
3012760,28191.69775395516
3014542,28191.69775395516
3016324,28191.69775395516
3018106,28191.69775395516
3019888,28191.69775395516
3021670,28191.69775395516
3023452,28191.69775395516
3025234,28191.69775395516
3027016,28191.69775395516
3028798,28191.69775395516
3002069,2393.167788136322
3003851,2393.167788136322
3005633,2393.167788136322
3007415,2393.167788136322
3009197,2393.167788136322
3010979,2393.167788136322
3012761,2393.167788136322
3014543,2393.167788136322
3016325,2393.167788136322
3018107,2393.167788136322
3019889,2393.167788136322
3021671,2393.167788136322
3023453,2393.167788136322
3025235,2393.167788136322
3027017,2393.167788136322
3028799,2393.167788136322
3002070,2393.167788136322
3003852,2393.167788136322
3005634,2393.167788136322
3007416,2393.167788136322
3009198,2393.167788136322
3010980,2393.167788136322
3012762,2393.167788136322
3014544,2393.167788136322
3016326,2393.167788136322
3018108,2393.167788136322
3019890,2393.167788136322
3021672,2393.167788136322
3023454,2393.167788136322
3025236,2393.167788136322
3027018,2393.167788136322
3028800,2393.167788136322
3002071,29379.993670687425
3003853,29379.993670687425
3005635,29379.993670687425
3007417,29379.993670687425
3009199,29379.993670687425
3010981,29379.993670687425
3012763,29379.993670687425
3014545,29379.993670687425
3016327,29379.993670687425
3018109,29379.993670687425
3019891,29379.993670687425
3021673,29379.993670687425
3023455,29379.993670687425
3025237,29379.993670687425
3027019,29379.993670687425
3028801,29379.993670687425
3002072,18867.114598218865
3003854,18867.114598218865
3005636,18867.114598218865
3007418,18867.114598218865
3009200,18867.114598218865
3010982,18867.114598218865
3012764,18867.114598218865
3014546,18867.114598218865
3016328,18867.114598218865
3018110,18867.114598218865
3019892,18867.114598218865
3021674,18867.114598218865
3023456,18867.114598218865
3025238,18867.114598218865
3027020,18867.114598218865
3028802,18867.114598218865
3002073,32530.527067124498
3003855,32530.527067124498
3005637,32530.527067124498
3007419,32530.527067124498
3009201,32530.527067124498
3010983,32530.527067124498
3012765,32530.527067124498
3014547,32530.527067124498
3016329,32530.527067124498
3018111,32530.527067124498
3019893,32530.527067124498
3021675,32530.527067124498
3023457,32530.527067124498
3025239,32530.527067124498
3027021,32530.527067124498
3028803,32530.527067124498
3002074,2393.167788136322
3003856,2393.167788136322
3005638,2393.167788136322
3007420,2393.167788136322
3009202,2393.167788136322
3010984,2393.167788136322
3012766,2393.167788136322
3014548,2393.167788136322
3016330,2393.167788136322
3018112,2393.167788136322
3019894,2393.167788136322
3021676,2393.167788136322
3023458,2393.167788136322
3025240,2393.167788136322
3027022,2393.167788136322
3028804,2393.167788136322
3002075,2393.167788136322
3003857,2393.167788136322
3005639,2393.167788136322
3007421,2393.167788136322
3009203,2393.167788136322
3010985,2393.167788136322
3012767,2393.167788136322
3014549,2393.167788136322
3016331,2393.167788136322
3018113,2393.167788136322
3019895,2393.167788136322
3021677,2393.167788136322
3023459,2393.167788136322
3025241,2393.167788136322
3027023,2393.167788136322
3028805,2393.167788136322
3002076,2393.167788136322
3003858,2393.167788136322
3005640,2393.167788136322
3007422,2393.167788136322
3009204,2393.167788136322
3010986,2393.167788136322
3012768,2393.167788136322
3014550,2393.167788136322
3016332,2393.167788136322
3018114,2393.167788136322
3019896,2393.167788136322
3021678,2393.167788136322
3023460,2393.167788136322
3025242,2393.167788136322
3027024,2393.167788136322
3028806,2393.167788136322
3002077,2393.167788136322
3003859,2393.167788136322
3005641,2393.167788136322
3007423,2393.167788136322
3009205,2393.167788136322
3010987,2393.167788136322
3012769,2393.167788136322
3014551,2393.167788136322
3016333,2393.167788136322
3018115,2393.167788136322
3019897,2393.167788136322
3021679,2393.167788136322
3023461,2393.167788136322
3025243,2393.167788136322
3027025,2393.167788136322
3028807,2393.167788136322
3002078,2393.167788136322
3003860,2393.167788136322
3005642,2393.167788136322
3007424,2393.167788136322
3009206,2393.167788136322
3010988,2393.167788136322
3012770,2393.167788136322
3014552,2393.167788136322
3016334,2393.167788136322
3018116,2393.167788136322
3019898,2393.167788136322
3021680,2393.167788136322
3023462,2393.167788136322
3025244,2393.167788136322
3027026,2393.167788136322
3028808,2393.167788136322
3002079,3.007842063574425e+108
3003861,3.007842063574425e+108
3005643,3.007842063574425e+108
3007425,3.007842063574425e+108
3009207,3.007842063574425e+108
3010989,3.007842063574425e+108
3012771,3.007842063574425e+108
3014553,3.007842063574425e+108
3016335,3.007842063574425e+108
3018117,3.007842063574425e+108
3019899,3.007842063574425e+108
3021681,3.007842063574425e+108
3023463,3.007842063574425e+108
3025245,3.007842063574425e+108
3027027,3.007842063574425e+108
3028809,3.007842063574425e+108
3002080,2393.167788136322
3003862,2393.167788136322
3005644,2393.167788136322
3007426,2393.167788136322
3009208,2393.167788136322
3010990,2393.167788136322
3012772,2393.167788136322
3014554,2393.167788136322
3016336,2393.167788136322
3018118,2393.167788136322
3019900,2393.167788136322
3021682,2393.167788136322
3023464,2393.167788136322
3025246,2393.167788136322
3027028,2393.167788136322
3028810,2393.167788136322
3002081,29379.993670687425
3003863,29379.993670687425
3005645,29379.993670687425
3007427,29379.993670687425
3009209,29379.993670687425
3010991,29379.993670687425
3012773,29379.993670687425
3014555,29379.993670687425
3016337,29379.993670687425
3018119,29379.993670687425
3019901,29379.993670687425
3021683,29379.993670687425
3023465,29379.993670687425
3025247,29379.993670687425
3027029,29379.993670687425
3028811,29379.993670687425
3002082,2393.167788136322
3003864,2393.167788136322
3005646,2393.167788136322
3007428,2393.167788136322
3009210,2393.167788136322
3010992,2393.167788136322
3012774,2393.167788136322
3014556,2393.167788136322
3016338,2393.167788136322
3018120,2393.167788136322
3019902,2393.167788136322
3021684,2393.167788136322
3023466,2393.167788136322
3025248,2393.167788136322
3027030,2393.167788136322
3028812,2393.167788136322
3002083,1.4890016199601365e+39
3003865,1.4890016199601365e+39
3005647,1.4890016199601365e+39
3007429,1.4890016199601365e+39
3009211,1.4890016199601365e+39
3010993,1.4890016199601365e+39
3012775,1.4890016199601365e+39
3014557,1.4890016199601365e+39
3016339,1.4890016199601365e+39
3018121,1.4890016199601365e+39
3019903,1.4890016199601365e+39
3021685,1.4890016199601365e+39
3023467,1.4890016199601365e+39
3025249,1.4890016199601365e+39
3027031,1.4890016199601365e+39
3028813,1.4890016199601365e+39
3002084,32530.527067124498
3003866,32530.527067124498
3005648,32530.527067124498
3007430,32530.527067124498
3009212,32530.527067124498
3010994,32530.527067124498
3012776,32530.527067124498
3014558,32530.527067124498
3016340,32530.527067124498
3018122,32530.527067124498
3019904,32530.527067124498
3021686,32530.527067124498
3023468,32530.527067124498
3025250,32530.527067124498
3027032,32530.527067124498
3028814,32530.527067124498
3002085,28191.69775395516
3003867,28191.69775395516
3005649,28191.69775395516
3007431,28191.69775395516
3009213,28191.69775395516
3010995,28191.69775395516
3012777,28191.69775395516
3014559,28191.69775395516
3016341,28191.69775395516
3018123,28191.69775395516
3019905,28191.69775395516
3021687,28191.69775395516
3023469,28191.69775395516
3025251,28191.69775395516
3027033,28191.69775395516
3028815,28191.69775395516
3002086,28191.69775395516
3003868,28191.69775395516
3005650,28191.69775395516
3007432,28191.69775395516
3009214,28191.69775395516
3010996,28191.69775395516
3012778,28191.69775395516
3014560,28191.69775395516
3016342,28191.69775395516
3018124,28191.69775395516
3019906,28191.69775395516
3021688,28191.69775395516
3023470,28191.69775395516
3025252,28191.69775395516
3027034,28191.69775395516
3028816,28191.69775395516
3002087,25447.284195908585
3003869,25447.284195908585
3005651,25447.284195908585
3007433,25447.284195908585
3009215,25447.284195908585
3010997,25447.284195908585
3012779,25447.284195908585
3014561,25447.284195908585
3016343,25447.284195908585
3018125,25447.284195908585
3019907,25447.284195908585
3021689,25447.284195908585
3023471,25447.284195908585
3025253,25447.284195908585
3027035,25447.284195908585
3028817,25447.284195908585
3002088,4.041054834009305e+87
3003870,4.041054834009305e+87
3005652,4.041054834009305e+87
3007434,6.42029037014039e+90
3009216,6.42029037014039e+90
3010998,4.041054834009305e+87
3012780,4.041054834009305e+87
3014562,4.041054834009305e+87
3016344,4.041054834009305e+87
3018126,4.041054834009305e+87
3019908,6.42029037014039e+90
3021690,6.42029037014039e+90
3023472,4.041054834009305e+87
3025254,4.041054834009305e+87
3027036,4.041054834009305e+87
3028818,4.041054834009305e+87
3002089,2393.167788136322
3003871,2393.167788136322
3005653,2393.167788136322
3007435,2393.167788136322
3009217,2393.167788136322
3010999,2393.167788136322
3012781,2393.167788136322
3014563,2393.167788136322
3016345,2393.167788136322
3018127,2393.167788136322
3019909,2393.167788136322
3021691,2393.167788136322
3023473,2393.167788136322
3025255,2393.167788136322
3027037,2393.167788136322
3028819,2393.167788136322
3002090,2393.167788136322
3003872,2393.167788136322
3005654,2393.167788136322
3007436,2393.167788136322
3009218,2393.167788136322
3011000,2393.167788136322
3012782,2393.167788136322
3014564,2393.167788136322
3016346,2393.167788136322
3018128,2393.167788136322
3019910,2393.167788136322
3021692,2393.167788136322
3023474,2393.167788136322
3025256,2393.167788136322
3027038,2393.167788136322
3028820,2393.167788136322
3002091,2393.167788136322
3003873,2393.167788136322
3005655,2393.167788136322
3007437,2393.167788136322
3009219,2393.167788136322
3011001,2393.167788136322
3012783,2393.167788136322
3014565,2393.167788136322
3016347,2393.167788136322
3018129,2393.167788136322
3019911,2393.167788136322
3021693,2393.167788136322
3023475,2393.167788136322
3025257,2393.167788136322
3027039,2393.167788136322
3028821,2393.167788136322
3002092,2393.167788136322
3003874,2393.167788136322
3005656,2393.167788136322
3007438,2393.167788136322
3009220,2393.167788136322
3011002,2393.167788136322
3012784,2393.167788136322
3014566,2393.167788136322
3016348,2393.167788136322
3018130,2393.167788136322
3019912,2393.167788136322
3021694,2393.167788136322
3023476,2393.167788136322
3025258,2393.167788136322
3027040,2393.167788136322
3028822,2393.167788136322
3002093,2393.167788136322
3003875,2393.167788136322
3005657,2393.167788136322
3007439,2393.167788136322
3009221,2393.167788136322
3011003,2393.167788136322
3012785,2393.167788136322
3014567,2393.167788136322
3016349,2393.167788136322
3018131,2393.167788136322
3019913,2393.167788136322
3021695,2393.167788136322
3023477,2393.167788136322
3025259,2393.167788136322
3027041,2393.167788136322
3028823,2393.167788136322
3002094,2393.167788136322
3003876,2393.167788136322
3005658,2393.167788136322
3007440,2393.167788136322
3009222,2393.167788136322
3011004,2393.167788136322
3012786,2393.167788136322
3014568,2393.167788136322
3016350,2393.167788136322
3018132,2393.167788136322
3019914,2393.167788136322
3021696,2393.167788136322
3023478,2393.167788136322
3025260,2393.167788136322
3027042,2393.167788136322
3028824,2393.167788136322
3002095,2393.167788136322
3003877,2393.167788136322
3005659,2393.167788136322
3007441,2393.167788136322
3009223,2393.167788136322
3011005,2393.167788136322
3012787,2393.167788136322
3014569,2393.167788136322
3016351,2393.167788136322
3018133,2393.167788136322
3019915,2393.167788136322
3021697,2393.167788136322
3023479,2393.167788136322
3025261,2393.167788136322
3027043,2393.167788136322
3028825,2393.167788136322
3002096,2393.167788136322
3003878,2393.167788136322
3005660,2393.167788136322
3007442,2393.167788136322
3009224,2393.167788136322
3011006,2393.167788136322
3012788,2393.167788136322
3014570,2393.167788136322
3016352,2393.167788136322
3018134,2393.167788136322
3019916,2393.167788136322
3021698,2393.167788136322
3023480,2393.167788136322
3025262,2393.167788136322
3027044,2393.167788136322
3028826,2393.167788136322
3002097,2393.167788136322
3003879,2393.167788136322
3005661,2393.167788136322
3007443,2393.167788136322
3009225,2393.167788136322
3011007,2393.167788136322
3012789,2393.167788136322
3014571,2393.167788136322
3016353,2393.167788136322
3018135,2393.167788136322
3019917,2393.167788136322
3021699,2393.167788136322
3023481,2393.167788136322
3025263,2393.167788136322
3027045,2393.167788136322
3028827,2393.167788136322
3002098,13755.84775951168
3003880,13755.84775951168
3005662,13755.84775951168
3007444,13755.84775951168
3009226,13755.84775951168
3011008,13755.84775951168
3012790,13755.84775951168
3014572,13755.84775951168
3016354,13755.84775951168
3018136,13755.84775951168
3019918,13755.84775951168
3021700,13755.84775951168
3023482,13755.84775951168
3025264,13755.84775951168
3027046,13755.84775951168
3028828,13755.84775951168
3002099,2393.167788136322
3003881,2393.167788136322
3005663,2393.167788136322
3007445,2393.167788136322
3009227,2393.167788136322
3011009,2393.167788136322
3012791,2393.167788136322
3014573,2393.167788136322
3016355,2393.167788136322
3018137,2393.167788136322
3019919,2393.167788136322
3021701,2393.167788136322
3023483,2393.167788136322
3025265,2393.167788136322
3027047,2393.167788136322
3028829,2393.167788136322
3002100,29379.993670687425
3003882,29379.993670687425
3005664,29379.993670687425
3007446,29379.993670687425
3009228,29379.993670687425
3011010,29379.993670687425
3012792,29379.993670687425
3014574,29379.993670687425
3016356,29379.993670687425
3018138,29379.993670687425
3019920,29379.993670687425
3021702,29379.993670687425
3023484,29379.993670687425
3025266,29379.993670687425
3027048,29379.993670687425
3028830,29379.993670687425
3002101,28191.69775395516
3003883,28191.69775395516
3005665,28191.69775395516
3007447,28191.69775395516
3009229,28191.69775395516
3011011,28191.69775395516
3012793,28191.69775395516
3014575,28191.69775395516
3016357,28191.69775395516
3018139,28191.69775395516
3019921,28191.69775395516
3021703,28191.69775395516
3023485,28191.69775395516
3025267,28191.69775395516
3027049,28191.69775395516
3028831,28191.69775395516
3002102,2393.167788136322
3003884,2393.167788136322
3005666,2393.167788136322
3007448,2393.167788136322
3009230,2393.167788136322
3011012,2393.167788136322
3012794,2393.167788136322
3014576,2393.167788136322
3016358,2393.167788136322
3018140,2393.167788136322
3019922,2393.167788136322
3021704,2393.167788136322
3023486,2393.167788136322
3025268,2393.167788136322
3027050,2393.167788136322
3028832,2393.167788136322
3002103,2393.167788136322
3003885,2393.167788136322
3005667,2393.167788136322
3007449,2393.167788136322
3009231,2393.167788136322
3011013,2393.167788136322
3012795,2393.167788136322
3014577,2393.167788136322
3016359,2393.167788136322
3018141,2393.167788136322
3019923,2393.167788136322
3021705,2393.167788136322
3023487,2393.167788136322
3025269,2393.167788136322
3027051,2393.167788136322
3028833,2393.167788136322
3002104,29379.993670687425
3003886,29379.993670687425
3005668,29379.993670687425
3007450,29379.993670687425
3009232,29379.993670687425
3011014,29379.993670687425
3012796,29379.993670687425
3014578,29379.993670687425
3016360,29379.993670687425
3018142,29379.993670687425
3019924,29379.993670687425
3021706,29379.993670687425
3023488,29379.993670687425
3025270,29379.993670687425
3027052,29379.993670687425
3028834,29379.993670687425
3002105,18867.114598218865
3003887,18867.114598218865
3005669,18867.114598218865
3007451,18867.114598218865
3009233,18867.114598218865
3011015,18867.114598218865
3012797,18867.114598218865
3014579,18867.114598218865
3016361,18867.114598218865
3018143,18867.114598218865
3019925,18867.114598218865
3021707,18867.114598218865
3023489,18867.114598218865
3025271,18867.114598218865
3027053,18867.114598218865
3028835,18867.114598218865
3002106,32530.527067124498
3003888,32530.527067124498
3005670,32530.527067124498
3007452,32530.527067124498
3009234,32530.527067124498
3011016,32530.527067124498
3012798,32530.527067124498
3014580,32530.527067124498
3016362,32530.527067124498
3018144,32530.527067124498
3019926,32530.527067124498
3021708,32530.527067124498
3023490,32530.527067124498
3025272,32530.527067124498
3027054,32530.527067124498
3028836,32530.527067124498
3002107,2393.167788136322
3003889,2393.167788136322
3005671,2393.167788136322
3007453,2393.167788136322
3009235,2393.167788136322
3011017,2393.167788136322
3012799,2393.167788136322
3014581,2393.167788136322
3016363,2393.167788136322
3018145,2393.167788136322
3019927,2393.167788136322
3021709,2393.167788136322
3023491,2393.167788136322
3025273,2393.167788136322
3027055,2393.167788136322
3028837,2393.167788136322
3002108,2393.167788136322
3003890,2393.167788136322
3005672,2393.167788136322
3007454,2393.167788136322
3009236,2393.167788136322
3011018,2393.167788136322
3012800,2393.167788136322
3014582,2393.167788136322
3016364,2393.167788136322
3018146,2393.167788136322
3019928,2393.167788136322
3021710,2393.167788136322
3023492,2393.167788136322
3025274,2393.167788136322
3027056,2393.167788136322
3028838,2393.167788136322
3002109,2393.167788136322
3003891,2393.167788136322
3005673,2393.167788136322
3007455,2393.167788136322
3009237,2393.167788136322
3011019,2393.167788136322
3012801,2393.167788136322
3014583,2393.167788136322
3016365,2393.167788136322
3018147,2393.167788136322
3019929,2393.167788136322
3021711,2393.167788136322
3023493,2393.167788136322
3025275,2393.167788136322
3027057,2393.167788136322
3028839,2393.167788136322
3002110,2393.167788136322
3003892,2393.167788136322
3005674,2393.167788136322
3007456,2393.167788136322
3009238,2393.167788136322
3011020,2393.167788136322
3012802,2393.167788136322
3014584,2393.167788136322
3016366,2393.167788136322
3018148,2393.167788136322
3019930,2393.167788136322
3021712,2393.167788136322
3023494,2393.167788136322
3025276,2393.167788136322
3027058,2393.167788136322
3028840,2393.167788136322
3002111,2393.167788136322
3003893,2393.167788136322
3005675,2393.167788136322
3007457,2393.167788136322
3009239,2393.167788136322
3011021,2393.167788136322
3012803,2393.167788136322
3014585,2393.167788136322
3016367,2393.167788136322
3018149,2393.167788136322
3019931,2393.167788136322
3021713,2393.167788136322
3023495,2393.167788136322
3025277,2393.167788136322
3027059,2393.167788136322
3028841,2393.167788136322
3002112,3.007842063574425e+108
3003894,3.007842063574425e+108
3005676,3.007842063574425e+108
3007458,3.007842063574425e+108
3009240,3.007842063574425e+108
3011022,3.007842063574425e+108
3012804,3.007842063574425e+108
3014586,3.007842063574425e+108
3016368,3.007842063574425e+108
3018150,3.007842063574425e+108
3019932,3.007842063574425e+108
3021714,3.007842063574425e+108
3023496,3.007842063574425e+108
3025278,3.007842063574425e+108
3027060,3.007842063574425e+108
3028842,3.007842063574425e+108
3002113,2393.167788136322
3003895,2393.167788136322
3005677,2393.167788136322
3007459,2393.167788136322
3009241,2393.167788136322
3011023,2393.167788136322
3012805,2393.167788136322
3014587,2393.167788136322
3016369,2393.167788136322
3018151,2393.167788136322
3019933,2393.167788136322
3021715,2393.167788136322
3023497,2393.167788136322
3025279,2393.167788136322
3027061,2393.167788136322
3028843,2393.167788136322
3002114,29379.993670687425
3003896,29379.993670687425
3005678,29379.993670687425
3007460,29379.993670687425
3009242,29379.993670687425
3011024,29379.993670687425
3012806,29379.993670687425
3014588,29379.993670687425
3016370,29379.993670687425
3018152,29379.993670687425
3019934,29379.993670687425
3021716,29379.993670687425
3023498,29379.993670687425
3025280,29379.993670687425
3027062,29379.993670687425
3028844,29379.993670687425
3002115,2393.167788136322
3003897,2393.167788136322
3005679,2393.167788136322
3007461,2393.167788136322
3009243,2393.167788136322
3011025,2393.167788136322
3012807,2393.167788136322
3014589,2393.167788136322
3016371,2393.167788136322
3018153,2393.167788136322
3019935,2393.167788136322
3021717,2393.167788136322
3023499,2393.167788136322
3025281,2393.167788136322
3027063,2393.167788136322
3028845,2393.167788136322
3002116,1.4890016199601365e+39
3003898,1.4890016199601365e+39
3005680,1.4890016199601365e+39
3007462,1.4890016199601365e+39
3009244,1.4890016199601365e+39
3011026,1.4890016199601365e+39
3012808,1.4890016199601365e+39
3014590,1.4890016199601365e+39
3016372,1.4890016199601365e+39
3018154,1.4890016199601365e+39
3019936,1.4890016199601365e+39
3021718,1.4890016199601365e+39
3023500,1.4890016199601365e+39
3025282,1.4890016199601365e+39
3027064,1.4890016199601365e+39
3028846,1.4890016199601365e+39
3002117,32530.527067124498
3003899,32530.527067124498
3005681,32530.527067124498
3007463,32530.527067124498
3009245,32530.527067124498
3011027,32530.527067124498
3012809,32530.527067124498
3014591,32530.527067124498
3016373,32530.527067124498
3018155,32530.527067124498
3019937,32530.527067124498
3021719,32530.527067124498
3023501,32530.527067124498
3025283,32530.527067124498
3027065,32530.527067124498
3028847,32530.527067124498
3002118,28191.69775395516
3003900,28191.69775395516
3005682,28191.69775395516
3007464,28191.69775395516
3009246,28191.69775395516
3011028,28191.69775395516
3012810,28191.69775395516
3014592,28191.69775395516
3016374,28191.69775395516
3018156,28191.69775395516
3019938,28191.69775395516
3021720,28191.69775395516
3023502,28191.69775395516
3025284,28191.69775395516
3027066,28191.69775395516
3028848,28191.69775395516
3002119,28191.69775395516
3003901,28191.69775395516
3005683,28191.69775395516
3007465,28191.69775395516
3009247,28191.69775395516
3011029,28191.69775395516
3012811,28191.69775395516
3014593,28191.69775395516
3016375,28191.69775395516
3018157,28191.69775395516
3019939,28191.69775395516
3021721,28191.69775395516
3023503,28191.69775395516
3025285,28191.69775395516
3027067,28191.69775395516
3028849,28191.69775395516
3002120,25447.284195908585
3003902,25447.284195908585
3005684,25447.284195908585
3007466,25447.284195908585
3009248,25447.284195908585
3011030,25447.284195908585
3012812,25447.284195908585
3014594,25447.284195908585
3016376,25447.284195908585
3018158,25447.284195908585
3019940,25447.284195908585
3021722,25447.284195908585
3023504,25447.284195908585
3025286,25447.284195908585
3027068,25447.284195908585
3028850,25447.284195908585
3002121,4.041054834009305e+87
3003903,4.041054834009305e+87
3005685,4.041054834009305e+87
3007467,6.42029037014039e+90
3009249,6.42029037014039e+90
3011031,4.041054834009305e+87
3012813,4.041054834009305e+87
3014595,4.041054834009305e+87
3016377,4.041054834009305e+87
3018159,4.041054834009305e+87
3019941,6.42029037014039e+90
3021723,6.42029037014039e+90
3023505,4.041054834009305e+87
3025287,4.041054834009305e+87
3027069,4.041054834009305e+87
3028851,4.041054834009305e+87
3002122,2393.167788136322
3003904,2393.167788136322
3005686,2393.167788136322
3007468,2393.167788136322
3009250,2393.167788136322
3011032,2393.167788136322
3012814,2393.167788136322
3014596,2393.167788136322
3016378,2393.167788136322
3018160,2393.167788136322
3019942,2393.167788136322
3021724,2393.167788136322
3023506,2393.167788136322
3025288,2393.167788136322
3027070,2393.167788136322
3028852,2393.167788136322
3002123,2393.167788136322
3003905,2393.167788136322
3005687,2393.167788136322
3007469,2393.167788136322
3009251,2393.167788136322
3011033,2393.167788136322
3012815,2393.167788136322
3014597,2393.167788136322
3016379,2393.167788136322
3018161,2393.167788136322
3019943,2393.167788136322
3021725,2393.167788136322
3023507,2393.167788136322
3025289,2393.167788136322
3027071,2393.167788136322
3028853,2393.167788136322
3002124,2393.167788136322
3003906,2393.167788136322
3005688,2393.167788136322
3007470,2393.167788136322
3009252,2393.167788136322
3011034,2393.167788136322
3012816,2393.167788136322
3014598,2393.167788136322
3016380,2393.167788136322
3018162,2393.167788136322
3019944,2393.167788136322
3021726,2393.167788136322
3023508,2393.167788136322
3025290,2393.167788136322
3027072,2393.167788136322
3028854,2393.167788136322
3002125,2393.167788136322
3003907,2393.167788136322
3005689,2393.167788136322
3007471,2393.167788136322
3009253,2393.167788136322
3011035,2393.167788136322
3012817,2393.167788136322
3014599,2393.167788136322
3016381,2393.167788136322
3018163,2393.167788136322
3019945,2393.167788136322
3021727,2393.167788136322
3023509,2393.167788136322
3025291,2393.167788136322
3027073,2393.167788136322
3028855,2393.167788136322
3002126,2393.167788136322
3003908,2393.167788136322
3005690,2393.167788136322
3007472,2393.167788136322
3009254,2393.167788136322
3011036,2393.167788136322
3012818,2393.167788136322
3014600,2393.167788136322
3016382,2393.167788136322
3018164,2393.167788136322
3019946,2393.167788136322
3021728,2393.167788136322
3023510,2393.167788136322
3025292,2393.167788136322
3027074,2393.167788136322
3028856,2393.167788136322
3002127,2393.167788136322
3003909,2393.167788136322
3005691,2393.167788136322
3007473,2393.167788136322
3009255,2393.167788136322
3011037,2393.167788136322
3012819,2393.167788136322
3014601,2393.167788136322
3016383,2393.167788136322
3018165,2393.167788136322
3019947,2393.167788136322
3021729,2393.167788136322
3023511,2393.167788136322
3025293,2393.167788136322
3027075,2393.167788136322
3028857,2393.167788136322
3002128,2393.167788136322
3003910,2393.167788136322
3005692,2393.167788136322
3007474,2393.167788136322
3009256,2393.167788136322
3011038,2393.167788136322
3012820,2393.167788136322
3014602,2393.167788136322
3016384,2393.167788136322
3018166,2393.167788136322
3019948,2393.167788136322
3021730,2393.167788136322
3023512,2393.167788136322
3025294,2393.167788136322
3027076,2393.167788136322
3028858,2393.167788136322
3002129,2393.167788136322
3003911,2393.167788136322
3005693,2393.167788136322
3007475,2393.167788136322
3009257,2393.167788136322
3011039,2393.167788136322
3012821,2393.167788136322
3014603,2393.167788136322
3016385,2393.167788136322
3018167,2393.167788136322
3019949,2393.167788136322
3021731,2393.167788136322
3023513,2393.167788136322
3025295,2393.167788136322
3027077,2393.167788136322
3028859,2393.167788136322
3002130,2393.167788136322
3003912,2393.167788136322
3005694,2393.167788136322
3007476,2393.167788136322
3009258,2393.167788136322
3011040,2393.167788136322
3012822,2393.167788136322
3014604,2393.167788136322
3016386,2393.167788136322
3018168,2393.167788136322
3019950,2393.167788136322
3021732,2393.167788136322
3023514,2393.167788136322
3025296,2393.167788136322
3027078,2393.167788136322
3028860,2393.167788136322
3002131,13755.84775951168
3003913,13755.84775951168
3005695,13755.84775951168
3007477,13755.84775951168
3009259,13755.84775951168
3011041,13755.84775951168
3012823,13755.84775951168
3014605,13755.84775951168
3016387,13755.84775951168
3018169,13755.84775951168
3019951,13755.84775951168
3021733,13755.84775951168
3023515,13755.84775951168
3025297,13755.84775951168
3027079,13755.84775951168
3028861,13755.84775951168
3002132,2393.167788136322
3003914,2393.167788136322
3005696,2393.167788136322
3007478,2393.167788136322
3009260,2393.167788136322
3011042,2393.167788136322
3012824,2393.167788136322
3014606,2393.167788136322
3016388,2393.167788136322
3018170,2393.167788136322
3019952,2393.167788136322
3021734,2393.167788136322
3023516,2393.167788136322
3025298,2393.167788136322
3027080,2393.167788136322
3028862,2393.167788136322
3002133,29379.993670687425
3003915,29379.993670687425
3005697,29379.993670687425
3007479,29379.993670687425
3009261,29379.993670687425
3011043,29379.993670687425
3012825,29379.993670687425
3014607,29379.993670687425
3016389,29379.993670687425
3018171,29379.993670687425
3019953,29379.993670687425
3021735,29379.993670687425
3023517,29379.993670687425
3025299,29379.993670687425
3027081,29379.993670687425
3028863,29379.993670687425
3002134,28191.69775395516
3003916,28191.69775395516
3005698,28191.69775395516
3007480,28191.69775395516
3009262,28191.69775395516
3011044,28191.69775395516
3012826,28191.69775395516
3014608,28191.69775395516
3016390,28191.69775395516
3018172,28191.69775395516
3019954,28191.69775395516
3021736,28191.69775395516
3023518,28191.69775395516
3025300,28191.69775395516
3027082,28191.69775395516
3028864,28191.69775395516
3002135,2393.167788136322
3003917,2393.167788136322
3005699,2393.167788136322
3007481,2393.167788136322
3009263,2393.167788136322
3011045,2393.167788136322
3012827,2393.167788136322
3014609,2393.167788136322
3016391,2393.167788136322
3018173,2393.167788136322
3019955,2393.167788136322
3021737,2393.167788136322
3023519,2393.167788136322
3025301,2393.167788136322
3027083,2393.167788136322
3028865,2393.167788136322
3002136,2393.167788136322
3003918,2393.167788136322
3005700,2393.167788136322
3007482,2393.167788136322
3009264,2393.167788136322
3011046,2393.167788136322
3012828,2393.167788136322
3014610,2393.167788136322
3016392,2393.167788136322
3018174,2393.167788136322
3019956,2393.167788136322
3021738,2393.167788136322
3023520,2393.167788136322
3025302,2393.167788136322
3027084,2393.167788136322
3028866,2393.167788136322
3002137,29379.993670687425
3003919,29379.993670687425
3005701,29379.993670687425
3007483,29379.993670687425
3009265,29379.993670687425
3011047,29379.993670687425
3012829,29379.993670687425
3014611,29379.993670687425
3016393,29379.993670687425
3018175,29379.993670687425
3019957,29379.993670687425
3021739,29379.993670687425
3023521,29379.993670687425
3025303,29379.993670687425
3027085,29379.993670687425
3028867,29379.993670687425
3002138,18867.114598218865
3003920,18867.114598218865
3005702,18867.114598218865
3007484,18867.114598218865
3009266,18867.114598218865
3011048,18867.114598218865
3012830,18867.114598218865
3014612,18867.114598218865
3016394,18867.114598218865
3018176,18867.114598218865
3019958,18867.114598218865
3021740,18867.114598218865
3023522,18867.114598218865
3025304,18867.114598218865
3027086,18867.114598218865
3028868,18867.114598218865
3002139,32530.527067124498
3003921,32530.527067124498
3005703,32530.527067124498
3007485,32530.527067124498
3009267,32530.527067124498
3011049,32530.527067124498
3012831,32530.527067124498
3014613,32530.527067124498
3016395,32530.527067124498
3018177,32530.527067124498
3019959,32530.527067124498
3021741,32530.527067124498
3023523,32530.527067124498
3025305,32530.527067124498
3027087,32530.527067124498
3028869,32530.527067124498
3002140,2393.167788136322
3003922,2393.167788136322
3005704,2393.167788136322
3007486,2393.167788136322
3009268,2393.167788136322
3011050,2393.167788136322
3012832,2393.167788136322
3014614,2393.167788136322
3016396,2393.167788136322
3018178,2393.167788136322
3019960,2393.167788136322
3021742,2393.167788136322
3023524,2393.167788136322
3025306,2393.167788136322
3027088,2393.167788136322
3028870,2393.167788136322
3002141,2393.167788136322
3003923,2393.167788136322
3005705,2393.167788136322
3007487,2393.167788136322
3009269,2393.167788136322
3011051,2393.167788136322
3012833,2393.167788136322
3014615,2393.167788136322
3016397,2393.167788136322
3018179,2393.167788136322
3019961,2393.167788136322
3021743,2393.167788136322
3023525,2393.167788136322
3025307,2393.167788136322
3027089,2393.167788136322
3028871,2393.167788136322
3002142,2393.167788136322
3003924,2393.167788136322
3005706,2393.167788136322
3007488,2393.167788136322
3009270,2393.167788136322
3011052,2393.167788136322
3012834,2393.167788136322
3014616,2393.167788136322
3016398,2393.167788136322
3018180,2393.167788136322
3019962,2393.167788136322
3021744,2393.167788136322
3023526,2393.167788136322
3025308,2393.167788136322
3027090,2393.167788136322
3028872,2393.167788136322
3002143,2393.167788136322
3003925,2393.167788136322
3005707,2393.167788136322
3007489,2393.167788136322
3009271,2393.167788136322
3011053,2393.167788136322
3012835,2393.167788136322
3014617,2393.167788136322
3016399,2393.167788136322
3018181,2393.167788136322
3019963,2393.167788136322
3021745,2393.167788136322
3023527,2393.167788136322
3025309,2393.167788136322
3027091,2393.167788136322
3028873,2393.167788136322
3002144,2393.167788136322
3003926,2393.167788136322
3005708,2393.167788136322
3007490,2393.167788136322
3009272,2393.167788136322
3011054,2393.167788136322
3012836,2393.167788136322
3014618,2393.167788136322
3016400,2393.167788136322
3018182,2393.167788136322
3019964,2393.167788136322
3021746,2393.167788136322
3023528,2393.167788136322
3025310,2393.167788136322
3027092,2393.167788136322
3028874,2393.167788136322
3002145,3.007842063574425e+108
3003927,3.007842063574425e+108
3005709,3.007842063574425e+108
3007491,3.007842063574425e+108
3009273,3.007842063574425e+108
3011055,3.007842063574425e+108
3012837,3.007842063574425e+108
3014619,3.007842063574425e+108
3016401,3.007842063574425e+108
3018183,3.007842063574425e+108
3019965,3.007842063574425e+108
3021747,3.007842063574425e+108
3023529,3.007842063574425e+108
3025311,3.007842063574425e+108
3027093,3.007842063574425e+108
3028875,3.007842063574425e+108
3002146,2393.167788136322
3003928,2393.167788136322
3005710,2393.167788136322
3007492,2393.167788136322
3009274,2393.167788136322
3011056,2393.167788136322
3012838,2393.167788136322
3014620,2393.167788136322
3016402,2393.167788136322
3018184,2393.167788136322
3019966,2393.167788136322
3021748,2393.167788136322
3023530,2393.167788136322
3025312,2393.167788136322
3027094,2393.167788136322
3028876,2393.167788136322
3002147,29379.993670687425
3003929,29379.993670687425
3005711,29379.993670687425
3007493,29379.993670687425
3009275,29379.993670687425
3011057,29379.993670687425
3012839,29379.993670687425
3014621,29379.993670687425
3016403,29379.993670687425
3018185,29379.993670687425
3019967,29379.993670687425
3021749,29379.993670687425
3023531,29379.993670687425
3025313,29379.993670687425
3027095,29379.993670687425
3028877,29379.993670687425
3002148,2393.167788136322
3003930,2393.167788136322
3005712,2393.167788136322
3007494,2393.167788136322
3009276,2393.167788136322
3011058,2393.167788136322
3012840,2393.167788136322
3014622,2393.167788136322
3016404,2393.167788136322
3018186,2393.167788136322
3019968,2393.167788136322
3021750,2393.167788136322
3023532,2393.167788136322
3025314,2393.167788136322
3027096,2393.167788136322
3028878,2393.167788136322
3002149,1.4890016199601365e+39
3003931,1.4890016199601365e+39
3005713,1.4890016199601365e+39
3007495,1.4890016199601365e+39
3009277,1.4890016199601365e+39
3011059,1.4890016199601365e+39
3012841,1.4890016199601365e+39
3014623,1.4890016199601365e+39
3016405,1.4890016199601365e+39
3018187,1.4890016199601365e+39
3019969,1.4890016199601365e+39
3021751,1.4890016199601365e+39
3023533,1.4890016199601365e+39
3025315,1.4890016199601365e+39
3027097,1.4890016199601365e+39
3028879,1.4890016199601365e+39
3002150,32530.527067124498
3003932,32530.527067124498
3005714,32530.527067124498
3007496,32530.527067124498
3009278,32530.527067124498
3011060,32530.527067124498
3012842,32530.527067124498
3014624,32530.527067124498
3016406,32530.527067124498
3018188,32530.527067124498
3019970,32530.527067124498
3021752,32530.527067124498
3023534,32530.527067124498
3025316,32530.527067124498
3027098,32530.527067124498
3028880,32530.527067124498
3002151,28191.69775395516
3003933,28191.69775395516
3005715,28191.69775395516
3007497,28191.69775395516
3009279,28191.69775395516
3011061,28191.69775395516
3012843,28191.69775395516
3014625,28191.69775395516
3016407,28191.69775395516
3018189,28191.69775395516
3019971,28191.69775395516
3021753,28191.69775395516
3023535,28191.69775395516
3025317,28191.69775395516
3027099,28191.69775395516
3028881,28191.69775395516
3002152,28191.69775395516
3003934,28191.69775395516
3005716,28191.69775395516
3007498,28191.69775395516
3009280,28191.69775395516
3011062,28191.69775395516
3012844,28191.69775395516
3014626,28191.69775395516
3016408,28191.69775395516
3018190,28191.69775395516
3019972,28191.69775395516
3021754,28191.69775395516
3023536,28191.69775395516
3025318,28191.69775395516
3027100,28191.69775395516
3028882,28191.69775395516
3002153,25447.284195908585
3003935,25447.284195908585
3005717,25447.284195908585
3007499,25447.284195908585
3009281,25447.284195908585
3011063,25447.284195908585
3012845,25447.284195908585
3014627,25447.284195908585
3016409,25447.284195908585
3018191,25447.284195908585
3019973,25447.284195908585
3021755,25447.284195908585
3023537,25447.284195908585
3025319,25447.284195908585
3027101,25447.284195908585
3028883,25447.284195908585
3002154,4.041054834009305e+87
3003936,4.041054834009305e+87
3005718,4.041054834009305e+87
3007500,6.42029037014039e+90
3009282,6.42029037014039e+90
3011064,4.041054834009305e+87
3012846,4.041054834009305e+87
3014628,4.041054834009305e+87
3016410,4.041054834009305e+87
3018192,4.041054834009305e+87
3019974,6.42029037014039e+90
3021756,6.42029037014039e+90
3023538,4.041054834009305e+87
3025320,4.041054834009305e+87
3027102,4.041054834009305e+87
3028884,4.041054834009305e+87
3002155,2393.167788136322
3003937,2393.167788136322
3005719,2393.167788136322
3007501,2393.167788136322
3009283,2393.167788136322
3011065,2393.167788136322
3012847,2393.167788136322
3014629,2393.167788136322
3016411,2393.167788136322
3018193,2393.167788136322
3019975,2393.167788136322
3021757,2393.167788136322
3023539,2393.167788136322
3025321,2393.167788136322
3027103,2393.167788136322
3028885,2393.167788136322
3002156,2393.167788136322
3003938,2393.167788136322
3005720,2393.167788136322
3007502,2393.167788136322
3009284,2393.167788136322
3011066,2393.167788136322
3012848,2393.167788136322
3014630,2393.167788136322
3016412,2393.167788136322
3018194,2393.167788136322
3019976,2393.167788136322
3021758,2393.167788136322
3023540,2393.167788136322
3025322,2393.167788136322
3027104,2393.167788136322
3028886,2393.167788136322
3002157,2393.167788136322
3003939,2393.167788136322
3005721,2393.167788136322
3007503,2393.167788136322
3009285,2393.167788136322
3011067,2393.167788136322
3012849,2393.167788136322
3014631,2393.167788136322
3016413,2393.167788136322
3018195,2393.167788136322
3019977,2393.167788136322
3021759,2393.167788136322
3023541,2393.167788136322
3025323,2393.167788136322
3027105,2393.167788136322
3028887,2393.167788136322
3002158,2393.167788136322
3003940,2393.167788136322
3005722,2393.167788136322
3007504,2393.167788136322
3009286,2393.167788136322
3011068,2393.167788136322
3012850,2393.167788136322
3014632,2393.167788136322
3016414,2393.167788136322
3018196,2393.167788136322
3019978,2393.167788136322
3021760,2393.167788136322
3023542,2393.167788136322
3025324,2393.167788136322
3027106,2393.167788136322
3028888,2393.167788136322
3002159,2393.167788136322
3003941,2393.167788136322
3005723,2393.167788136322
3007505,2393.167788136322
3009287,2393.167788136322
3011069,2393.167788136322
3012851,2393.167788136322
3014633,2393.167788136322
3016415,2393.167788136322
3018197,2393.167788136322
3019979,2393.167788136322
3021761,2393.167788136322
3023543,2393.167788136322
3025325,2393.167788136322
3027107,2393.167788136322
3028889,2393.167788136322
3002160,2393.167788136322
3003942,2393.167788136322
3005724,2393.167788136322
3007506,2393.167788136322
3009288,2393.167788136322
3011070,2393.167788136322
3012852,2393.167788136322
3014634,2393.167788136322
3016416,2393.167788136322
3018198,2393.167788136322
3019980,2393.167788136322
3021762,2393.167788136322
3023544,2393.167788136322
3025326,2393.167788136322
3027108,2393.167788136322
3028890,2393.167788136322
3002161,2393.167788136322
3003943,2393.167788136322
3005725,2393.167788136322
3007507,2393.167788136322
3009289,2393.167788136322
3011071,2393.167788136322
3012853,2393.167788136322
3014635,2393.167788136322
3016417,2393.167788136322
3018199,2393.167788136322
3019981,2393.167788136322
3021763,2393.167788136322
3023545,2393.167788136322
3025327,2393.167788136322
3027109,2393.167788136322
3028891,2393.167788136322
3002162,2393.167788136322
3003944,2393.167788136322
3005726,2393.167788136322
3007508,2393.167788136322
3009290,2393.167788136322
3011072,2393.167788136322
3012854,2393.167788136322
3014636,2393.167788136322
3016418,2393.167788136322
3018200,2393.167788136322
3019982,2393.167788136322
3021764,2393.167788136322
3023546,2393.167788136322
3025328,2393.167788136322
3027110,2393.167788136322
3028892,2393.167788136322
3002163,2393.167788136322
3003945,2393.167788136322
3005727,2393.167788136322
3007509,2393.167788136322
3009291,2393.167788136322
3011073,2393.167788136322
3012855,2393.167788136322
3014637,2393.167788136322
3016419,2393.167788136322
3018201,2393.167788136322
3019983,2393.167788136322
3021765,2393.167788136322
3023547,2393.167788136322
3025329,2393.167788136322
3027111,2393.167788136322
3028893,2393.167788136322
3002164,13755.84775951168
3003946,13755.84775951168
3005728,13755.84775951168
3007510,13755.84775951168
3009292,13755.84775951168
3011074,13755.84775951168
3012856,13755.84775951168
3014638,13755.84775951168
3016420,13755.84775951168
3018202,13755.84775951168
3019984,13755.84775951168
3021766,13755.84775951168
3023548,13755.84775951168
3025330,13755.84775951168
3027112,13755.84775951168
3028894,13755.84775951168
3002165,2393.167788136322
3003947,2393.167788136322
3005729,2393.167788136322
3007511,2393.167788136322
3009293,2393.167788136322
3011075,2393.167788136322
3012857,2393.167788136322
3014639,2393.167788136322
3016421,2393.167788136322
3018203,2393.167788136322
3019985,2393.167788136322
3021767,2393.167788136322
3023549,2393.167788136322
3025331,2393.167788136322
3027113,2393.167788136322
3028895,2393.167788136322
3002166,29379.993670687425
3003948,29379.993670687425
3005730,29379.993670687425
3007512,29379.993670687425
3009294,29379.993670687425
3011076,29379.993670687425
3012858,29379.993670687425
3014640,29379.993670687425
3016422,29379.993670687425
3018204,29379.993670687425
3019986,29379.993670687425
3021768,29379.993670687425
3023550,29379.993670687425
3025332,29379.993670687425
3027114,29379.993670687425
3028896,29379.993670687425
3002167,28191.69775395516
3003949,28191.69775395516
3005731,28191.69775395516
3007513,28191.69775395516
3009295,28191.69775395516
3011077,28191.69775395516
3012859,28191.69775395516
3014641,28191.69775395516
3016423,28191.69775395516
3018205,28191.69775395516
3019987,28191.69775395516
3021769,28191.69775395516
3023551,28191.69775395516
3025333,28191.69775395516
3027115,28191.69775395516
3028897,28191.69775395516
3002168,2393.167788136322
3003950,2393.167788136322
3005732,2393.167788136322
3007514,2393.167788136322
3009296,2393.167788136322
3011078,2393.167788136322
3012860,2393.167788136322
3014642,2393.167788136322
3016424,2393.167788136322
3018206,2393.167788136322
3019988,2393.167788136322
3021770,2393.167788136322
3023552,2393.167788136322
3025334,2393.167788136322
3027116,2393.167788136322
3028898,2393.167788136322
3002169,2393.167788136322
3003951,2393.167788136322
3005733,2393.167788136322
3007515,2393.167788136322
3009297,2393.167788136322
3011079,2393.167788136322
3012861,2393.167788136322
3014643,2393.167788136322
3016425,2393.167788136322
3018207,2393.167788136322
3019989,2393.167788136322
3021771,2393.167788136322
3023553,2393.167788136322
3025335,2393.167788136322
3027117,2393.167788136322
3028899,2393.167788136322
3002170,29379.993670687425
3003952,29379.993670687425
3005734,29379.993670687425
3007516,29379.993670687425
3009298,29379.993670687425
3011080,29379.993670687425
3012862,29379.993670687425
3014644,29379.993670687425
3016426,29379.993670687425
3018208,29379.993670687425
3019990,29379.993670687425
3021772,29379.993670687425
3023554,29379.993670687425
3025336,29379.993670687425
3027118,29379.993670687425
3028900,29379.993670687425
3002171,18867.114598218865
3003953,18867.114598218865
3005735,18867.114598218865
3007517,18867.114598218865
3009299,18867.114598218865
3011081,18867.114598218865
3012863,18867.114598218865
3014645,18867.114598218865
3016427,18867.114598218865
3018209,18867.114598218865
3019991,18867.114598218865
3021773,18867.114598218865
3023555,18867.114598218865
3025337,18867.114598218865
3027119,18867.114598218865
3028901,18867.114598218865
3002172,32530.527067124498
3003954,32530.527067124498
3005736,32530.527067124498
3007518,32530.527067124498
3009300,32530.527067124498
3011082,32530.527067124498
3012864,32530.527067124498
3014646,32530.527067124498
3016428,32530.527067124498
3018210,32530.527067124498
3019992,32530.527067124498
3021774,32530.527067124498
3023556,32530.527067124498
3025338,32530.527067124498
3027120,32530.527067124498
3028902,32530.527067124498
3002173,2393.167788136322
3003955,2393.167788136322
3005737,2393.167788136322
3007519,2393.167788136322
3009301,2393.167788136322
3011083,2393.167788136322
3012865,2393.167788136322
3014647,2393.167788136322
3016429,2393.167788136322
3018211,2393.167788136322
3019993,2393.167788136322
3021775,2393.167788136322
3023557,2393.167788136322
3025339,2393.167788136322
3027121,2393.167788136322
3028903,2393.167788136322
3002174,2393.167788136322
3003956,2393.167788136322
3005738,2393.167788136322
3007520,2393.167788136322
3009302,2393.167788136322
3011084,2393.167788136322
3012866,2393.167788136322
3014648,2393.167788136322
3016430,2393.167788136322
3018212,2393.167788136322
3019994,2393.167788136322
3021776,2393.167788136322
3023558,2393.167788136322
3025340,2393.167788136322
3027122,2393.167788136322
3028904,2393.167788136322
3002175,2393.167788136322
3003957,2393.167788136322
3005739,2393.167788136322
3007521,2393.167788136322
3009303,2393.167788136322
3011085,2393.167788136322
3012867,2393.167788136322
3014649,2393.167788136322
3016431,2393.167788136322
3018213,2393.167788136322
3019995,2393.167788136322
3021777,2393.167788136322
3023559,2393.167788136322
3025341,2393.167788136322
3027123,2393.167788136322
3028905,2393.167788136322
3002176,2393.167788136322
3003958,2393.167788136322
3005740,2393.167788136322
3007522,2393.167788136322
3009304,2393.167788136322
3011086,2393.167788136322
3012868,2393.167788136322
3014650,2393.167788136322
3016432,2393.167788136322
3018214,2393.167788136322
3019996,2393.167788136322
3021778,2393.167788136322
3023560,2393.167788136322
3025342,2393.167788136322
3027124,2393.167788136322
3028906,2393.167788136322
3002177,2393.167788136322
3003959,2393.167788136322
3005741,2393.167788136322
3007523,2393.167788136322
3009305,2393.167788136322
3011087,2393.167788136322
3012869,2393.167788136322
3014651,2393.167788136322
3016433,2393.167788136322
3018215,2393.167788136322
3019997,2393.167788136322
3021779,2393.167788136322
3023561,2393.167788136322
3025343,2393.167788136322
3027125,2393.167788136322
3028907,2393.167788136322
3002178,3.007842063574425e+108
3003960,3.007842063574425e+108
3005742,3.007842063574425e+108
3007524,3.007842063574425e+108
3009306,3.007842063574425e+108
3011088,3.007842063574425e+108
3012870,3.007842063574425e+108
3014652,3.007842063574425e+108
3016434,3.007842063574425e+108
3018216,3.007842063574425e+108
3019998,3.007842063574425e+108
3021780,3.007842063574425e+108
3023562,3.007842063574425e+108
3025344,3.007842063574425e+108
3027126,3.007842063574425e+108
3028908,3.007842063574425e+108
3002179,2393.167788136322
3003961,2393.167788136322
3005743,2393.167788136322
3007525,2393.167788136322
3009307,2393.167788136322
3011089,2393.167788136322
3012871,2393.167788136322
3014653,2393.167788136322
3016435,2393.167788136322
3018217,2393.167788136322
3019999,2393.167788136322
3021781,2393.167788136322
3023563,2393.167788136322
3025345,2393.167788136322
3027127,2393.167788136322
3028909,2393.167788136322
3002180,29379.993670687425
3003962,29379.993670687425
3005744,29379.993670687425
3007526,29379.993670687425
3009308,29379.993670687425
3011090,29379.993670687425
3012872,29379.993670687425
3014654,29379.993670687425
3016436,29379.993670687425
3018218,29379.993670687425
3020000,29379.993670687425
3021782,29379.993670687425
3023564,29379.993670687425
3025346,29379.993670687425
3027128,29379.993670687425
3028910,29379.993670687425
3002181,2393.167788136322
3003963,2393.167788136322
3005745,2393.167788136322
3007527,2393.167788136322
3009309,2393.167788136322
3011091,2393.167788136322
3012873,2393.167788136322
3014655,2393.167788136322
3016437,2393.167788136322
3018219,2393.167788136322
3020001,2393.167788136322
3021783,2393.167788136322
3023565,2393.167788136322
3025347,2393.167788136322
3027129,2393.167788136322
3028911,2393.167788136322
3002182,1.4890016199601365e+39
3003964,1.4890016199601365e+39
3005746,1.4890016199601365e+39
3007528,1.4890016199601365e+39
3009310,1.4890016199601365e+39
3011092,1.4890016199601365e+39
3012874,1.4890016199601365e+39
3014656,1.4890016199601365e+39
3016438,1.4890016199601365e+39
3018220,1.4890016199601365e+39
3020002,1.4890016199601365e+39
3021784,1.4890016199601365e+39
3023566,1.4890016199601365e+39
3025348,1.4890016199601365e+39
3027130,1.4890016199601365e+39
3028912,1.4890016199601365e+39
3002183,32530.527067124498
3003965,32530.527067124498
3005747,32530.527067124498
3007529,32530.527067124498
3009311,32530.527067124498
3011093,32530.527067124498
3012875,32530.527067124498
3014657,32530.527067124498
3016439,32530.527067124498
3018221,32530.527067124498
3020003,32530.527067124498
3021785,32530.527067124498
3023567,32530.527067124498
3025349,32530.527067124498
3027131,32530.527067124498
3028913,32530.527067124498
3002184,28191.69775395516
3003966,28191.69775395516
3005748,28191.69775395516
3007530,28191.69775395516
3009312,28191.69775395516
3011094,28191.69775395516
3012876,28191.69775395516
3014658,28191.69775395516
3016440,28191.69775395516
3018222,28191.69775395516
3020004,28191.69775395516
3021786,28191.69775395516
3023568,28191.69775395516
3025350,28191.69775395516
3027132,28191.69775395516
3028914,28191.69775395516
3002185,28191.69775395516
3003967,28191.69775395516
3005749,28191.69775395516
3007531,28191.69775395516
3009313,28191.69775395516
3011095,28191.69775395516
3012877,28191.69775395516
3014659,28191.69775395516
3016441,28191.69775395516
3018223,28191.69775395516
3020005,28191.69775395516
3021787,28191.69775395516
3023569,28191.69775395516
3025351,28191.69775395516
3027133,28191.69775395516
3028915,28191.69775395516
3002186,25447.284195908585
3003968,25447.284195908585
3005750,25447.284195908585
3007532,25447.284195908585
3009314,25447.284195908585
3011096,25447.284195908585
3012878,25447.284195908585
3014660,25447.284195908585
3016442,25447.284195908585
3018224,25447.284195908585
3020006,25447.284195908585
3021788,25447.284195908585
3023570,25447.284195908585
3025352,25447.284195908585
3027134,25447.284195908585
3028916,25447.284195908585
3002187,4.041054834009305e+87
3003969,4.041054834009305e+87
3005751,4.041054834009305e+87
3007533,6.42029037014039e+90
3009315,6.42029037014039e+90
3011097,4.041054834009305e+87
3012879,4.041054834009305e+87
3014661,4.041054834009305e+87
3016443,4.041054834009305e+87
3018225,4.041054834009305e+87
3020007,6.42029037014039e+90
3021789,6.42029037014039e+90
3023571,4.041054834009305e+87
3025353,4.041054834009305e+87
3027135,4.041054834009305e+87
3028917,4.041054834009305e+87
3002188,2393.167788136322
3003970,2393.167788136322
3005752,2393.167788136322
3007534,2393.167788136322
3009316,2393.167788136322
3011098,2393.167788136322
3012880,2393.167788136322
3014662,2393.167788136322
3016444,2393.167788136322
3018226,2393.167788136322
3020008,2393.167788136322
3021790,2393.167788136322
3023572,2393.167788136322
3025354,2393.167788136322
3027136,2393.167788136322
3028918,2393.167788136322
3002189,2393.167788136322
3003971,2393.167788136322
3005753,2393.167788136322
3007535,2393.167788136322
3009317,2393.167788136322
3011099,2393.167788136322
3012881,2393.167788136322
3014663,2393.167788136322
3016445,2393.167788136322
3018227,2393.167788136322
3020009,2393.167788136322
3021791,2393.167788136322
3023573,2393.167788136322
3025355,2393.167788136322
3027137,2393.167788136322
3028919,2393.167788136322
3002190,2393.167788136322
3003972,2393.167788136322
3005754,2393.167788136322
3007536,2393.167788136322
3009318,2393.167788136322
3011100,2393.167788136322
3012882,2393.167788136322
3014664,2393.167788136322
3016446,2393.167788136322
3018228,2393.167788136322
3020010,2393.167788136322
3021792,2393.167788136322
3023574,2393.167788136322
3025356,2393.167788136322
3027138,2393.167788136322
3028920,2393.167788136322
3002191,2393.167788136322
3003973,2393.167788136322
3005755,2393.167788136322
3007537,2393.167788136322
3009319,2393.167788136322
3011101,2393.167788136322
3012883,2393.167788136322
3014665,2393.167788136322
3016447,2393.167788136322
3018229,2393.167788136322
3020011,2393.167788136322
3021793,2393.167788136322
3023575,2393.167788136322
3025357,2393.167788136322
3027139,2393.167788136322
3028921,2393.167788136322
3002192,2393.167788136322
3003974,2393.167788136322
3005756,2393.167788136322
3007538,2393.167788136322
3009320,2393.167788136322
3011102,2393.167788136322
3012884,2393.167788136322
3014666,2393.167788136322
3016448,2393.167788136322
3018230,2393.167788136322
3020012,2393.167788136322
3021794,2393.167788136322
3023576,2393.167788136322
3025358,2393.167788136322
3027140,2393.167788136322
3028922,2393.167788136322
3002193,2393.167788136322
3003975,2393.167788136322
3005757,2393.167788136322
3007539,2393.167788136322
3009321,2393.167788136322
3011103,2393.167788136322
3012885,2393.167788136322
3014667,2393.167788136322
3016449,2393.167788136322
3018231,2393.167788136322
3020013,2393.167788136322
3021795,2393.167788136322
3023577,2393.167788136322
3025359,2393.167788136322
3027141,2393.167788136322
3028923,2393.167788136322
3002194,2393.167788136322
3003976,2393.167788136322
3005758,2393.167788136322
3007540,2393.167788136322
3009322,2393.167788136322
3011104,2393.167788136322
3012886,2393.167788136322
3014668,2393.167788136322
3016450,2393.167788136322
3018232,2393.167788136322
3020014,2393.167788136322
3021796,2393.167788136322
3023578,2393.167788136322
3025360,2393.167788136322
3027142,2393.167788136322
3028924,2393.167788136322
3002195,2393.167788136322
3003977,2393.167788136322
3005759,2393.167788136322
3007541,2393.167788136322
3009323,2393.167788136322
3011105,2393.167788136322
3012887,2393.167788136322
3014669,2393.167788136322
3016451,2393.167788136322
3018233,2393.167788136322
3020015,2393.167788136322
3021797,2393.167788136322
3023579,2393.167788136322
3025361,2393.167788136322
3027143,2393.167788136322
3028925,2393.167788136322
3002196,2393.167788136322
3003978,2393.167788136322
3005760,2393.167788136322
3007542,2393.167788136322
3009324,2393.167788136322
3011106,2393.167788136322
3012888,2393.167788136322
3014670,2393.167788136322
3016452,2393.167788136322
3018234,2393.167788136322
3020016,2393.167788136322
3021798,2393.167788136322
3023580,2393.167788136322
3025362,2393.167788136322
3027144,2393.167788136322
3028926,2393.167788136322
3002197,13755.84775951168
3003979,13755.84775951168
3005761,13755.84775951168
3007543,13755.84775951168
3009325,13755.84775951168
3011107,13755.84775951168
3012889,13755.84775951168
3014671,13755.84775951168
3016453,13755.84775951168
3018235,13755.84775951168
3020017,13755.84775951168
3021799,13755.84775951168
3023581,13755.84775951168
3025363,13755.84775951168
3027145,13755.84775951168
3028927,13755.84775951168
3002198,2393.167788136322
3003980,2393.167788136322
3005762,2393.167788136322
3007544,2393.167788136322
3009326,2393.167788136322
3011108,2393.167788136322
3012890,2393.167788136322
3014672,2393.167788136322
3016454,2393.167788136322
3018236,2393.167788136322
3020018,2393.167788136322
3021800,2393.167788136322
3023582,2393.167788136322
3025364,2393.167788136322
3027146,2393.167788136322
3028928,2393.167788136322
3002199,29379.993670687425
3003981,29379.993670687425
3005763,29379.993670687425
3007545,29379.993670687425
3009327,29379.993670687425
3011109,29379.993670687425
3012891,29379.993670687425
3014673,29379.993670687425
3016455,29379.993670687425
3018237,29379.993670687425
3020019,29379.993670687425
3021801,29379.993670687425
3023583,29379.993670687425
3025365,29379.993670687425
3027147,29379.993670687425
3028929,29379.993670687425
3002200,28191.69775395516
3003982,28191.69775395516
3005764,28191.69775395516
3007546,28191.69775395516
3009328,28191.69775395516
3011110,28191.69775395516
3012892,28191.69775395516
3014674,28191.69775395516
3016456,28191.69775395516
3018238,28191.69775395516
3020020,28191.69775395516
3021802,28191.69775395516
3023584,28191.69775395516
3025366,28191.69775395516
3027148,28191.69775395516
3028930,28191.69775395516
3002201,2393.167788136322
3003983,2393.167788136322
3005765,2393.167788136322
3007547,2393.167788136322
3009329,2393.167788136322
3011111,2393.167788136322
3012893,2393.167788136322
3014675,2393.167788136322
3016457,2393.167788136322
3018239,2393.167788136322
3020021,2393.167788136322
3021803,2393.167788136322
3023585,2393.167788136322
3025367,2393.167788136322
3027149,2393.167788136322
3028931,2393.167788136322
3002202,2393.167788136322
3003984,2393.167788136322
3005766,2393.167788136322
3007548,2393.167788136322
3009330,2393.167788136322
3011112,2393.167788136322
3012894,2393.167788136322
3014676,2393.167788136322
3016458,2393.167788136322
3018240,2393.167788136322
3020022,2393.167788136322
3021804,2393.167788136322
3023586,2393.167788136322
3025368,2393.167788136322
3027150,2393.167788136322
3028932,2393.167788136322
3002203,29379.993670687425
3003985,29379.993670687425
3005767,29379.993670687425
3007549,29379.993670687425
3009331,29379.993670687425
3011113,29379.993670687425
3012895,29379.993670687425
3014677,29379.993670687425
3016459,29379.993670687425
3018241,29379.993670687425
3020023,29379.993670687425
3021805,29379.993670687425
3023587,29379.993670687425
3025369,29379.993670687425
3027151,29379.993670687425
3028933,29379.993670687425
3002204,18867.114598218865
3003986,18867.114598218865
3005768,18867.114598218865
3007550,18867.114598218865
3009332,18867.114598218865
3011114,18867.114598218865
3012896,18867.114598218865
3014678,18867.114598218865
3016460,18867.114598218865
3018242,18867.114598218865
3020024,18867.114598218865
3021806,18867.114598218865
3023588,18867.114598218865
3025370,18867.114598218865
3027152,18867.114598218865
3028934,18867.114598218865
3002205,32530.527067124498
3003987,32530.527067124498
3005769,32530.527067124498
3007551,32530.527067124498
3009333,32530.527067124498
3011115,32530.527067124498
3012897,32530.527067124498
3014679,32530.527067124498
3016461,32530.527067124498
3018243,32530.527067124498
3020025,32530.527067124498
3021807,32530.527067124498
3023589,32530.527067124498
3025371,32530.527067124498
3027153,32530.527067124498
3028935,32530.527067124498
3002206,2393.167788136322
3003988,2393.167788136322
3005770,2393.167788136322
3007552,2393.167788136322
3009334,2393.167788136322
3011116,2393.167788136322
3012898,2393.167788136322
3014680,2393.167788136322
3016462,2393.167788136322
3018244,2393.167788136322
3020026,2393.167788136322
3021808,2393.167788136322
3023590,2393.167788136322
3025372,2393.167788136322
3027154,2393.167788136322
3028936,2393.167788136322
3002207,2393.167788136322
3003989,2393.167788136322
3005771,2393.167788136322
3007553,2393.167788136322
3009335,2393.167788136322
3011117,2393.167788136322
3012899,2393.167788136322
3014681,2393.167788136322
3016463,2393.167788136322
3018245,2393.167788136322
3020027,2393.167788136322
3021809,2393.167788136322
3023591,2393.167788136322
3025373,2393.167788136322
3027155,2393.167788136322
3028937,2393.167788136322
3002208,2393.167788136322
3003990,2393.167788136322
3005772,2393.167788136322
3007554,2393.167788136322
3009336,2393.167788136322
3011118,2393.167788136322
3012900,2393.167788136322
3014682,2393.167788136322
3016464,2393.167788136322
3018246,2393.167788136322
3020028,2393.167788136322
3021810,2393.167788136322
3023592,2393.167788136322
3025374,2393.167788136322
3027156,2393.167788136322
3028938,2393.167788136322
3002209,2393.167788136322
3003991,2393.167788136322
3005773,2393.167788136322
3007555,2393.167788136322
3009337,2393.167788136322
3011119,2393.167788136322
3012901,2393.167788136322
3014683,2393.167788136322
3016465,2393.167788136322
3018247,2393.167788136322
3020029,2393.167788136322
3021811,2393.167788136322
3023593,2393.167788136322
3025375,2393.167788136322
3027157,2393.167788136322
3028939,2393.167788136322
3002210,2393.167788136322
3003992,2393.167788136322
3005774,2393.167788136322
3007556,2393.167788136322
3009338,2393.167788136322
3011120,2393.167788136322
3012902,2393.167788136322
3014684,2393.167788136322
3016466,2393.167788136322
3018248,2393.167788136322
3020030,2393.167788136322
3021812,2393.167788136322
3023594,2393.167788136322
3025376,2393.167788136322
3027158,2393.167788136322
3028940,2393.167788136322
3002211,3.007842063574425e+108
3003993,3.007842063574425e+108
3005775,3.007842063574425e+108
3007557,3.007842063574425e+108
3009339,3.007842063574425e+108
3011121,3.007842063574425e+108
3012903,3.007842063574425e+108
3014685,3.007842063574425e+108
3016467,3.007842063574425e+108
3018249,3.007842063574425e+108
3020031,3.007842063574425e+108
3021813,3.007842063574425e+108
3023595,3.007842063574425e+108
3025377,3.007842063574425e+108
3027159,3.007842063574425e+108
3028941,3.007842063574425e+108
3002212,2393.167788136322
3003994,2393.167788136322
3005776,2393.167788136322
3007558,2393.167788136322
3009340,2393.167788136322
3011122,2393.167788136322
3012904,2393.167788136322
3014686,2393.167788136322
3016468,2393.167788136322
3018250,2393.167788136322
3020032,2393.167788136322
3021814,2393.167788136322
3023596,2393.167788136322
3025378,2393.167788136322
3027160,2393.167788136322
3028942,2393.167788136322
3002213,29379.993670687425
3003995,29379.993670687425
3005777,29379.993670687425
3007559,29379.993670687425
3009341,29379.993670687425
3011123,29379.993670687425
3012905,29379.993670687425
3014687,29379.993670687425
3016469,29379.993670687425
3018251,29379.993670687425
3020033,29379.993670687425
3021815,29379.993670687425
3023597,29379.993670687425
3025379,29379.993670687425
3027161,29379.993670687425
3028943,29379.993670687425
3002214,2393.167788136322
3003996,2393.167788136322
3005778,2393.167788136322
3007560,2393.167788136322
3009342,2393.167788136322
3011124,2393.167788136322
3012906,2393.167788136322
3014688,2393.167788136322
3016470,2393.167788136322
3018252,2393.167788136322
3020034,2393.167788136322
3021816,2393.167788136322
3023598,2393.167788136322
3025380,2393.167788136322
3027162,2393.167788136322
3028944,2393.167788136322
3002215,1.4890016199601365e+39
3003997,1.4890016199601365e+39
3005779,1.4890016199601365e+39
3007561,1.4890016199601365e+39
3009343,1.4890016199601365e+39
3011125,1.4890016199601365e+39
3012907,1.4890016199601365e+39
3014689,1.4890016199601365e+39
3016471,1.4890016199601365e+39
3018253,1.4890016199601365e+39
3020035,1.4890016199601365e+39
3021817,1.4890016199601365e+39
3023599,1.4890016199601365e+39
3025381,1.4890016199601365e+39
3027163,1.4890016199601365e+39
3028945,1.4890016199601365e+39
3002216,32530.527067124498
3003998,32530.527067124498
3005780,32530.527067124498
3007562,32530.527067124498
3009344,32530.527067124498
3011126,32530.527067124498
3012908,32530.527067124498
3014690,32530.527067124498
3016472,32530.527067124498
3018254,32530.527067124498
3020036,32530.527067124498
3021818,32530.527067124498
3023600,32530.527067124498
3025382,32530.527067124498
3027164,32530.527067124498
3028946,32530.527067124498
3002217,28191.69775395516
3003999,28191.69775395516
3005781,28191.69775395516
3007563,28191.69775395516
3009345,28191.69775395516
3011127,28191.69775395516
3012909,28191.69775395516
3014691,28191.69775395516
3016473,28191.69775395516
3018255,28191.69775395516
3020037,28191.69775395516
3021819,28191.69775395516
3023601,28191.69775395516
3025383,28191.69775395516
3027165,28191.69775395516
3028947,28191.69775395516
3002218,28191.69775395516
3004000,28191.69775395516
3005782,28191.69775395516
3007564,28191.69775395516
3009346,28191.69775395516
3011128,28191.69775395516
3012910,28191.69775395516
3014692,28191.69775395516
3016474,28191.69775395516
3018256,28191.69775395516
3020038,28191.69775395516
3021820,28191.69775395516
3023602,28191.69775395516
3025384,28191.69775395516
3027166,28191.69775395516
3028948,28191.69775395516
3002219,25447.284195908585
3004001,25447.284195908585
3005783,25447.284195908585
3007565,25447.284195908585
3009347,25447.284195908585
3011129,25447.284195908585
3012911,25447.284195908585
3014693,25447.284195908585
3016475,25447.284195908585
3018257,25447.284195908585
3020039,25447.284195908585
3021821,25447.284195908585
3023603,25447.284195908585
3025385,25447.284195908585
3027167,25447.284195908585
3028949,25447.284195908585
3002220,4.041054834009305e+87
3004002,4.041054834009305e+87
3005784,4.041054834009305e+87
3007566,6.42029037014039e+90
3009348,6.42029037014039e+90
3011130,4.041054834009305e+87
3012912,4.041054834009305e+87
3014694,4.041054834009305e+87
3016476,4.041054834009305e+87
3018258,4.041054834009305e+87
3020040,6.42029037014039e+90
3021822,6.42029037014039e+90
3023604,4.041054834009305e+87
3025386,4.041054834009305e+87
3027168,4.041054834009305e+87
3028950,4.041054834009305e+87
3002221,2393.167788136322
3004003,2393.167788136322
3005785,2393.167788136322
3007567,2393.167788136322
3009349,2393.167788136322
3011131,2393.167788136322
3012913,2393.167788136322
3014695,2393.167788136322
3016477,2393.167788136322
3018259,2393.167788136322
3020041,2393.167788136322
3021823,2393.167788136322
3023605,2393.167788136322
3025387,2393.167788136322
3027169,2393.167788136322
3028951,2393.167788136322
3002222,2393.167788136322
3004004,2393.167788136322
3005786,2393.167788136322
3007568,2393.167788136322
3009350,2393.167788136322
3011132,2393.167788136322
3012914,2393.167788136322
3014696,2393.167788136322
3016478,2393.167788136322
3018260,2393.167788136322
3020042,2393.167788136322
3021824,2393.167788136322
3023606,2393.167788136322
3025388,2393.167788136322
3027170,2393.167788136322
3028952,2393.167788136322
3002223,2393.167788136322
3004005,2393.167788136322
3005787,2393.167788136322
3007569,2393.167788136322
3009351,2393.167788136322
3011133,2393.167788136322
3012915,2393.167788136322
3014697,2393.167788136322
3016479,2393.167788136322
3018261,2393.167788136322
3020043,2393.167788136322
3021825,2393.167788136322
3023607,2393.167788136322
3025389,2393.167788136322
3027171,2393.167788136322
3028953,2393.167788136322
3002224,2393.167788136322
3004006,2393.167788136322
3005788,2393.167788136322
3007570,2393.167788136322
3009352,2393.167788136322
3011134,2393.167788136322
3012916,2393.167788136322
3014698,2393.167788136322
3016480,2393.167788136322
3018262,2393.167788136322
3020044,2393.167788136322
3021826,2393.167788136322
3023608,2393.167788136322
3025390,2393.167788136322
3027172,2393.167788136322
3028954,2393.167788136322
3002225,2393.167788136322
3004007,2393.167788136322
3005789,2393.167788136322
3007571,2393.167788136322
3009353,2393.167788136322
3011135,2393.167788136322
3012917,2393.167788136322
3014699,2393.167788136322
3016481,2393.167788136322
3018263,2393.167788136322
3020045,2393.167788136322
3021827,2393.167788136322
3023609,2393.167788136322
3025391,2393.167788136322
3027173,2393.167788136322
3028955,2393.167788136322
3002226,2393.167788136322
3004008,2393.167788136322
3005790,2393.167788136322
3007572,2393.167788136322
3009354,2393.167788136322
3011136,2393.167788136322
3012918,2393.167788136322
3014700,2393.167788136322
3016482,2393.167788136322
3018264,2393.167788136322
3020046,2393.167788136322
3021828,2393.167788136322
3023610,2393.167788136322
3025392,2393.167788136322
3027174,2393.167788136322
3028956,2393.167788136322
3002227,2393.167788136322
3004009,2393.167788136322
3005791,2393.167788136322
3007573,2393.167788136322
3009355,2393.167788136322
3011137,2393.167788136322
3012919,2393.167788136322
3014701,2393.167788136322
3016483,2393.167788136322
3018265,2393.167788136322
3020047,2393.167788136322
3021829,2393.167788136322
3023611,2393.167788136322
3025393,2393.167788136322
3027175,2393.167788136322
3028957,2393.167788136322
3002228,2393.167788136322
3004010,2393.167788136322
3005792,2393.167788136322
3007574,2393.167788136322
3009356,2393.167788136322
3011138,2393.167788136322
3012920,2393.167788136322
3014702,2393.167788136322
3016484,2393.167788136322
3018266,2393.167788136322
3020048,2393.167788136322
3021830,2393.167788136322
3023612,2393.167788136322
3025394,2393.167788136322
3027176,2393.167788136322
3028958,2393.167788136322
3002229,2393.167788136322
3004011,2393.167788136322
3005793,2393.167788136322
3007575,2393.167788136322
3009357,2393.167788136322
3011139,2393.167788136322
3012921,2393.167788136322
3014703,2393.167788136322
3016485,2393.167788136322
3018267,2393.167788136322
3020049,2393.167788136322
3021831,2393.167788136322
3023613,2393.167788136322
3025395,2393.167788136322
3027177,2393.167788136322
3028959,2393.167788136322
3002230,13755.84775951168
3004012,13755.84775951168
3005794,13755.84775951168
3007576,13755.84775951168
3009358,13755.84775951168
3011140,13755.84775951168
3012922,13755.84775951168
3014704,13755.84775951168
3016486,13755.84775951168
3018268,13755.84775951168
3020050,13755.84775951168
3021832,13755.84775951168
3023614,13755.84775951168
3025396,13755.84775951168
3027178,13755.84775951168
3028960,13755.84775951168
3002231,2393.167788136322
3004013,2393.167788136322
3005795,2393.167788136322
3007577,2393.167788136322
3009359,2393.167788136322
3011141,2393.167788136322
3012923,2393.167788136322
3014705,2393.167788136322
3016487,2393.167788136322
3018269,2393.167788136322
3020051,2393.167788136322
3021833,2393.167788136322
3023615,2393.167788136322
3025397,2393.167788136322
3027179,2393.167788136322
3028961,2393.167788136322
3002232,29379.993670687425
3004014,29379.993670687425
3005796,29379.993670687425
3007578,29379.993670687425
3009360,29379.993670687425
3011142,29379.993670687425
3012924,29379.993670687425
3014706,29379.993670687425
3016488,29379.993670687425
3018270,29379.993670687425
3020052,29379.993670687425
3021834,29379.993670687425
3023616,29379.993670687425
3025398,29379.993670687425
3027180,29379.993670687425
3028962,29379.993670687425
3002233,28191.69775395516
3004015,28191.69775395516
3005797,28191.69775395516
3007579,28191.69775395516
3009361,28191.69775395516
3011143,28191.69775395516
3012925,28191.69775395516
3014707,28191.69775395516
3016489,28191.69775395516
3018271,28191.69775395516
3020053,28191.69775395516
3021835,28191.69775395516
3023617,28191.69775395516
3025399,28191.69775395516
3027181,28191.69775395516
3028963,28191.69775395516
3002234,2393.167788136322
3004016,2393.167788136322
3005798,2393.167788136322
3007580,2393.167788136322
3009362,2393.167788136322
3011144,2393.167788136322
3012926,2393.167788136322
3014708,2393.167788136322
3016490,2393.167788136322
3018272,2393.167788136322
3020054,2393.167788136322
3021836,2393.167788136322
3023618,2393.167788136322
3025400,2393.167788136322
3027182,2393.167788136322
3028964,2393.167788136322
3002235,2393.167788136322
3004017,2393.167788136322
3005799,2393.167788136322
3007581,2393.167788136322
3009363,2393.167788136322
3011145,2393.167788136322
3012927,2393.167788136322
3014709,2393.167788136322
3016491,2393.167788136322
3018273,2393.167788136322
3020055,2393.167788136322
3021837,2393.167788136322
3023619,2393.167788136322
3025401,2393.167788136322
3027183,2393.167788136322
3028965,2393.167788136322
3002236,29379.993670687425
3004018,29379.993670687425
3005800,29379.993670687425
3007582,29379.993670687425
3009364,29379.993670687425
3011146,29379.993670687425
3012928,29379.993670687425
3014710,29379.993670687425
3016492,29379.993670687425
3018274,29379.993670687425
3020056,29379.993670687425
3021838,29379.993670687425
3023620,29379.993670687425
3025402,29379.993670687425
3027184,29379.993670687425
3028966,29379.993670687425
3002237,18867.114598218865
3004019,18867.114598218865
3005801,18867.114598218865
3007583,18867.114598218865
3009365,18867.114598218865
3011147,18867.114598218865
3012929,18867.114598218865
3014711,18867.114598218865
3016493,18867.114598218865
3018275,18867.114598218865
3020057,18867.114598218865
3021839,18867.114598218865
3023621,18867.114598218865
3025403,18867.114598218865
3027185,18867.114598218865
3028967,18867.114598218865
3002238,32530.527067124498
3004020,32530.527067124498
3005802,32530.527067124498
3007584,32530.527067124498
3009366,32530.527067124498
3011148,32530.527067124498
3012930,32530.527067124498
3014712,32530.527067124498
3016494,32530.527067124498
3018276,32530.527067124498
3020058,32530.527067124498
3021840,32530.527067124498
3023622,32530.527067124498
3025404,32530.527067124498
3027186,32530.527067124498
3028968,32530.527067124498
3002239,2393.167788136322
3004021,2393.167788136322
3005803,2393.167788136322
3007585,2393.167788136322
3009367,2393.167788136322
3011149,2393.167788136322
3012931,2393.167788136322
3014713,2393.167788136322
3016495,2393.167788136322
3018277,2393.167788136322
3020059,2393.167788136322
3021841,2393.167788136322
3023623,2393.167788136322
3025405,2393.167788136322
3027187,2393.167788136322
3028969,2393.167788136322
3002240,2393.167788136322
3004022,2393.167788136322
3005804,2393.167788136322
3007586,2393.167788136322
3009368,2393.167788136322
3011150,2393.167788136322
3012932,2393.167788136322
3014714,2393.167788136322
3016496,2393.167788136322
3018278,2393.167788136322
3020060,2393.167788136322
3021842,2393.167788136322
3023624,2393.167788136322
3025406,2393.167788136322
3027188,2393.167788136322
3028970,2393.167788136322
3002241,2393.167788136322
3004023,2393.167788136322
3005805,2393.167788136322
3007587,2393.167788136322
3009369,2393.167788136322
3011151,2393.167788136322
3012933,2393.167788136322
3014715,2393.167788136322
3016497,2393.167788136322
3018279,2393.167788136322
3020061,2393.167788136322
3021843,2393.167788136322
3023625,2393.167788136322
3025407,2393.167788136322
3027189,2393.167788136322
3028971,2393.167788136322
3002242,2393.167788136322
3004024,2393.167788136322
3005806,2393.167788136322
3007588,2393.167788136322
3009370,2393.167788136322
3011152,2393.167788136322
3012934,2393.167788136322
3014716,2393.167788136322
3016498,2393.167788136322
3018280,2393.167788136322
3020062,2393.167788136322
3021844,2393.167788136322
3023626,2393.167788136322
3025408,2393.167788136322
3027190,2393.167788136322
3028972,2393.167788136322
3002243,2393.167788136322
3004025,2393.167788136322
3005807,2393.167788136322
3007589,2393.167788136322
3009371,2393.167788136322
3011153,2393.167788136322
3012935,2393.167788136322
3014717,2393.167788136322
3016499,2393.167788136322
3018281,2393.167788136322
3020063,2393.167788136322
3021845,2393.167788136322
3023627,2393.167788136322
3025409,2393.167788136322
3027191,2393.167788136322
3028973,2393.167788136322
3002244,3.007842063574425e+108
3004026,3.007842063574425e+108
3005808,3.007842063574425e+108
3007590,3.007842063574425e+108
3009372,3.007842063574425e+108
3011154,3.007842063574425e+108
3012936,3.007842063574425e+108
3014718,3.007842063574425e+108
3016500,3.007842063574425e+108
3018282,3.007842063574425e+108
3020064,3.007842063574425e+108
3021846,3.007842063574425e+108
3023628,3.007842063574425e+108
3025410,3.007842063574425e+108
3027192,3.007842063574425e+108
3028974,3.007842063574425e+108
3002245,2393.167788136322
3004027,2393.167788136322
3005809,2393.167788136322
3007591,2393.167788136322
3009373,2393.167788136322
3011155,2393.167788136322
3012937,2393.167788136322
3014719,2393.167788136322
3016501,2393.167788136322
3018283,2393.167788136322
3020065,2393.167788136322
3021847,2393.167788136322
3023629,2393.167788136322
3025411,2393.167788136322
3027193,2393.167788136322
3028975,2393.167788136322
3002246,29379.993670687425
3004028,29379.993670687425
3005810,29379.993670687425
3007592,29379.993670687425
3009374,29379.993670687425
3011156,29379.993670687425
3012938,29379.993670687425
3014720,29379.993670687425
3016502,29379.993670687425
3018284,29379.993670687425
3020066,29379.993670687425
3021848,29379.993670687425
3023630,29379.993670687425
3025412,29379.993670687425
3027194,29379.993670687425
3028976,29379.993670687425
3002247,2393.167788136322
3004029,2393.167788136322
3005811,2393.167788136322
3007593,2393.167788136322
3009375,2393.167788136322
3011157,2393.167788136322
3012939,2393.167788136322
3014721,2393.167788136322
3016503,2393.167788136322
3018285,2393.167788136322
3020067,2393.167788136322
3021849,2393.167788136322
3023631,2393.167788136322
3025413,2393.167788136322
3027195,2393.167788136322
3028977,2393.167788136322
3002248,1.4890016199601365e+39
3004030,1.4890016199601365e+39
3005812,1.4890016199601365e+39
3007594,1.4890016199601365e+39
3009376,1.4890016199601365e+39
3011158,1.4890016199601365e+39
3012940,1.4890016199601365e+39
3014722,1.4890016199601365e+39
3016504,1.4890016199601365e+39
3018286,1.4890016199601365e+39
3020068,1.4890016199601365e+39
3021850,1.4890016199601365e+39
3023632,1.4890016199601365e+39
3025414,1.4890016199601365e+39
3027196,1.4890016199601365e+39
3028978,1.4890016199601365e+39
3002249,32530.527067124498
3004031,32530.527067124498
3005813,32530.527067124498
3007595,32530.527067124498
3009377,32530.527067124498
3011159,32530.527067124498
3012941,32530.527067124498
3014723,32530.527067124498
3016505,32530.527067124498
3018287,32530.527067124498
3020069,32530.527067124498
3021851,32530.527067124498
3023633,32530.527067124498
3025415,32530.527067124498
3027197,32530.527067124498
3028979,32530.527067124498
3002250,28191.69775395516
3004032,28191.69775395516
3005814,28191.69775395516
3007596,28191.69775395516
3009378,28191.69775395516
3011160,28191.69775395516
3012942,28191.69775395516
3014724,28191.69775395516
3016506,28191.69775395516
3018288,28191.69775395516
3020070,28191.69775395516
3021852,28191.69775395516
3023634,28191.69775395516
3025416,28191.69775395516
3027198,28191.69775395516
3028980,28191.69775395516
3002251,28191.69775395516
3004033,28191.69775395516
3005815,28191.69775395516
3007597,28191.69775395516
3009379,28191.69775395516
3011161,28191.69775395516
3012943,28191.69775395516
3014725,28191.69775395516
3016507,28191.69775395516
3018289,28191.69775395516
3020071,28191.69775395516
3021853,28191.69775395516
3023635,28191.69775395516
3025417,28191.69775395516
3027199,28191.69775395516
3028981,28191.69775395516
3002252,25447.284195908585
3004034,25447.284195908585
3005816,25447.284195908585
3007598,25447.284195908585
3009380,25447.284195908585
3011162,25447.284195908585
3012944,25447.284195908585
3014726,25447.284195908585
3016508,25447.284195908585
3018290,25447.284195908585
3020072,25447.284195908585
3021854,25447.284195908585
3023636,25447.284195908585
3025418,25447.284195908585
3027200,25447.284195908585
3028982,25447.284195908585
3002253,4.041054834009305e+87
3004035,4.041054834009305e+87
3005817,4.041054834009305e+87
3007599,6.42029037014039e+90
3009381,6.42029037014039e+90
3011163,4.041054834009305e+87
3012945,4.041054834009305e+87
3014727,4.041054834009305e+87
3016509,4.041054834009305e+87
3018291,4.041054834009305e+87
3020073,6.42029037014039e+90
3021855,6.42029037014039e+90
3023637,4.041054834009305e+87
3025419,4.041054834009305e+87
3027201,4.041054834009305e+87
3028983,4.041054834009305e+87
3002254,2393.167788136322
3004036,2393.167788136322
3005818,2393.167788136322
3007600,2393.167788136322
3009382,2393.167788136322
3011164,2393.167788136322
3012946,2393.167788136322
3014728,2393.167788136322
3016510,2393.167788136322
3018292,2393.167788136322
3020074,2393.167788136322
3021856,2393.167788136322
3023638,2393.167788136322
3025420,2393.167788136322
3027202,2393.167788136322
3028984,2393.167788136322
3002255,2393.167788136322
3004037,2393.167788136322
3005819,2393.167788136322
3007601,2393.167788136322
3009383,2393.167788136322
3011165,2393.167788136322
3012947,2393.167788136322
3014729,2393.167788136322
3016511,2393.167788136322
3018293,2393.167788136322
3020075,2393.167788136322
3021857,2393.167788136322
3023639,2393.167788136322
3025421,2393.167788136322
3027203,2393.167788136322
3028985,2393.167788136322
3002256,2393.167788136322
3004038,2393.167788136322
3005820,2393.167788136322
3007602,2393.167788136322
3009384,2393.167788136322
3011166,2393.167788136322
3012948,2393.167788136322
3014730,2393.167788136322
3016512,2393.167788136322
3018294,2393.167788136322
3020076,2393.167788136322
3021858,2393.167788136322
3023640,2393.167788136322
3025422,2393.167788136322
3027204,2393.167788136322
3028986,2393.167788136322
3002257,2393.167788136322
3004039,2393.167788136322
3005821,2393.167788136322
3007603,2393.167788136322
3009385,2393.167788136322
3011167,2393.167788136322
3012949,2393.167788136322
3014731,2393.167788136322
3016513,2393.167788136322
3018295,2393.167788136322
3020077,2393.167788136322
3021859,2393.167788136322
3023641,2393.167788136322
3025423,2393.167788136322
3027205,2393.167788136322
3028987,2393.167788136322
3002258,2393.167788136322
3004040,2393.167788136322
3005822,2393.167788136322
3007604,2393.167788136322
3009386,2393.167788136322
3011168,2393.167788136322
3012950,2393.167788136322
3014732,2393.167788136322
3016514,2393.167788136322
3018296,2393.167788136322
3020078,2393.167788136322
3021860,2393.167788136322
3023642,2393.167788136322
3025424,2393.167788136322
3027206,2393.167788136322
3028988,2393.167788136322
3002259,2393.167788136322
3004041,2393.167788136322
3005823,2393.167788136322
3007605,2393.167788136322
3009387,2393.167788136322
3011169,2393.167788136322
3012951,2393.167788136322
3014733,2393.167788136322
3016515,2393.167788136322
3018297,2393.167788136322
3020079,2393.167788136322
3021861,2393.167788136322
3023643,2393.167788136322
3025425,2393.167788136322
3027207,2393.167788136322
3028989,2393.167788136322
3002260,2393.167788136322
3004042,2393.167788136322
3005824,2393.167788136322
3007606,2393.167788136322
3009388,2393.167788136322
3011170,2393.167788136322
3012952,2393.167788136322
3014734,2393.167788136322
3016516,2393.167788136322
3018298,2393.167788136322
3020080,2393.167788136322
3021862,2393.167788136322
3023644,2393.167788136322
3025426,2393.167788136322
3027208,2393.167788136322
3028990,2393.167788136322
3002261,2393.167788136322
3004043,2393.167788136322
3005825,2393.167788136322
3007607,2393.167788136322
3009389,2393.167788136322
3011171,2393.167788136322
3012953,2393.167788136322
3014735,2393.167788136322
3016517,2393.167788136322
3018299,2393.167788136322
3020081,2393.167788136322
3021863,2393.167788136322
3023645,2393.167788136322
3025427,2393.167788136322
3027209,2393.167788136322
3028991,2393.167788136322
3002262,2393.167788136322
3004044,2393.167788136322
3005826,2393.167788136322
3007608,2393.167788136322
3009390,2393.167788136322
3011172,2393.167788136322
3012954,2393.167788136322
3014736,2393.167788136322
3016518,2393.167788136322
3018300,2393.167788136322
3020082,2393.167788136322
3021864,2393.167788136322
3023646,2393.167788136322
3025428,2393.167788136322
3027210,2393.167788136322
3028992,2393.167788136322
3002263,13755.84775951168
3004045,13755.84775951168
3005827,13755.84775951168
3007609,13755.84775951168
3009391,13755.84775951168
3011173,13755.84775951168
3012955,13755.84775951168
3014737,13755.84775951168
3016519,13755.84775951168
3018301,13755.84775951168
3020083,13755.84775951168
3021865,13755.84775951168
3023647,13755.84775951168
3025429,13755.84775951168
3027211,13755.84775951168
3028993,13755.84775951168
3002264,2393.167788136322
3004046,2393.167788136322
3005828,2393.167788136322
3007610,2393.167788136322
3009392,2393.167788136322
3011174,2393.167788136322
3012956,2393.167788136322
3014738,2393.167788136322
3016520,2393.167788136322
3018302,2393.167788136322
3020084,2393.167788136322
3021866,2393.167788136322
3023648,2393.167788136322
3025430,2393.167788136322
3027212,2393.167788136322
3028994,2393.167788136322
3002265,29379.993670687425
3004047,29379.993670687425
3005829,29379.993670687425
3007611,29379.993670687425
3009393,29379.993670687425
3011175,29379.993670687425
3012957,29379.993670687425
3014739,29379.993670687425
3016521,29379.993670687425
3018303,29379.993670687425
3020085,29379.993670687425
3021867,29379.993670687425
3023649,29379.993670687425
3025431,29379.993670687425
3027213,29379.993670687425
3028995,29379.993670687425
3002266,28191.69775395516
3004048,28191.69775395516
3005830,28191.69775395516
3007612,28191.69775395516
3009394,28191.69775395516
3011176,28191.69775395516
3012958,28191.69775395516
3014740,28191.69775395516
3016522,28191.69775395516
3018304,28191.69775395516
3020086,28191.69775395516
3021868,28191.69775395516
3023650,28191.69775395516
3025432,28191.69775395516
3027214,28191.69775395516
3028996,28191.69775395516
3002267,2393.167788136322
3004049,2393.167788136322
3005831,2393.167788136322
3007613,2393.167788136322
3009395,2393.167788136322
3011177,2393.167788136322
3012959,2393.167788136322
3014741,2393.167788136322
3016523,2393.167788136322
3018305,2393.167788136322
3020087,2393.167788136322
3021869,2393.167788136322
3023651,2393.167788136322
3025433,2393.167788136322
3027215,2393.167788136322
3028997,2393.167788136322
3002268,2393.167788136322
3004050,2393.167788136322
3005832,2393.167788136322
3007614,2393.167788136322
3009396,2393.167788136322
3011178,2393.167788136322
3012960,2393.167788136322
3014742,2393.167788136322
3016524,2393.167788136322
3018306,2393.167788136322
3020088,2393.167788136322
3021870,2393.167788136322
3023652,2393.167788136322
3025434,2393.167788136322
3027216,2393.167788136322
3028998,2393.167788136322
3002269,29379.993670687425
3004051,29379.993670687425
3005833,29379.993670687425
3007615,29379.993670687425
3009397,29379.993670687425
3011179,29379.993670687425
3012961,29379.993670687425
3014743,29379.993670687425
3016525,29379.993670687425
3018307,29379.993670687425
3020089,29379.993670687425
3021871,29379.993670687425
3023653,29379.993670687425
3025435,29379.993670687425
3027217,29379.993670687425
3028999,29379.993670687425
3002270,18867.114598218865
3004052,18867.114598218865
3005834,18867.114598218865
3007616,18867.114598218865
3009398,18867.114598218865
3011180,18867.114598218865
3012962,18867.114598218865
3014744,18867.114598218865
3016526,18867.114598218865
3018308,18867.114598218865
3020090,18867.114598218865
3021872,18867.114598218865
3023654,18867.114598218865
3025436,18867.114598218865
3027218,18867.114598218865
3029000,18867.114598218865
3002271,32530.527067124498
3004053,32530.527067124498
3005835,32530.527067124498
3007617,32530.527067124498
3009399,32530.527067124498
3011181,32530.527067124498
3012963,32530.527067124498
3014745,32530.527067124498
3016527,32530.527067124498
3018309,32530.527067124498
3020091,32530.527067124498
3021873,32530.527067124498
3023655,32530.527067124498
3025437,32530.527067124498
3027219,32530.527067124498
3029001,32530.527067124498
3002272,2393.167788136322
3004054,2393.167788136322
3005836,2393.167788136322
3007618,2393.167788136322
3009400,2393.167788136322
3011182,2393.167788136322
3012964,2393.167788136322
3014746,2393.167788136322
3016528,2393.167788136322
3018310,2393.167788136322
3020092,2393.167788136322
3021874,2393.167788136322
3023656,2393.167788136322
3025438,2393.167788136322
3027220,2393.167788136322
3029002,2393.167788136322
3002273,2393.167788136322
3004055,2393.167788136322
3005837,2393.167788136322
3007619,2393.167788136322
3009401,2393.167788136322
3011183,2393.167788136322
3012965,2393.167788136322
3014747,2393.167788136322
3016529,2393.167788136322
3018311,2393.167788136322
3020093,2393.167788136322
3021875,2393.167788136322
3023657,2393.167788136322
3025439,2393.167788136322
3027221,2393.167788136322
3029003,2393.167788136322
3002274,2393.167788136322
3004056,2393.167788136322
3005838,2393.167788136322
3007620,2393.167788136322
3009402,2393.167788136322
3011184,2393.167788136322
3012966,2393.167788136322
3014748,2393.167788136322
3016530,2393.167788136322
3018312,2393.167788136322
3020094,2393.167788136322
3021876,2393.167788136322
3023658,2393.167788136322
3025440,2393.167788136322
3027222,2393.167788136322
3029004,2393.167788136322
3002275,2393.167788136322
3004057,2393.167788136322
3005839,2393.167788136322
3007621,2393.167788136322
3009403,2393.167788136322
3011185,2393.167788136322
3012967,2393.167788136322
3014749,2393.167788136322
3016531,2393.167788136322
3018313,2393.167788136322
3020095,2393.167788136322
3021877,2393.167788136322
3023659,2393.167788136322
3025441,2393.167788136322
3027223,2393.167788136322
3029005,2393.167788136322
3002276,2393.167788136322
3004058,2393.167788136322
3005840,2393.167788136322
3007622,2393.167788136322
3009404,2393.167788136322
3011186,2393.167788136322
3012968,2393.167788136322
3014750,2393.167788136322
3016532,2393.167788136322
3018314,2393.167788136322
3020096,2393.167788136322
3021878,2393.167788136322
3023660,2393.167788136322
3025442,2393.167788136322
3027224,2393.167788136322
3029006,2393.167788136322
3002277,3.007842063574425e+108
3004059,3.007842063574425e+108
3005841,3.007842063574425e+108
3007623,3.007842063574425e+108
3009405,3.007842063574425e+108
3011187,3.007842063574425e+108
3012969,3.007842063574425e+108
3014751,3.007842063574425e+108
3016533,3.007842063574425e+108
3018315,3.007842063574425e+108
3020097,3.007842063574425e+108
3021879,3.007842063574425e+108
3023661,3.007842063574425e+108
3025443,3.007842063574425e+108
3027225,3.007842063574425e+108
3029007,3.007842063574425e+108
3002278,2393.167788136322
3004060,2393.167788136322
3005842,2393.167788136322
3007624,2393.167788136322
3009406,2393.167788136322
3011188,2393.167788136322
3012970,2393.167788136322
3014752,2393.167788136322
3016534,2393.167788136322
3018316,2393.167788136322
3020098,2393.167788136322
3021880,2393.167788136322
3023662,2393.167788136322
3025444,2393.167788136322
3027226,2393.167788136322
3029008,2393.167788136322
3002279,29379.993670687425
3004061,29379.993670687425
3005843,29379.993670687425
3007625,29379.993670687425
3009407,29379.993670687425
3011189,29379.993670687425
3012971,29379.993670687425
3014753,29379.993670687425
3016535,29379.993670687425
3018317,29379.993670687425
3020099,29379.993670687425
3021881,29379.993670687425
3023663,29379.993670687425
3025445,29379.993670687425
3027227,29379.993670687425
3029009,29379.993670687425
3002280,2393.167788136322
3004062,2393.167788136322
3005844,2393.167788136322
3007626,2393.167788136322
3009408,2393.167788136322
3011190,2393.167788136322
3012972,2393.167788136322
3014754,2393.167788136322
3016536,2393.167788136322
3018318,2393.167788136322
3020100,2393.167788136322
3021882,2393.167788136322
3023664,2393.167788136322
3025446,2393.167788136322
3027228,2393.167788136322
3029010,2393.167788136322
3002281,1.4890016199601365e+39
3004063,1.4890016199601365e+39
3005845,1.4890016199601365e+39
3007627,1.4890016199601365e+39
3009409,1.4890016199601365e+39
3011191,1.4890016199601365e+39
3012973,1.4890016199601365e+39
3014755,1.4890016199601365e+39
3016537,1.4890016199601365e+39
3018319,1.4890016199601365e+39
3020101,1.4890016199601365e+39
3021883,1.4890016199601365e+39
3023665,1.4890016199601365e+39
3025447,1.4890016199601365e+39
3027229,1.4890016199601365e+39
3029011,1.4890016199601365e+39
3002282,32530.527067124498
3004064,32530.527067124498
3005846,32530.527067124498
3007628,32530.527067124498
3009410,32530.527067124498
3011192,32530.527067124498
3012974,32530.527067124498
3014756,32530.527067124498
3016538,32530.527067124498
3018320,32530.527067124498
3020102,32530.527067124498
3021884,32530.527067124498
3023666,32530.527067124498
3025448,32530.527067124498
3027230,32530.527067124498
3029012,32530.527067124498
3002283,28191.69775395516
3004065,28191.69775395516
3005847,28191.69775395516
3007629,28191.69775395516
3009411,28191.69775395516
3011193,28191.69775395516
3012975,28191.69775395516
3014757,28191.69775395516
3016539,28191.69775395516
3018321,28191.69775395516
3020103,28191.69775395516
3021885,28191.69775395516
3023667,28191.69775395516
3025449,28191.69775395516
3027231,28191.69775395516
3029013,28191.69775395516
3002284,28191.69775395516
3004066,28191.69775395516
3005848,28191.69775395516
3007630,28191.69775395516
3009412,28191.69775395516
3011194,28191.69775395516
3012976,28191.69775395516
3014758,28191.69775395516
3016540,28191.69775395516
3018322,28191.69775395516
3020104,28191.69775395516
3021886,28191.69775395516
3023668,28191.69775395516
3025450,28191.69775395516
3027232,28191.69775395516
3029014,28191.69775395516
3002285,25447.284195908585
3004067,25447.284195908585
3005849,25447.284195908585
3007631,25447.284195908585
3009413,25447.284195908585
3011195,25447.284195908585
3012977,25447.284195908585
3014759,25447.284195908585
3016541,25447.284195908585
3018323,25447.284195908585
3020105,25447.284195908585
3021887,25447.284195908585
3023669,25447.284195908585
3025451,25447.284195908585
3027233,25447.284195908585
3029015,25447.284195908585
3002286,4.041054834009305e+87
3004068,4.041054834009305e+87
3005850,4.041054834009305e+87
3007632,6.42029037014039e+90
3009414,6.42029037014039e+90
3011196,4.041054834009305e+87
3012978,4.041054834009305e+87
3014760,4.041054834009305e+87
3016542,4.041054834009305e+87
3018324,4.041054834009305e+87
3020106,6.42029037014039e+90
3021888,6.42029037014039e+90
3023670,4.041054834009305e+87
3025452,4.041054834009305e+87
3027234,4.041054834009305e+87
3029016,4.041054834009305e+87
3002287,2393.167788136322
3004069,2393.167788136322
3005851,2393.167788136322
3007633,2393.167788136322
3009415,2393.167788136322
3011197,2393.167788136322
3012979,2393.167788136322
3014761,2393.167788136322
3016543,2393.167788136322
3018325,2393.167788136322
3020107,2393.167788136322
3021889,2393.167788136322
3023671,2393.167788136322
3025453,2393.167788136322
3027235,2393.167788136322
3029017,2393.167788136322
3002288,2393.167788136322
3004070,2393.167788136322
3005852,2393.167788136322
3007634,2393.167788136322
3009416,2393.167788136322
3011198,2393.167788136322
3012980,2393.167788136322
3014762,2393.167788136322
3016544,2393.167788136322
3018326,2393.167788136322
3020108,2393.167788136322
3021890,2393.167788136322
3023672,2393.167788136322
3025454,2393.167788136322
3027236,2393.167788136322
3029018,2393.167788136322
3002289,2393.167788136322
3004071,2393.167788136322
3005853,2393.167788136322
3007635,2393.167788136322
3009417,2393.167788136322
3011199,2393.167788136322
3012981,2393.167788136322
3014763,2393.167788136322
3016545,2393.167788136322
3018327,2393.167788136322
3020109,2393.167788136322
3021891,2393.167788136322
3023673,2393.167788136322
3025455,2393.167788136322
3027237,2393.167788136322
3029019,2393.167788136322
3002290,2393.167788136322
3004072,2393.167788136322
3005854,2393.167788136322
3007636,2393.167788136322
3009418,2393.167788136322
3011200,2393.167788136322
3012982,2393.167788136322
3014764,2393.167788136322
3016546,2393.167788136322
3018328,2393.167788136322
3020110,2393.167788136322
3021892,2393.167788136322
3023674,2393.167788136322
3025456,2393.167788136322
3027238,2393.167788136322
3029020,2393.167788136322
3002291,2393.167788136322
3004073,2393.167788136322
3005855,2393.167788136322
3007637,2393.167788136322
3009419,2393.167788136322
3011201,2393.167788136322
3012983,2393.167788136322
3014765,2393.167788136322
3016547,2393.167788136322
3018329,2393.167788136322
3020111,2393.167788136322
3021893,2393.167788136322
3023675,2393.167788136322
3025457,2393.167788136322
3027239,2393.167788136322
3029021,2393.167788136322
3002292,2393.167788136322
3004074,2393.167788136322
3005856,2393.167788136322
3007638,2393.167788136322
3009420,2393.167788136322
3011202,2393.167788136322
3012984,2393.167788136322
3014766,2393.167788136322
3016548,2393.167788136322
3018330,2393.167788136322
3020112,2393.167788136322
3021894,2393.167788136322
3023676,2393.167788136322
3025458,2393.167788136322
3027240,2393.167788136322
3029022,2393.167788136322
3002293,2393.167788136322
3004075,2393.167788136322
3005857,2393.167788136322
3007639,2393.167788136322
3009421,2393.167788136322
3011203,2393.167788136322
3012985,2393.167788136322
3014767,2393.167788136322
3016549,2393.167788136322
3018331,2393.167788136322
3020113,2393.167788136322
3021895,2393.167788136322
3023677,2393.167788136322
3025459,2393.167788136322
3027241,2393.167788136322
3029023,2393.167788136322
3002294,2393.167788136322
3004076,2393.167788136322
3005858,2393.167788136322
3007640,2393.167788136322
3009422,2393.167788136322
3011204,2393.167788136322
3012986,2393.167788136322
3014768,2393.167788136322
3016550,2393.167788136322
3018332,2393.167788136322
3020114,2393.167788136322
3021896,2393.167788136322
3023678,2393.167788136322
3025460,2393.167788136322
3027242,2393.167788136322
3029024,2393.167788136322
3002295,2393.167788136322
3004077,2393.167788136322
3005859,2393.167788136322
3007641,2393.167788136322
3009423,2393.167788136322
3011205,2393.167788136322
3012987,2393.167788136322
3014769,2393.167788136322
3016551,2393.167788136322
3018333,2393.167788136322
3020115,2393.167788136322
3021897,2393.167788136322
3023679,2393.167788136322
3025461,2393.167788136322
3027243,2393.167788136322
3029025,2393.167788136322
3002296,13755.84775951168
3004078,13755.84775951168
3005860,13755.84775951168
3007642,13755.84775951168
3009424,13755.84775951168
3011206,13755.84775951168
3012988,13755.84775951168
3014770,13755.84775951168
3016552,13755.84775951168
3018334,13755.84775951168
3020116,13755.84775951168
3021898,13755.84775951168
3023680,13755.84775951168
3025462,13755.84775951168
3027244,13755.84775951168
3029026,13755.84775951168
3002297,2393.167788136322
3004079,2393.167788136322
3005861,2393.167788136322
3007643,2393.167788136322
3009425,2393.167788136322
3011207,2393.167788136322
3012989,2393.167788136322
3014771,2393.167788136322
3016553,2393.167788136322
3018335,2393.167788136322
3020117,2393.167788136322
3021899,2393.167788136322
3023681,2393.167788136322
3025463,2393.167788136322
3027245,2393.167788136322
3029027,2393.167788136322
3002298,29379.993670687425
3004080,29379.993670687425
3005862,29379.993670687425
3007644,29379.993670687425
3009426,29379.993670687425
3011208,29379.993670687425
3012990,29379.993670687425
3014772,29379.993670687425
3016554,29379.993670687425
3018336,29379.993670687425
3020118,29379.993670687425
3021900,29379.993670687425
3023682,29379.993670687425
3025464,29379.993670687425
3027246,29379.993670687425
3029028,29379.993670687425
3002299,28191.69775395516
3004081,28191.69775395516
3005863,28191.69775395516
3007645,28191.69775395516
3009427,28191.69775395516
3011209,28191.69775395516
3012991,28191.69775395516
3014773,28191.69775395516
3016555,28191.69775395516
3018337,28191.69775395516
3020119,28191.69775395516
3021901,28191.69775395516
3023683,28191.69775395516
3025465,28191.69775395516
3027247,28191.69775395516
3029029,28191.69775395516
3002300,2393.167788136322
3004082,2393.167788136322
3005864,2393.167788136322
3007646,2393.167788136322
3009428,2393.167788136322
3011210,2393.167788136322
3012992,2393.167788136322
3014774,2393.167788136322
3016556,2393.167788136322
3018338,2393.167788136322
3020120,2393.167788136322
3021902,2393.167788136322
3023684,2393.167788136322
3025466,2393.167788136322
3027248,2393.167788136322
3029030,2393.167788136322
3002301,2393.167788136322
3004083,2393.167788136322
3005865,2393.167788136322
3007647,2393.167788136322
3009429,2393.167788136322
3011211,2393.167788136322
3012993,2393.167788136322
3014775,2393.167788136322
3016557,2393.167788136322
3018339,2393.167788136322
3020121,2393.167788136322
3021903,2393.167788136322
3023685,2393.167788136322
3025467,2393.167788136322
3027249,2393.167788136322
3029031,2393.167788136322
3002302,29379.993670687425
3004084,29379.993670687425
3005866,29379.993670687425
3007648,29379.993670687425
3009430,29379.993670687425
3011212,29379.993670687425
3012994,29379.993670687425
3014776,29379.993670687425
3016558,29379.993670687425
3018340,29379.993670687425
3020122,29379.993670687425
3021904,29379.993670687425
3023686,29379.993670687425
3025468,29379.993670687425
3027250,29379.993670687425
3029032,29379.993670687425
3002303,18867.114598218865
3004085,18867.114598218865
3005867,18867.114598218865
3007649,18867.114598218865
3009431,18867.114598218865
3011213,18867.114598218865
3012995,18867.114598218865
3014777,18867.114598218865
3016559,18867.114598218865
3018341,18867.114598218865
3020123,18867.114598218865
3021905,18867.114598218865
3023687,18867.114598218865
3025469,18867.114598218865
3027251,18867.114598218865
3029033,18867.114598218865
3002304,32530.527067124498
3004086,32530.527067124498
3005868,32530.527067124498
3007650,32530.527067124498
3009432,32530.527067124498
3011214,32530.527067124498
3012996,32530.527067124498
3014778,32530.527067124498
3016560,32530.527067124498
3018342,32530.527067124498
3020124,32530.527067124498
3021906,32530.527067124498
3023688,32530.527067124498
3025470,32530.527067124498
3027252,32530.527067124498
3029034,32530.527067124498
3002305,2393.167788136322
3004087,2393.167788136322
3005869,2393.167788136322
3007651,2393.167788136322
3009433,2393.167788136322
3011215,2393.167788136322
3012997,2393.167788136322
3014779,2393.167788136322
3016561,2393.167788136322
3018343,2393.167788136322
3020125,2393.167788136322
3021907,2393.167788136322
3023689,2393.167788136322
3025471,2393.167788136322
3027253,2393.167788136322
3029035,2393.167788136322
3002306,2393.167788136322
3004088,2393.167788136322
3005870,2393.167788136322
3007652,2393.167788136322
3009434,2393.167788136322
3011216,2393.167788136322
3012998,2393.167788136322
3014780,2393.167788136322
3016562,2393.167788136322
3018344,2393.167788136322
3020126,2393.167788136322
3021908,2393.167788136322
3023690,2393.167788136322
3025472,2393.167788136322
3027254,2393.167788136322
3029036,2393.167788136322
3002307,2393.167788136322
3004089,2393.167788136322
3005871,2393.167788136322
3007653,2393.167788136322
3009435,2393.167788136322
3011217,2393.167788136322
3012999,2393.167788136322
3014781,2393.167788136322
3016563,2393.167788136322
3018345,2393.167788136322
3020127,2393.167788136322
3021909,2393.167788136322
3023691,2393.167788136322
3025473,2393.167788136322
3027255,2393.167788136322
3029037,2393.167788136322
3002308,2393.167788136322
3004090,2393.167788136322
3005872,2393.167788136322
3007654,2393.167788136322
3009436,2393.167788136322
3011218,2393.167788136322
3013000,2393.167788136322
3014782,2393.167788136322
3016564,2393.167788136322
3018346,2393.167788136322
3020128,2393.167788136322
3021910,2393.167788136322
3023692,2393.167788136322
3025474,2393.167788136322
3027256,2393.167788136322
3029038,2393.167788136322
3002309,2393.167788136322
3004091,2393.167788136322
3005873,2393.167788136322
3007655,2393.167788136322
3009437,2393.167788136322
3011219,2393.167788136322
3013001,2393.167788136322
3014783,2393.167788136322
3016565,2393.167788136322
3018347,2393.167788136322
3020129,2393.167788136322
3021911,2393.167788136322
3023693,2393.167788136322
3025475,2393.167788136322
3027257,2393.167788136322
3029039,2393.167788136322
3002310,3.007842063574425e+108
3004092,3.007842063574425e+108
3005874,3.007842063574425e+108
3007656,3.007842063574425e+108
3009438,3.007842063574425e+108
3011220,3.007842063574425e+108
3013002,3.007842063574425e+108
3014784,3.007842063574425e+108
3016566,3.007842063574425e+108
3018348,3.007842063574425e+108
3020130,3.007842063574425e+108
3021912,3.007842063574425e+108
3023694,3.007842063574425e+108
3025476,3.007842063574425e+108
3027258,3.007842063574425e+108
3029040,3.007842063574425e+108
3002311,2393.167788136322
3004093,2393.167788136322
3005875,2393.167788136322
3007657,2393.167788136322
3009439,2393.167788136322
3011221,2393.167788136322
3013003,2393.167788136322
3014785,2393.167788136322
3016567,2393.167788136322
3018349,2393.167788136322
3020131,2393.167788136322
3021913,2393.167788136322
3023695,2393.167788136322
3025477,2393.167788136322
3027259,2393.167788136322
3029041,2393.167788136322
3002312,29379.993670687425
3004094,29379.993670687425
3005876,29379.993670687425
3007658,29379.993670687425
3009440,29379.993670687425
3011222,29379.993670687425
3013004,29379.993670687425
3014786,29379.993670687425
3016568,29379.993670687425
3018350,29379.993670687425
3020132,29379.993670687425
3021914,29379.993670687425
3023696,29379.993670687425
3025478,29379.993670687425
3027260,29379.993670687425
3029042,29379.993670687425
3002313,2393.167788136322
3004095,2393.167788136322
3005877,2393.167788136322
3007659,2393.167788136322
3009441,2393.167788136322
3011223,2393.167788136322
3013005,2393.167788136322
3014787,2393.167788136322
3016569,2393.167788136322
3018351,2393.167788136322
3020133,2393.167788136322
3021915,2393.167788136322
3023697,2393.167788136322
3025479,2393.167788136322
3027261,2393.167788136322
3029043,2393.167788136322
3002314,1.4890016199601365e+39
3004096,1.4890016199601365e+39
3005878,1.4890016199601365e+39
3007660,1.4890016199601365e+39
3009442,1.4890016199601365e+39
3011224,1.4890016199601365e+39
3013006,1.4890016199601365e+39
3014788,1.4890016199601365e+39
3016570,1.4890016199601365e+39
3018352,1.4890016199601365e+39
3020134,1.4890016199601365e+39
3021916,1.4890016199601365e+39
3023698,1.4890016199601365e+39
3025480,1.4890016199601365e+39
3027262,1.4890016199601365e+39
3029044,1.4890016199601365e+39
3002315,32530.527067124498
3004097,32530.527067124498
3005879,32530.527067124498
3007661,32530.527067124498
3009443,32530.527067124498
3011225,32530.527067124498
3013007,32530.527067124498
3014789,32530.527067124498
3016571,32530.527067124498
3018353,32530.527067124498
3020135,32530.527067124498
3021917,32530.527067124498
3023699,32530.527067124498
3025481,32530.527067124498
3027263,32530.527067124498
3029045,32530.527067124498
3002316,28191.69775395516
3004098,28191.69775395516
3005880,28191.69775395516
3007662,28191.69775395516
3009444,28191.69775395516
3011226,28191.69775395516
3013008,28191.69775395516
3014790,28191.69775395516
3016572,28191.69775395516
3018354,28191.69775395516
3020136,28191.69775395516
3021918,28191.69775395516
3023700,28191.69775395516
3025482,28191.69775395516
3027264,28191.69775395516
3029046,28191.69775395516
3002317,28191.69775395516
3004099,28191.69775395516
3005881,28191.69775395516
3007663,28191.69775395516
3009445,28191.69775395516
3011227,28191.69775395516
3013009,28191.69775395516
3014791,28191.69775395516
3016573,28191.69775395516
3018355,28191.69775395516
3020137,28191.69775395516
3021919,28191.69775395516
3023701,28191.69775395516
3025483,28191.69775395516
3027265,28191.69775395516
3029047,28191.69775395516
3002318,25447.284195908585
3004100,25447.284195908585
3005882,25447.284195908585
3007664,25447.284195908585
3009446,25447.284195908585
3011228,25447.284195908585
3013010,25447.284195908585
3014792,25447.284195908585
3016574,25447.284195908585
3018356,25447.284195908585
3020138,25447.284195908585
3021920,25447.284195908585
3023702,25447.284195908585
3025484,25447.284195908585
3027266,25447.284195908585
3029048,25447.284195908585
3002319,4.041054834009305e+87
3004101,4.041054834009305e+87
3005883,4.041054834009305e+87
3007665,6.42029037014039e+90
3009447,6.42029037014039e+90
3011229,4.041054834009305e+87
3013011,4.041054834009305e+87
3014793,4.041054834009305e+87
3016575,4.041054834009305e+87
3018357,4.041054834009305e+87
3020139,6.42029037014039e+90
3021921,6.42029037014039e+90
3023703,4.041054834009305e+87
3025485,4.041054834009305e+87
3027267,4.041054834009305e+87
3029049,4.041054834009305e+87
3002320,2393.167788136322
3004102,2393.167788136322
3005884,2393.167788136322
3007666,2393.167788136322
3009448,2393.167788136322
3011230,2393.167788136322
3013012,2393.167788136322
3014794,2393.167788136322
3016576,2393.167788136322
3018358,2393.167788136322
3020140,2393.167788136322
3021922,2393.167788136322
3023704,2393.167788136322
3025486,2393.167788136322
3027268,2393.167788136322
3029050,2393.167788136322
3002321,2393.167788136322
3004103,2393.167788136322
3005885,2393.167788136322
3007667,2393.167788136322
3009449,2393.167788136322
3011231,2393.167788136322
3013013,2393.167788136322
3014795,2393.167788136322
3016577,2393.167788136322
3018359,2393.167788136322
3020141,2393.167788136322
3021923,2393.167788136322
3023705,2393.167788136322
3025487,2393.167788136322
3027269,2393.167788136322
3029051,2393.167788136322
3002322,2393.167788136322
3004104,2393.167788136322
3005886,2393.167788136322
3007668,2393.167788136322
3009450,2393.167788136322
3011232,2393.167788136322
3013014,2393.167788136322
3014796,2393.167788136322
3016578,2393.167788136322
3018360,2393.167788136322
3020142,2393.167788136322
3021924,2393.167788136322
3023706,2393.167788136322
3025488,2393.167788136322
3027270,2393.167788136322
3029052,2393.167788136322
3002323,2393.167788136322
3004105,2393.167788136322
3005887,2393.167788136322
3007669,2393.167788136322
3009451,2393.167788136322
3011233,2393.167788136322
3013015,2393.167788136322
3014797,2393.167788136322
3016579,2393.167788136322
3018361,2393.167788136322
3020143,2393.167788136322
3021925,2393.167788136322
3023707,2393.167788136322
3025489,2393.167788136322
3027271,2393.167788136322
3029053,2393.167788136322
3002324,2393.167788136322
3004106,2393.167788136322
3005888,2393.167788136322
3007670,2393.167788136322
3009452,2393.167788136322
3011234,2393.167788136322
3013016,2393.167788136322
3014798,2393.167788136322
3016580,2393.167788136322
3018362,2393.167788136322
3020144,2393.167788136322
3021926,2393.167788136322
3023708,2393.167788136322
3025490,2393.167788136322
3027272,2393.167788136322
3029054,2393.167788136322
3002325,2393.167788136322
3004107,2393.167788136322
3005889,2393.167788136322
3007671,2393.167788136322
3009453,2393.167788136322
3011235,2393.167788136322
3013017,2393.167788136322
3014799,2393.167788136322
3016581,2393.167788136322
3018363,2393.167788136322
3020145,2393.167788136322
3021927,2393.167788136322
3023709,2393.167788136322
3025491,2393.167788136322
3027273,2393.167788136322
3029055,2393.167788136322
3002326,2393.167788136322
3004108,2393.167788136322
3005890,2393.167788136322
3007672,2393.167788136322
3009454,2393.167788136322
3011236,2393.167788136322
3013018,2393.167788136322
3014800,2393.167788136322
3016582,2393.167788136322
3018364,2393.167788136322
3020146,2393.167788136322
3021928,2393.167788136322
3023710,2393.167788136322
3025492,2393.167788136322
3027274,2393.167788136322
3029056,2393.167788136322
3002327,2393.167788136322
3004109,2393.167788136322
3005891,2393.167788136322
3007673,2393.167788136322
3009455,2393.167788136322
3011237,2393.167788136322
3013019,2393.167788136322
3014801,2393.167788136322
3016583,2393.167788136322
3018365,2393.167788136322
3020147,2393.167788136322
3021929,2393.167788136322
3023711,2393.167788136322
3025493,2393.167788136322
3027275,2393.167788136322
3029057,2393.167788136322
3002328,2393.167788136322
3004110,2393.167788136322
3005892,2393.167788136322
3007674,2393.167788136322
3009456,2393.167788136322
3011238,2393.167788136322
3013020,2393.167788136322
3014802,2393.167788136322
3016584,2393.167788136322
3018366,2393.167788136322
3020148,2393.167788136322
3021930,2393.167788136322
3023712,2393.167788136322
3025494,2393.167788136322
3027276,2393.167788136322
3029058,2393.167788136322
3002329,13755.84775951168
3004111,13755.84775951168
3005893,13755.84775951168
3007675,13755.84775951168
3009457,13755.84775951168
3011239,13755.84775951168
3013021,13755.84775951168
3014803,13755.84775951168
3016585,13755.84775951168
3018367,13755.84775951168
3020149,13755.84775951168
3021931,13755.84775951168
3023713,13755.84775951168
3025495,13755.84775951168
3027277,13755.84775951168
3029059,13755.84775951168
3002330,2393.167788136322
3004112,2393.167788136322
3005894,2393.167788136322
3007676,2393.167788136322
3009458,2393.167788136322
3011240,2393.167788136322
3013022,2393.167788136322
3014804,2393.167788136322
3016586,2393.167788136322
3018368,2393.167788136322
3020150,2393.167788136322
3021932,2393.167788136322
3023714,2393.167788136322
3025496,2393.167788136322
3027278,2393.167788136322
3029060,2393.167788136322
3002331,29379.993670687425
3004113,29379.993670687425
3005895,29379.993670687425
3007677,29379.993670687425
3009459,29379.993670687425
3011241,29379.993670687425
3013023,29379.993670687425
3014805,29379.993670687425
3016587,29379.993670687425
3018369,29379.993670687425
3020151,29379.993670687425
3021933,29379.993670687425
3023715,29379.993670687425
3025497,29379.993670687425
3027279,29379.993670687425
3029061,29379.993670687425
3002332,28191.69775395516
3004114,28191.69775395516
3005896,28191.69775395516
3007678,28191.69775395516
3009460,28191.69775395516
3011242,28191.69775395516
3013024,28191.69775395516
3014806,28191.69775395516
3016588,28191.69775395516
3018370,28191.69775395516
3020152,28191.69775395516
3021934,28191.69775395516
3023716,28191.69775395516
3025498,28191.69775395516
3027280,28191.69775395516
3029062,28191.69775395516
3002333,2393.167788136322
3004115,2393.167788136322
3005897,2393.167788136322
3007679,2393.167788136322
3009461,2393.167788136322
3011243,2393.167788136322
3013025,2393.167788136322
3014807,2393.167788136322
3016589,2393.167788136322
3018371,2393.167788136322
3020153,2393.167788136322
3021935,2393.167788136322
3023717,2393.167788136322
3025499,2393.167788136322
3027281,2393.167788136322
3029063,2393.167788136322
3002334,2393.167788136322
3004116,2393.167788136322
3005898,2393.167788136322
3007680,2393.167788136322
3009462,2393.167788136322
3011244,2393.167788136322
3013026,2393.167788136322
3014808,2393.167788136322
3016590,2393.167788136322
3018372,2393.167788136322
3020154,2393.167788136322
3021936,2393.167788136322
3023718,2393.167788136322
3025500,2393.167788136322
3027282,2393.167788136322
3029064,2393.167788136322
3002335,29379.993670687425
3004117,29379.993670687425
3005899,29379.993670687425
3007681,29379.993670687425
3009463,29379.993670687425
3011245,29379.993670687425
3013027,29379.993670687425
3014809,29379.993670687425
3016591,29379.993670687425
3018373,29379.993670687425
3020155,29379.993670687425
3021937,29379.993670687425
3023719,29379.993670687425
3025501,29379.993670687425
3027283,29379.993670687425
3029065,29379.993670687425
3002336,18867.114598218865
3004118,18867.114598218865
3005900,18867.114598218865
3007682,18867.114598218865
3009464,18867.114598218865
3011246,18867.114598218865
3013028,18867.114598218865
3014810,18867.114598218865
3016592,18867.114598218865
3018374,18867.114598218865
3020156,18867.114598218865
3021938,18867.114598218865
3023720,18867.114598218865
3025502,18867.114598218865
3027284,18867.114598218865
3029066,18867.114598218865
3002337,32530.527067124498
3004119,32530.527067124498
3005901,32530.527067124498
3007683,32530.527067124498
3009465,32530.527067124498
3011247,32530.527067124498
3013029,32530.527067124498
3014811,32530.527067124498
3016593,32530.527067124498
3018375,32530.527067124498
3020157,32530.527067124498
3021939,32530.527067124498
3023721,32530.527067124498
3025503,32530.527067124498
3027285,32530.527067124498
3029067,32530.527067124498
3002338,2393.167788136322
3004120,2393.167788136322
3005902,2393.167788136322
3007684,2393.167788136322
3009466,2393.167788136322
3011248,2393.167788136322
3013030,2393.167788136322
3014812,2393.167788136322
3016594,2393.167788136322
3018376,2393.167788136322
3020158,2393.167788136322
3021940,2393.167788136322
3023722,2393.167788136322
3025504,2393.167788136322
3027286,2393.167788136322
3029068,2393.167788136322
3002339,2393.167788136322
3004121,2393.167788136322
3005903,2393.167788136322
3007685,2393.167788136322
3009467,2393.167788136322
3011249,2393.167788136322
3013031,2393.167788136322
3014813,2393.167788136322
3016595,2393.167788136322
3018377,2393.167788136322
3020159,2393.167788136322
3021941,2393.167788136322
3023723,2393.167788136322
3025505,2393.167788136322
3027287,2393.167788136322
3029069,2393.167788136322
3002373,2393.167788136322
3004155,2393.167788136322
3005937,2393.167788136322
3007719,2393.167788136322
3009501,2393.167788136322
3011283,2393.167788136322
3013065,2393.167788136322
3014847,2393.167788136322
3016629,2393.167788136322
3018411,2393.167788136322
3020193,2393.167788136322
3021975,2393.167788136322
3023757,2393.167788136322
3025539,2393.167788136322
3027321,2393.167788136322
3029103,2393.167788136322
3002374,2393.167788136322
3004156,2393.167788136322
3005938,2393.167788136322
3007720,2393.167788136322
3009502,2393.167788136322
3011284,2393.167788136322
3013066,2393.167788136322
3014848,2393.167788136322
3016630,2393.167788136322
3018412,2393.167788136322
3020194,2393.167788136322
3021976,2393.167788136322
3023758,2393.167788136322
3025540,2393.167788136322
3027322,2393.167788136322
3029104,2393.167788136322
3002375,2393.167788136322
3004157,2393.167788136322
3005939,2393.167788136322
3007721,2393.167788136322
3009503,2393.167788136322
3011285,2393.167788136322
3013067,2393.167788136322
3014849,2393.167788136322
3016631,2393.167788136322
3018413,2393.167788136322
3020195,2393.167788136322
3021977,2393.167788136322
3023759,2393.167788136322
3025541,2393.167788136322
3027323,2393.167788136322
3029105,2393.167788136322
3002376,3.007842063574425e+108
3004158,3.007842063574425e+108
3005940,3.007842063574425e+108
3007722,3.007842063574425e+108
3009504,3.007842063574425e+108
3011286,3.007842063574425e+108
3013068,3.007842063574425e+108
3014850,3.007842063574425e+108
3016632,3.007842063574425e+108
3018414,3.007842063574425e+108
3020196,3.007842063574425e+108
3021978,3.007842063574425e+108
3023760,3.007842063574425e+108
3025542,3.007842063574425e+108
3027324,3.007842063574425e+108
3029106,3.007842063574425e+108
3002377,2393.167788136322
3004159,2393.167788136322
3005941,2393.167788136322
3007723,2393.167788136322
3009505,2393.167788136322
3011287,2393.167788136322
3013069,2393.167788136322
3014851,2393.167788136322
3016633,2393.167788136322
3018415,2393.167788136322
3020197,2393.167788136322
3021979,2393.167788136322
3023761,2393.167788136322
3025543,2393.167788136322
3027325,2393.167788136322
3029107,2393.167788136322
3002378,29379.993670687425
3004160,29379.993670687425
3005942,29379.993670687425
3007724,29379.993670687425
3009506,29379.993670687425
3011288,29379.993670687425
3013070,29379.993670687425
3014852,29379.993670687425
3016634,29379.993670687425
3018416,29379.993670687425
3020198,29379.993670687425
3021980,29379.993670687425
3023762,29379.993670687425
3025544,29379.993670687425
3027326,29379.993670687425
3029108,29379.993670687425
3002379,2393.167788136322
3004161,2393.167788136322
3005943,2393.167788136322
3007725,2393.167788136322
3009507,2393.167788136322
3011289,2393.167788136322
3013071,2393.167788136322
3014853,2393.167788136322
3016635,2393.167788136322
3018417,2393.167788136322
3020199,2393.167788136322
3021981,2393.167788136322
3023763,2393.167788136322
3025545,2393.167788136322
3027327,2393.167788136322
3029109,2393.167788136322
3002380,1.4890016199601365e+39
3004162,1.4890016199601365e+39
3005944,1.4890016199601365e+39
3007726,1.4890016199601365e+39
3009508,1.4890016199601365e+39
3011290,1.4890016199601365e+39
3013072,1.4890016199601365e+39
3014854,1.4890016199601365e+39
3016636,1.4890016199601365e+39
3018418,1.4890016199601365e+39
3020200,1.4890016199601365e+39
3021982,1.4890016199601365e+39
3023764,1.4890016199601365e+39
3025546,1.4890016199601365e+39
3027328,1.4890016199601365e+39
3029110,1.4890016199601365e+39
3002381,32530.527067124498
3004163,32530.527067124498
3005945,32530.527067124498
3007727,32530.527067124498
3009509,32530.527067124498
3011291,32530.527067124498
3013073,32530.527067124498
3014855,32530.527067124498
3016637,32530.527067124498
3018419,32530.527067124498
3020201,32530.527067124498
3021983,32530.527067124498
3023765,32530.527067124498
3025547,32530.527067124498
3027329,32530.527067124498
3029111,32530.527067124498
3002382,28191.69775395516
3004164,28191.69775395516
3005946,28191.69775395516
3007728,28191.69775395516
3009510,28191.69775395516
3011292,28191.69775395516
3013074,28191.69775395516
3014856,28191.69775395516
3016638,28191.69775395516
3018420,28191.69775395516
3020202,28191.69775395516
3021984,28191.69775395516
3023766,28191.69775395516
3025548,28191.69775395516
3027330,28191.69775395516
3029112,28191.69775395516
3002383,28191.69775395516
3004165,28191.69775395516
3005947,28191.69775395516
3007729,28191.69775395516
3009511,28191.69775395516
3011293,28191.69775395516
3013075,28191.69775395516
3014857,28191.69775395516
3016639,28191.69775395516
3018421,28191.69775395516
3020203,28191.69775395516
3021985,28191.69775395516
3023767,28191.69775395516
3025549,28191.69775395516
3027331,28191.69775395516
3029113,28191.69775395516
3002384,25447.284195908585
3004166,25447.284195908585
3005948,25447.284195908585
3007730,25447.284195908585
3009512,25447.284195908585
3011294,25447.284195908585
3013076,25447.284195908585
3014858,25447.284195908585
3016640,25447.284195908585
3018422,25447.284195908585
3020204,25447.284195908585
3021986,25447.284195908585
3023768,25447.284195908585
3025550,25447.284195908585
3027332,25447.284195908585
3029114,25447.284195908585
3002385,4.041054834009305e+87
3004167,4.041054834009305e+87
3005949,4.041054834009305e+87
3007731,6.42029037014039e+90
3009513,6.42029037014039e+90
3011295,4.041054834009305e+87
3013077,4.041054834009305e+87
3014859,4.041054834009305e+87
3016641,4.041054834009305e+87
3018423,4.041054834009305e+87
3020205,6.42029037014039e+90
3021987,6.42029037014039e+90
3023769,4.041054834009305e+87
3025551,4.041054834009305e+87
3027333,4.041054834009305e+87
3029115,4.041054834009305e+87
3002386,2393.167788136322
3004168,2393.167788136322
3005950,2393.167788136322
3007732,2393.167788136322
3009514,2393.167788136322
3011296,2393.167788136322
3013078,2393.167788136322
3014860,2393.167788136322
3016642,2393.167788136322
3018424,2393.167788136322
3020206,2393.167788136322
3021988,2393.167788136322
3023770,2393.167788136322
3025552,2393.167788136322
3027334,2393.167788136322
3029116,2393.167788136322
3002387,2393.167788136322
3004169,2393.167788136322
3005951,2393.167788136322
3007733,2393.167788136322
3009515,2393.167788136322
3011297,2393.167788136322
3013079,2393.167788136322
3014861,2393.167788136322
3016643,2393.167788136322
3018425,2393.167788136322
3020207,2393.167788136322
3021989,2393.167788136322
3023771,2393.167788136322
3025553,2393.167788136322
3027335,2393.167788136322
3029117,2393.167788136322
3002388,2393.167788136322
3004170,2393.167788136322
3005952,2393.167788136322
3007734,2393.167788136322
3009516,2393.167788136322
3011298,2393.167788136322
3013080,2393.167788136322
3014862,2393.167788136322
3016644,2393.167788136322
3018426,2393.167788136322
3020208,2393.167788136322
3021990,2393.167788136322
3023772,2393.167788136322
3025554,2393.167788136322
3027336,2393.167788136322
3029118,2393.167788136322
3002389,2393.167788136322
3004171,2393.167788136322
3005953,2393.167788136322
3007735,2393.167788136322
3009517,2393.167788136322
3011299,2393.167788136322
3013081,2393.167788136322
3014863,2393.167788136322
3016645,2393.167788136322
3018427,2393.167788136322
3020209,2393.167788136322
3021991,2393.167788136322
3023773,2393.167788136322
3025555,2393.167788136322
3027337,2393.167788136322
3029119,2393.167788136322
3002390,2393.167788136322
3004172,2393.167788136322
3005954,2393.167788136322
3007736,2393.167788136322
3009518,2393.167788136322
3011300,2393.167788136322
3013082,2393.167788136322
3014864,2393.167788136322
3016646,2393.167788136322
3018428,2393.167788136322
3020210,2393.167788136322
3021992,2393.167788136322
3023774,2393.167788136322
3025556,2393.167788136322
3027338,2393.167788136322
3029120,2393.167788136322
3002391,2393.167788136322
3004173,2393.167788136322
3005955,2393.167788136322
3007737,2393.167788136322
3009519,2393.167788136322
3011301,2393.167788136322
3013083,2393.167788136322
3014865,2393.167788136322
3016647,2393.167788136322
3018429,2393.167788136322
3020211,2393.167788136322
3021993,2393.167788136322
3023775,2393.167788136322
3025557,2393.167788136322
3027339,2393.167788136322
3029121,2393.167788136322
3002392,2393.167788136322
3004174,2393.167788136322
3005956,2393.167788136322
3007738,2393.167788136322
3009520,2393.167788136322
3011302,2393.167788136322
3013084,2393.167788136322
3014866,2393.167788136322
3016648,2393.167788136322
3018430,2393.167788136322
3020212,2393.167788136322
3021994,2393.167788136322
3023776,2393.167788136322
3025558,2393.167788136322
3027340,2393.167788136322
3029122,2393.167788136322
3002393,2393.167788136322
3004175,2393.167788136322
3005957,2393.167788136322
3007739,2393.167788136322
3009521,2393.167788136322
3011303,2393.167788136322
3013085,2393.167788136322
3014867,2393.167788136322
3016649,2393.167788136322
3018431,2393.167788136322
3020213,2393.167788136322
3021995,2393.167788136322
3023777,2393.167788136322
3025559,2393.167788136322
3027341,2393.167788136322
3029123,2393.167788136322
3002394,2393.167788136322
3004176,2393.167788136322
3005958,2393.167788136322
3007740,2393.167788136322
3009522,2393.167788136322
3011304,2393.167788136322
3013086,2393.167788136322
3014868,2393.167788136322
3016650,2393.167788136322
3018432,2393.167788136322
3020214,2393.167788136322
3021996,2393.167788136322
3023778,2393.167788136322
3025560,2393.167788136322
3027342,2393.167788136322
3029124,2393.167788136322
3002395,13755.84775951168
3004177,13755.84775951168
3005959,13755.84775951168
3007741,13755.84775951168
3009523,13755.84775951168
3011305,13755.84775951168
3013087,13755.84775951168
3014869,13755.84775951168
3016651,13755.84775951168
3018433,13755.84775951168
3020215,13755.84775951168
3021997,13755.84775951168
3023779,13755.84775951168
3025561,13755.84775951168
3027343,13755.84775951168
3029125,13755.84775951168
3002396,2393.167788136322
3004178,2393.167788136322
3005960,2393.167788136322
3007742,2393.167788136322
3009524,2393.167788136322
3011306,2393.167788136322
3013088,2393.167788136322
3014870,2393.167788136322
3016652,2393.167788136322
3018434,2393.167788136322
3020216,2393.167788136322
3021998,2393.167788136322
3023780,2393.167788136322
3025562,2393.167788136322
3027344,2393.167788136322
3029126,2393.167788136322
3002397,29379.993670687425
3004179,29379.993670687425
3005961,29379.993670687425
3007743,29379.993670687425
3009525,29379.993670687425
3011307,29379.993670687425
3013089,29379.993670687425
3014871,29379.993670687425
3016653,29379.993670687425
3018435,29379.993670687425
3020217,29379.993670687425
3021999,29379.993670687425
3023781,29379.993670687425
3025563,29379.993670687425
3027345,29379.993670687425
3029127,29379.993670687425
3002398,28191.69775395516
3004180,28191.69775395516
3005962,28191.69775395516
3007744,28191.69775395516
3009526,28191.69775395516
3011308,28191.69775395516
3013090,28191.69775395516
3014872,28191.69775395516
3016654,28191.69775395516
3018436,28191.69775395516
3020218,28191.69775395516
3022000,28191.69775395516
3023782,28191.69775395516
3025564,28191.69775395516
3027346,28191.69775395516
3029128,28191.69775395516
3002399,2393.167788136322
3004181,2393.167788136322
3005963,2393.167788136322
3007745,2393.167788136322
3009527,2393.167788136322
3011309,2393.167788136322
3013091,2393.167788136322
3014873,2393.167788136322
3016655,2393.167788136322
3018437,2393.167788136322
3020219,2393.167788136322
3022001,2393.167788136322
3023783,2393.167788136322
3025565,2393.167788136322
3027347,2393.167788136322
3029129,2393.167788136322
3002400,2393.167788136322
3004182,2393.167788136322
3005964,2393.167788136322
3007746,2393.167788136322
3009528,2393.167788136322
3011310,2393.167788136322
3013092,2393.167788136322
3014874,2393.167788136322
3016656,2393.167788136322
3018438,2393.167788136322
3020220,2393.167788136322
3022002,2393.167788136322
3023784,2393.167788136322
3025566,2393.167788136322
3027348,2393.167788136322
3029130,2393.167788136322
3002401,29379.993670687425
3004183,29379.993670687425
3005965,29379.993670687425
3007747,29379.993670687425
3009529,29379.993670687425
3011311,29379.993670687425
3013093,29379.993670687425
3014875,29379.993670687425
3016657,29379.993670687425
3018439,29379.993670687425
3020221,29379.993670687425
3022003,29379.993670687425
3023785,29379.993670687425
3025567,29379.993670687425
3027349,29379.993670687425
3029131,29379.993670687425
3002402,18867.114598218865
3004184,18867.114598218865
3005966,18867.114598218865
3007748,18867.114598218865
3009530,18867.114598218865
3011312,18867.114598218865
3013094,18867.114598218865
3014876,18867.114598218865
3016658,18867.114598218865
3018440,18867.114598218865
3020222,18867.114598218865
3022004,18867.114598218865
3023786,18867.114598218865
3025568,18867.114598218865
3027350,18867.114598218865
3029132,18867.114598218865
3002403,32530.527067124498
3004185,32530.527067124498
3005967,32530.527067124498
3007749,32530.527067124498
3009531,32530.527067124498
3011313,32530.527067124498
3013095,32530.527067124498
3014877,32530.527067124498
3016659,32530.527067124498
3018441,32530.527067124498
3020223,32530.527067124498
3022005,32530.527067124498
3023787,32530.527067124498
3025569,32530.527067124498
3027351,32530.527067124498
3029133,32530.527067124498
3002404,2393.167788136322
3004186,2393.167788136322
3005968,2393.167788136322
3007750,2393.167788136322
3009532,2393.167788136322
3011314,2393.167788136322
3013096,2393.167788136322
3014878,2393.167788136322
3016660,2393.167788136322
3018442,2393.167788136322
3020224,2393.167788136322
3022006,2393.167788136322
3023788,2393.167788136322
3025570,2393.167788136322
3027352,2393.167788136322
3029134,2393.167788136322
3002405,2393.167788136322
3004187,2393.167788136322
3005969,2393.167788136322
3007751,2393.167788136322
3009533,2393.167788136322
3011315,2393.167788136322
3013097,2393.167788136322
3014879,2393.167788136322
3016661,2393.167788136322
3018443,2393.167788136322
3020225,2393.167788136322
3022007,2393.167788136322
3023789,2393.167788136322
3025571,2393.167788136322
3027353,2393.167788136322
3029135,2393.167788136322
3002406,2393.167788136322
3004188,2393.167788136322
3005970,2393.167788136322
3007752,2393.167788136322
3009534,2393.167788136322
3011316,2393.167788136322
3013098,2393.167788136322
3014880,2393.167788136322
3016662,2393.167788136322
3018444,2393.167788136322
3020226,2393.167788136322
3022008,2393.167788136322
3023790,2393.167788136322
3025572,2393.167788136322
3027354,2393.167788136322
3029136,2393.167788136322
3002407,2393.167788136322
3004189,2393.167788136322
3005971,2393.167788136322
3007753,2393.167788136322
3009535,2393.167788136322
3011317,2393.167788136322
3013099,2393.167788136322
3014881,2393.167788136322
3016663,2393.167788136322
3018445,2393.167788136322
3020227,2393.167788136322
3022009,2393.167788136322
3023791,2393.167788136322
3025573,2393.167788136322
3027355,2393.167788136322
3029137,2393.167788136322
3002408,2393.167788136322
3004190,2393.167788136322
3005972,2393.167788136322
3007754,2393.167788136322
3009536,2393.167788136322
3011318,2393.167788136322
3013100,2393.167788136322
3014882,2393.167788136322
3016664,2393.167788136322
3018446,2393.167788136322
3020228,2393.167788136322
3022010,2393.167788136322
3023792,2393.167788136322
3025574,2393.167788136322
3027356,2393.167788136322
3029138,2393.167788136322
3002409,3.007842063574425e+108
3004191,3.007842063574425e+108
3005973,3.007842063574425e+108
3007755,3.007842063574425e+108
3009537,3.007842063574425e+108
3011319,3.007842063574425e+108
3013101,3.007842063574425e+108
3014883,3.007842063574425e+108
3016665,3.007842063574425e+108
3018447,3.007842063574425e+108
3020229,3.007842063574425e+108
3022011,3.007842063574425e+108
3023793,3.007842063574425e+108
3025575,3.007842063574425e+108
3027357,3.007842063574425e+108
3029139,3.007842063574425e+108
3002410,2393.167788136322
3004192,2393.167788136322
3005974,2393.167788136322
3007756,2393.167788136322
3009538,2393.167788136322
3011320,2393.167788136322
3013102,2393.167788136322
3014884,2393.167788136322
3016666,2393.167788136322
3018448,2393.167788136322
3020230,2393.167788136322
3022012,2393.167788136322
3023794,2393.167788136322
3025576,2393.167788136322
3027358,2393.167788136322
3029140,2393.167788136322
3002411,29379.993670687425
3004193,29379.993670687425
3005975,29379.993670687425
3007757,29379.993670687425
3009539,29379.993670687425
3011321,29379.993670687425
3013103,29379.993670687425
3014885,29379.993670687425
3016667,29379.993670687425
3018449,29379.993670687425
3020231,29379.993670687425
3022013,29379.993670687425
3023795,29379.993670687425
3025577,29379.993670687425
3027359,29379.993670687425
3029141,29379.993670687425
3002412,2393.167788136322
3004194,2393.167788136322
3005976,2393.167788136322
3007758,2393.167788136322
3009540,2393.167788136322
3011322,2393.167788136322
3013104,2393.167788136322
3014886,2393.167788136322
3016668,2393.167788136322
3018450,2393.167788136322
3020232,2393.167788136322
3022014,2393.167788136322
3023796,2393.167788136322
3025578,2393.167788136322
3027360,2393.167788136322
3029142,2393.167788136322
3002413,1.4890016199601365e+39
3004195,1.4890016199601365e+39
3005977,1.4890016199601365e+39
3007759,1.4890016199601365e+39
3009541,1.4890016199601365e+39
3011323,1.4890016199601365e+39
3013105,1.4890016199601365e+39
3014887,1.4890016199601365e+39
3016669,1.4890016199601365e+39
3018451,1.4890016199601365e+39
3020233,1.4890016199601365e+39
3022015,1.4890016199601365e+39
3023797,1.4890016199601365e+39
3025579,1.4890016199601365e+39
3027361,1.4890016199601365e+39
3029143,1.4890016199601365e+39
3002414,32530.527067124498
3004196,32530.527067124498
3005978,32530.527067124498
3007760,32530.527067124498
3009542,32530.527067124498
3011324,32530.527067124498
3013106,32530.527067124498
3014888,32530.527067124498
3016670,32530.527067124498
3018452,32530.527067124498
3020234,32530.527067124498
3022016,32530.527067124498
3023798,32530.527067124498
3025580,32530.527067124498
3027362,32530.527067124498
3029144,32530.527067124498
3002415,28191.69775395516
3004197,28191.69775395516
3005979,28191.69775395516
3007761,28191.69775395516
3009543,28191.69775395516
3011325,28191.69775395516
3013107,28191.69775395516
3014889,28191.69775395516
3016671,28191.69775395516
3018453,28191.69775395516
3020235,28191.69775395516
3022017,28191.69775395516
3023799,28191.69775395516
3025581,28191.69775395516
3027363,28191.69775395516
3029145,28191.69775395516
3002416,28191.69775395516
3004198,28191.69775395516
3005980,28191.69775395516
3007762,28191.69775395516
3009544,28191.69775395516
3011326,28191.69775395516
3013108,28191.69775395516
3014890,28191.69775395516
3016672,28191.69775395516
3018454,28191.69775395516
3020236,28191.69775395516
3022018,28191.69775395516
3023800,28191.69775395516
3025582,28191.69775395516
3027364,28191.69775395516
3029146,28191.69775395516
3002417,25447.284195908585
3004199,25447.284195908585
3005981,25447.284195908585
3007763,25447.284195908585
3009545,25447.284195908585
3011327,25447.284195908585
3013109,25447.284195908585
3014891,25447.284195908585
3016673,25447.284195908585
3018455,25447.284195908585
3020237,25447.284195908585
3022019,25447.284195908585
3023801,25447.284195908585
3025583,25447.284195908585
3027365,25447.284195908585
3029147,25447.284195908585
3002418,4.041054834009305e+87
3004200,4.041054834009305e+87
3005982,4.041054834009305e+87
3007764,6.42029037014039e+90
3009546,6.42029037014039e+90
3011328,4.041054834009305e+87
3013110,4.041054834009305e+87
3014892,4.041054834009305e+87
3016674,4.041054834009305e+87
3018456,4.041054834009305e+87
3020238,6.42029037014039e+90
3022020,6.42029037014039e+90
3023802,4.041054834009305e+87
3025584,4.041054834009305e+87
3027366,4.041054834009305e+87
3029148,4.041054834009305e+87
3002419,2393.167788136322
3004201,2393.167788136322
3005983,2393.167788136322
3007765,2393.167788136322
3009547,2393.167788136322
3011329,2393.167788136322
3013111,2393.167788136322
3014893,2393.167788136322
3016675,2393.167788136322
3018457,2393.167788136322
3020239,2393.167788136322
3022021,2393.167788136322
3023803,2393.167788136322
3025585,2393.167788136322
3027367,2393.167788136322
3029149,2393.167788136322
3002420,2393.167788136322
3004202,2393.167788136322
3005984,2393.167788136322
3007766,2393.167788136322
3009548,2393.167788136322
3011330,2393.167788136322
3013112,2393.167788136322
3014894,2393.167788136322
3016676,2393.167788136322
3018458,2393.167788136322
3020240,2393.167788136322
3022022,2393.167788136322
3023804,2393.167788136322
3025586,2393.167788136322
3027368,2393.167788136322
3029150,2393.167788136322
3002421,2393.167788136322
3004203,2393.167788136322
3005985,2393.167788136322
3007767,2393.167788136322
3009549,2393.167788136322
3011331,2393.167788136322
3013113,2393.167788136322
3014895,2393.167788136322
3016677,2393.167788136322
3018459,2393.167788136322
3020241,2393.167788136322
3022023,2393.167788136322
3023805,2393.167788136322
3025587,2393.167788136322
3027369,2393.167788136322
3029151,2393.167788136322
3002422,2393.167788136322
3004204,2393.167788136322
3005986,2393.167788136322
3007768,2393.167788136322
3009550,2393.167788136322
3011332,2393.167788136322
3013114,2393.167788136322
3014896,2393.167788136322
3016678,2393.167788136322
3018460,2393.167788136322
3020242,2393.167788136322
3022024,2393.167788136322
3023806,2393.167788136322
3025588,2393.167788136322
3027370,2393.167788136322
3029152,2393.167788136322
3002423,2393.167788136322
3004205,2393.167788136322
3005987,2393.167788136322
3007769,2393.167788136322
3009551,2393.167788136322
3011333,2393.167788136322
3013115,2393.167788136322
3014897,2393.167788136322
3016679,2393.167788136322
3018461,2393.167788136322
3020243,2393.167788136322
3022025,2393.167788136322
3023807,2393.167788136322
3025589,2393.167788136322
3027371,2393.167788136322
3029153,2393.167788136322
3002424,2393.167788136322
3004206,2393.167788136322
3005988,2393.167788136322
3007770,2393.167788136322
3009552,2393.167788136322
3011334,2393.167788136322
3013116,2393.167788136322
3014898,2393.167788136322
3016680,2393.167788136322
3018462,2393.167788136322
3020244,2393.167788136322
3022026,2393.167788136322
3023808,2393.167788136322
3025590,2393.167788136322
3027372,2393.167788136322
3029154,2393.167788136322
3002425,2393.167788136322
3004207,2393.167788136322
3005989,2393.167788136322
3007771,2393.167788136322
3009553,2393.167788136322
3011335,2393.167788136322
3013117,2393.167788136322
3014899,2393.167788136322
3016681,2393.167788136322
3018463,2393.167788136322
3020245,2393.167788136322
3022027,2393.167788136322
3023809,2393.167788136322
3025591,2393.167788136322
3027373,2393.167788136322
3029155,2393.167788136322
3002426,2393.167788136322
3004208,2393.167788136322
3005990,2393.167788136322
3007772,2393.167788136322
3009554,2393.167788136322
3011336,2393.167788136322
3013118,2393.167788136322
3014900,2393.167788136322
3016682,2393.167788136322
3018464,2393.167788136322
3020246,2393.167788136322
3022028,2393.167788136322
3023810,2393.167788136322
3025592,2393.167788136322
3027374,2393.167788136322
3029156,2393.167788136322
3002427,2393.167788136322
3004209,2393.167788136322
3005991,2393.167788136322
3007773,2393.167788136322
3009555,2393.167788136322
3011337,2393.167788136322
3013119,2393.167788136322
3014901,2393.167788136322
3016683,2393.167788136322
3018465,2393.167788136322
3020247,2393.167788136322
3022029,2393.167788136322
3023811,2393.167788136322
3025593,2393.167788136322
3027375,2393.167788136322
3029157,2393.167788136322
3002428,13755.84775951168
3004210,13755.84775951168
3005992,13755.84775951168
3007774,13755.84775951168
3009556,13755.84775951168
3011338,13755.84775951168
3013120,13755.84775951168
3014902,13755.84775951168
3016684,13755.84775951168
3018466,13755.84775951168
3020248,13755.84775951168
3022030,13755.84775951168
3023812,13755.84775951168
3025594,13755.84775951168
3027376,13755.84775951168
3029158,13755.84775951168
3002429,2393.167788136322
3004211,2393.167788136322
3005993,2393.167788136322
3007775,2393.167788136322
3009557,2393.167788136322
3011339,2393.167788136322
3013121,2393.167788136322
3014903,2393.167788136322
3016685,2393.167788136322
3018467,2393.167788136322
3020249,2393.167788136322
3022031,2393.167788136322
3023813,2393.167788136322
3025595,2393.167788136322
3027377,2393.167788136322
3029159,2393.167788136322
3002430,29379.993670687425
3004212,29379.993670687425
3005994,29379.993670687425
3007776,29379.993670687425
3009558,29379.993670687425
3011340,29379.993670687425
3013122,29379.993670687425
3014904,29379.993670687425
3016686,29379.993670687425
3018468,29379.993670687425
3020250,29379.993670687425
3022032,29379.993670687425
3023814,29379.993670687425
3025596,29379.993670687425
3027378,29379.993670687425
3029160,29379.993670687425
3002431,28191.69775395516
3004213,28191.69775395516
3005995,28191.69775395516
3007777,28191.69775395516
3009559,28191.69775395516
3011341,28191.69775395516
3013123,28191.69775395516
3014905,28191.69775395516
3016687,28191.69775395516
3018469,28191.69775395516
3020251,28191.69775395516
3022033,28191.69775395516
3023815,28191.69775395516
3025597,28191.69775395516
3027379,28191.69775395516
3029161,28191.69775395516
3002432,2393.167788136322
3004214,2393.167788136322
3005996,2393.167788136322
3007778,2393.167788136322
3009560,2393.167788136322
3011342,2393.167788136322
3013124,2393.167788136322
3014906,2393.167788136322
3016688,2393.167788136322
3018470,2393.167788136322
3020252,2393.167788136322
3022034,2393.167788136322
3023816,2393.167788136322
3025598,2393.167788136322
3027380,2393.167788136322
3029162,2393.167788136322
3002433,2393.167788136322
3004215,2393.167788136322
3005997,2393.167788136322
3007779,2393.167788136322
3009561,2393.167788136322
3011343,2393.167788136322
3013125,2393.167788136322
3014907,2393.167788136322
3016689,2393.167788136322
3018471,2393.167788136322
3020253,2393.167788136322
3022035,2393.167788136322
3023817,2393.167788136322
3025599,2393.167788136322
3027381,2393.167788136322
3029163,2393.167788136322
3002434,29379.993670687425
3004216,29379.993670687425
3005998,29379.993670687425
3007780,29379.993670687425
3009562,29379.993670687425
3011344,29379.993670687425
3013126,29379.993670687425
3014908,29379.993670687425
3016690,29379.993670687425
3018472,29379.993670687425
3020254,29379.993670687425
3022036,29379.993670687425
3023818,29379.993670687425
3025600,29379.993670687425
3027382,29379.993670687425
3029164,29379.993670687425
3002435,18867.114598218865
3004217,18867.114598218865
3005999,18867.114598218865
3007781,18867.114598218865
3009563,18867.114598218865
3011345,18867.114598218865
3013127,18867.114598218865
3014909,18867.114598218865
3016691,18867.114598218865
3018473,18867.114598218865
3020255,18867.114598218865
3022037,18867.114598218865
3023819,18867.114598218865
3025601,18867.114598218865
3027383,18867.114598218865
3029165,18867.114598218865
3002436,32530.527067124498
3004218,32530.527067124498
3006000,32530.527067124498
3007782,32530.527067124498
3009564,32530.527067124498
3011346,32530.527067124498
3013128,32530.527067124498
3014910,32530.527067124498
3016692,32530.527067124498
3018474,32530.527067124498
3020256,32530.527067124498
3022038,32530.527067124498
3023820,32530.527067124498
3025602,32530.527067124498
3027384,32530.527067124498
3029166,32530.527067124498
3002437,2393.167788136322
3004219,2393.167788136322
3006001,2393.167788136322
3007783,2393.167788136322
3009565,2393.167788136322
3011347,2393.167788136322
3013129,2393.167788136322
3014911,2393.167788136322
3016693,2393.167788136322
3018475,2393.167788136322
3020257,2393.167788136322
3022039,2393.167788136322
3023821,2393.167788136322
3025603,2393.167788136322
3027385,2393.167788136322
3029167,2393.167788136322
3002438,2393.167788136322
3004220,2393.167788136322
3006002,2393.167788136322
3007784,2393.167788136322
3009566,2393.167788136322
3011348,2393.167788136322
3013130,2393.167788136322
3014912,2393.167788136322
3016694,2393.167788136322
3018476,2393.167788136322
3020258,2393.167788136322
3022040,2393.167788136322
3023822,2393.167788136322
3025604,2393.167788136322
3027386,2393.167788136322
3029168,2393.167788136322
3002439,2393.167788136322
3004221,2393.167788136322
3006003,2393.167788136322
3007785,2393.167788136322
3009567,2393.167788136322
3011349,2393.167788136322
3013131,2393.167788136322
3014913,2393.167788136322
3016695,2393.167788136322
3018477,2393.167788136322
3020259,2393.167788136322
3022041,2393.167788136322
3023823,2393.167788136322
3025605,2393.167788136322
3027387,2393.167788136322
3029169,2393.167788136322
3002440,2393.167788136322
3004222,2393.167788136322
3006004,2393.167788136322
3007786,2393.167788136322
3009568,2393.167788136322
3011350,2393.167788136322
3013132,2393.167788136322
3014914,2393.167788136322
3016696,2393.167788136322
3018478,2393.167788136322
3020260,2393.167788136322
3022042,2393.167788136322
3023824,2393.167788136322
3025606,2393.167788136322
3027388,2393.167788136322
3029170,2393.167788136322
3002441,2393.167788136322
3004223,2393.167788136322
3006005,2393.167788136322
3007787,2393.167788136322
3009569,2393.167788136322
3011351,2393.167788136322
3013133,2393.167788136322
3014915,2393.167788136322
3016697,2393.167788136322
3018479,2393.167788136322
3020261,2393.167788136322
3022043,2393.167788136322
3023825,2393.167788136322
3025607,2393.167788136322
3027389,2393.167788136322
3029171,2393.167788136322
3002442,3.007842063574425e+108
3004224,3.007842063574425e+108
3006006,3.007842063574425e+108
3007788,3.007842063574425e+108
3009570,3.007842063574425e+108
3011352,3.007842063574425e+108
3013134,3.007842063574425e+108
3014916,3.007842063574425e+108
3016698,3.007842063574425e+108
3018480,3.007842063574425e+108
3020262,3.007842063574425e+108
3022044,3.007842063574425e+108
3023826,3.007842063574425e+108
3025608,3.007842063574425e+108
3027390,3.007842063574425e+108
3029172,3.007842063574425e+108
3002443,2393.167788136322
3004225,2393.167788136322
3006007,2393.167788136322
3007789,2393.167788136322
3009571,2393.167788136322
3011353,2393.167788136322
3013135,2393.167788136322
3014917,2393.167788136322
3016699,2393.167788136322
3018481,2393.167788136322
3020263,2393.167788136322
3022045,2393.167788136322
3023827,2393.167788136322
3025609,2393.167788136322
3027391,2393.167788136322
3029173,2393.167788136322
3002444,29379.993670687425
3004226,29379.993670687425
3006008,29379.993670687425
3007790,29379.993670687425
3009572,29379.993670687425
3011354,29379.993670687425
3013136,29379.993670687425
3014918,29379.993670687425
3016700,29379.993670687425
3018482,29379.993670687425
3020264,29379.993670687425
3022046,29379.993670687425
3023828,29379.993670687425
3025610,29379.993670687425
3027392,29379.993670687425
3029174,29379.993670687425
3002445,2393.167788136322
3004227,2393.167788136322
3006009,2393.167788136322
3007791,2393.167788136322
3009573,2393.167788136322
3011355,2393.167788136322
3013137,2393.167788136322
3014919,2393.167788136322
3016701,2393.167788136322
3018483,2393.167788136322
3020265,2393.167788136322
3022047,2393.167788136322
3023829,2393.167788136322
3025611,2393.167788136322
3027393,2393.167788136322
3029175,2393.167788136322
3002446,1.4890016199601365e+39
3004228,1.4890016199601365e+39
3006010,1.4890016199601365e+39
3007792,1.4890016199601365e+39
3009574,1.4890016199601365e+39
3011356,1.4890016199601365e+39
3013138,1.4890016199601365e+39
3014920,1.4890016199601365e+39
3016702,1.4890016199601365e+39
3018484,1.4890016199601365e+39
3020266,1.4890016199601365e+39
3022048,1.4890016199601365e+39
3023830,1.4890016199601365e+39
3025612,1.4890016199601365e+39
3027394,1.4890016199601365e+39
3029176,1.4890016199601365e+39
3002447,32530.527067124498
3004229,32530.527067124498
3006011,32530.527067124498
3007793,32530.527067124498
3009575,32530.527067124498
3011357,32530.527067124498
3013139,32530.527067124498
3014921,32530.527067124498
3016703,32530.527067124498
3018485,32530.527067124498
3020267,32530.527067124498
3022049,32530.527067124498
3023831,32530.527067124498
3025613,32530.527067124498
3027395,32530.527067124498
3029177,32530.527067124498
3002448,28191.69775395516
3004230,28191.69775395516
3006012,28191.69775395516
3007794,28191.69775395516
3009576,28191.69775395516
3011358,28191.69775395516
3013140,28191.69775395516
3014922,28191.69775395516
3016704,28191.69775395516
3018486,28191.69775395516
3020268,28191.69775395516
3022050,28191.69775395516
3023832,28191.69775395516
3025614,28191.69775395516
3027396,28191.69775395516
3029178,28191.69775395516
3002449,28191.69775395516
3004231,28191.69775395516
3006013,28191.69775395516
3007795,28191.69775395516
3009577,28191.69775395516
3011359,28191.69775395516
3013141,28191.69775395516
3014923,28191.69775395516
3016705,28191.69775395516
3018487,28191.69775395516
3020269,28191.69775395516
3022051,28191.69775395516
3023833,28191.69775395516
3025615,28191.69775395516
3027397,28191.69775395516
3029179,28191.69775395516
3002450,25447.284195908585
3004232,25447.284195908585
3006014,25447.284195908585
3007796,25447.284195908585
3009578,25447.284195908585
3011360,25447.284195908585
3013142,25447.284195908585
3014924,25447.284195908585
3016706,25447.284195908585
3018488,25447.284195908585
3020270,25447.284195908585
3022052,25447.284195908585
3023834,25447.284195908585
3025616,25447.284195908585
3027398,25447.284195908585
3029180,25447.284195908585
3002451,4.041054834009305e+87
3004233,4.041054834009305e+87
3006015,4.041054834009305e+87
3007797,6.42029037014039e+90
3009579,6.42029037014039e+90
3011361,4.041054834009305e+87
3013143,4.041054834009305e+87
3014925,4.041054834009305e+87
3016707,4.041054834009305e+87
3018489,4.041054834009305e+87
3020271,6.42029037014039e+90
3022053,6.42029037014039e+90
3023835,4.041054834009305e+87
3025617,4.041054834009305e+87
3027399,4.041054834009305e+87
3029181,4.041054834009305e+87
3002452,2393.167788136322
3004234,2393.167788136322
3006016,2393.167788136322
3007798,2393.167788136322
3009580,2393.167788136322
3011362,2393.167788136322
3013144,2393.167788136322
3014926,2393.167788136322
3016708,2393.167788136322
3018490,2393.167788136322
3020272,2393.167788136322
3022054,2393.167788136322
3023836,2393.167788136322
3025618,2393.167788136322
3027400,2393.167788136322
3029182,2393.167788136322
3002453,2393.167788136322
3004235,2393.167788136322
3006017,2393.167788136322
3007799,2393.167788136322
3009581,2393.167788136322
3011363,2393.167788136322
3013145,2393.167788136322
3014927,2393.167788136322
3016709,2393.167788136322
3018491,2393.167788136322
3020273,2393.167788136322
3022055,2393.167788136322
3023837,2393.167788136322
3025619,2393.167788136322
3027401,2393.167788136322
3029183,2393.167788136322
3002454,2393.167788136322
3004236,2393.167788136322
3006018,2393.167788136322
3007800,2393.167788136322
3009582,2393.167788136322
3011364,2393.167788136322
3013146,2393.167788136322
3014928,2393.167788136322
3016710,2393.167788136322
3018492,2393.167788136322
3020274,2393.167788136322
3022056,2393.167788136322
3023838,2393.167788136322
3025620,2393.167788136322
3027402,2393.167788136322
3029184,2393.167788136322
3002455,2393.167788136322
3004237,2393.167788136322
3006019,2393.167788136322
3007801,2393.167788136322
3009583,2393.167788136322
3011365,2393.167788136322
3013147,2393.167788136322
3014929,2393.167788136322
3016711,2393.167788136322
3018493,2393.167788136322
3020275,2393.167788136322
3022057,2393.167788136322
3023839,2393.167788136322
3025621,2393.167788136322
3027403,2393.167788136322
3029185,2393.167788136322
3002456,2393.167788136322
3004238,2393.167788136322
3006020,2393.167788136322
3007802,2393.167788136322
3009584,2393.167788136322
3011366,2393.167788136322
3013148,2393.167788136322
3014930,2393.167788136322
3016712,2393.167788136322
3018494,2393.167788136322
3020276,2393.167788136322
3022058,2393.167788136322
3023840,2393.167788136322
3025622,2393.167788136322
3027404,2393.167788136322
3029186,2393.167788136322
3002457,2393.167788136322
3004239,2393.167788136322
3006021,2393.167788136322
3007803,2393.167788136322
3009585,2393.167788136322
3011367,2393.167788136322
3013149,2393.167788136322
3014931,2393.167788136322
3016713,2393.167788136322
3018495,2393.167788136322
3020277,2393.167788136322
3022059,2393.167788136322
3023841,2393.167788136322
3025623,2393.167788136322
3027405,2393.167788136322
3029187,2393.167788136322
3002458,2393.167788136322
3004240,2393.167788136322
3006022,2393.167788136322
3007804,2393.167788136322
3009586,2393.167788136322
3011368,2393.167788136322
3013150,2393.167788136322
3014932,2393.167788136322
3016714,2393.167788136322
3018496,2393.167788136322
3020278,2393.167788136322
3022060,2393.167788136322
3023842,2393.167788136322
3025624,2393.167788136322
3027406,2393.167788136322
3029188,2393.167788136322
3002459,2393.167788136322
3004241,2393.167788136322
3006023,2393.167788136322
3007805,2393.167788136322
3009587,2393.167788136322
3011369,2393.167788136322
3013151,2393.167788136322
3014933,2393.167788136322
3016715,2393.167788136322
3018497,2393.167788136322
3020279,2393.167788136322
3022061,2393.167788136322
3023843,2393.167788136322
3025625,2393.167788136322
3027407,2393.167788136322
3029189,2393.167788136322
3002460,2393.167788136322
3004242,2393.167788136322
3006024,2393.167788136322
3007806,2393.167788136322
3009588,2393.167788136322
3011370,2393.167788136322
3013152,2393.167788136322
3014934,2393.167788136322
3016716,2393.167788136322
3018498,2393.167788136322
3020280,2393.167788136322
3022062,2393.167788136322
3023844,2393.167788136322
3025626,2393.167788136322
3027408,2393.167788136322
3029190,2393.167788136322
3002461,13755.84775951168
3004243,13755.84775951168
3006025,13755.84775951168
3007807,13755.84775951168
3009589,13755.84775951168
3011371,13755.84775951168
3013153,13755.84775951168
3014935,13755.84775951168
3016717,13755.84775951168
3018499,13755.84775951168
3020281,13755.84775951168
3022063,13755.84775951168
3023845,13755.84775951168
3025627,13755.84775951168
3027409,13755.84775951168
3029191,13755.84775951168
3002462,2393.167788136322
3004244,2393.167788136322
3006026,2393.167788136322
3007808,2393.167788136322
3009590,2393.167788136322
3011372,2393.167788136322
3013154,2393.167788136322
3014936,2393.167788136322
3016718,2393.167788136322
3018500,2393.167788136322
3020282,2393.167788136322
3022064,2393.167788136322
3023846,2393.167788136322
3025628,2393.167788136322
3027410,2393.167788136322
3029192,2393.167788136322
3002463,29379.993670687425
3004245,29379.993670687425
3006027,29379.993670687425
3007809,29379.993670687425
3009591,29379.993670687425
3011373,29379.993670687425
3013155,29379.993670687425
3014937,29379.993670687425
3016719,29379.993670687425
3018501,29379.993670687425
3020283,29379.993670687425
3022065,29379.993670687425
3023847,29379.993670687425
3025629,29379.993670687425
3027411,29379.993670687425
3029193,29379.993670687425
3002464,28191.69775395516
3004246,28191.69775395516
3006028,28191.69775395516
3007810,28191.69775395516
3009592,28191.69775395516
3011374,28191.69775395516
3013156,28191.69775395516
3014938,28191.69775395516
3016720,28191.69775395516
3018502,28191.69775395516
3020284,28191.69775395516
3022066,28191.69775395516
3023848,28191.69775395516
3025630,28191.69775395516
3027412,28191.69775395516
3029194,28191.69775395516
3002465,2393.167788136322
3004247,2393.167788136322
3006029,2393.167788136322
3007811,2393.167788136322
3009593,2393.167788136322
3011375,2393.167788136322
3013157,2393.167788136322
3014939,2393.167788136322
3016721,2393.167788136322
3018503,2393.167788136322
3020285,2393.167788136322
3022067,2393.167788136322
3023849,2393.167788136322
3025631,2393.167788136322
3027413,2393.167788136322
3029195,2393.167788136322
3002466,2393.167788136322
3004248,2393.167788136322
3006030,2393.167788136322
3007812,2393.167788136322
3009594,2393.167788136322
3011376,2393.167788136322
3013158,2393.167788136322
3014940,2393.167788136322
3016722,2393.167788136322
3018504,2393.167788136322
3020286,2393.167788136322
3022068,2393.167788136322
3023850,2393.167788136322
3025632,2393.167788136322
3027414,2393.167788136322
3029196,2393.167788136322
3002467,29379.993670687425
3004249,29379.993670687425
3006031,29379.993670687425
3007813,29379.993670687425
3009595,29379.993670687425
3011377,29379.993670687425
3013159,29379.993670687425
3014941,29379.993670687425
3016723,29379.993670687425
3018505,29379.993670687425
3020287,29379.993670687425
3022069,29379.993670687425
3023851,29379.993670687425
3025633,29379.993670687425
3027415,29379.993670687425
3029197,29379.993670687425
3002468,18867.114598218865
3004250,18867.114598218865
3006032,18867.114598218865
3007814,18867.114598218865
3009596,18867.114598218865
3011378,18867.114598218865
3013160,18867.114598218865
3014942,18867.114598218865
3016724,18867.114598218865
3018506,18867.114598218865
3020288,18867.114598218865
3022070,18867.114598218865
3023852,18867.114598218865
3025634,18867.114598218865
3027416,18867.114598218865
3029198,18867.114598218865
3002469,32530.527067124498
3004251,32530.527067124498
3006033,32530.527067124498
3007815,32530.527067124498
3009597,32530.527067124498
3011379,32530.527067124498
3013161,32530.527067124498
3014943,32530.527067124498
3016725,32530.527067124498
3018507,32530.527067124498
3020289,32530.527067124498
3022071,32530.527067124498
3023853,32530.527067124498
3025635,32530.527067124498
3027417,32530.527067124498
3029199,32530.527067124498
3002470,2393.167788136322
3004252,2393.167788136322
3006034,2393.167788136322
3007816,2393.167788136322
3009598,2393.167788136322
3011380,2393.167788136322
3013162,2393.167788136322
3014944,2393.167788136322
3016726,2393.167788136322
3018508,2393.167788136322
3020290,2393.167788136322
3022072,2393.167788136322
3023854,2393.167788136322
3025636,2393.167788136322
3027418,2393.167788136322
3029200,2393.167788136322
3002471,2393.167788136322
3004253,2393.167788136322
3006035,2393.167788136322
3007817,2393.167788136322
3009599,2393.167788136322
3011381,2393.167788136322
3013163,2393.167788136322
3014945,2393.167788136322
3016727,2393.167788136322
3018509,2393.167788136322
3020291,2393.167788136322
3022073,2393.167788136322
3023855,2393.167788136322
3025637,2393.167788136322
3027419,2393.167788136322
3029201,2393.167788136322
3002472,2393.167788136322
3004254,2393.167788136322
3006036,2393.167788136322
3007818,2393.167788136322
3009600,2393.167788136322
3011382,2393.167788136322
3013164,2393.167788136322
3014946,2393.167788136322
3016728,2393.167788136322
3018510,2393.167788136322
3020292,2393.167788136322
3022074,2393.167788136322
3023856,2393.167788136322
3025638,2393.167788136322
3027420,2393.167788136322
3029202,2393.167788136322
3002473,2393.167788136322
3004255,2393.167788136322
3006037,2393.167788136322
3007819,2393.167788136322
3009601,2393.167788136322
3011383,2393.167788136322
3013165,2393.167788136322
3014947,2393.167788136322
3016729,2393.167788136322
3018511,2393.167788136322
3020293,2393.167788136322
3022075,2393.167788136322
3023857,2393.167788136322
3025639,2393.167788136322
3027421,2393.167788136322
3029203,2393.167788136322
3002474,2393.167788136322
3004256,2393.167788136322
3006038,2393.167788136322
3007820,2393.167788136322
3009602,2393.167788136322
3011384,2393.167788136322
3013166,2393.167788136322
3014948,2393.167788136322
3016730,2393.167788136322
3018512,2393.167788136322
3020294,2393.167788136322
3022076,2393.167788136322
3023858,2393.167788136322
3025640,2393.167788136322
3027422,2393.167788136322
3029204,2393.167788136322
3002475,3.007842063574425e+108
3004257,3.007842063574425e+108
3006039,3.007842063574425e+108
3007821,3.007842063574425e+108
3009603,3.007842063574425e+108
3011385,3.007842063574425e+108
3013167,3.007842063574425e+108
3014949,3.007842063574425e+108
3016731,3.007842063574425e+108
3018513,3.007842063574425e+108
3020295,3.007842063574425e+108
3022077,3.007842063574425e+108
3023859,3.007842063574425e+108
3025641,3.007842063574425e+108
3027423,3.007842063574425e+108
3029205,3.007842063574425e+108
3002476,2393.167788136322
3004258,2393.167788136322
3006040,2393.167788136322
3007822,2393.167788136322
3009604,2393.167788136322
3011386,2393.167788136322
3013168,2393.167788136322
3014950,2393.167788136322
3016732,2393.167788136322
3018514,2393.167788136322
3020296,2393.167788136322
3022078,2393.167788136322
3023860,2393.167788136322
3025642,2393.167788136322
3027424,2393.167788136322
3029206,2393.167788136322
3002477,29379.993670687425
3004259,29379.993670687425
3006041,29379.993670687425
3007823,29379.993670687425
3009605,29379.993670687425
3011387,29379.993670687425
3013169,29379.993670687425
3014951,29379.993670687425
3016733,29379.993670687425
3018515,29379.993670687425
3020297,29379.993670687425
3022079,29379.993670687425
3023861,29379.993670687425
3025643,29379.993670687425
3027425,29379.993670687425
3029207,29379.993670687425
3002478,2393.167788136322
3004260,2393.167788136322
3006042,2393.167788136322
3007824,2393.167788136322
3009606,2393.167788136322
3011388,2393.167788136322
3013170,2393.167788136322
3014952,2393.167788136322
3016734,2393.167788136322
3018516,2393.167788136322
3020298,2393.167788136322
3022080,2393.167788136322
3023862,2393.167788136322
3025644,2393.167788136322
3027426,2393.167788136322
3029208,2393.167788136322
3002479,1.4890016199601365e+39
3004261,1.4890016199601365e+39
3006043,1.4890016199601365e+39
3007825,1.4890016199601365e+39
3009607,1.4890016199601365e+39
3011389,1.4890016199601365e+39
3013171,1.4890016199601365e+39
3014953,1.4890016199601365e+39
3016735,1.4890016199601365e+39
3018517,1.4890016199601365e+39
3020299,1.4890016199601365e+39
3022081,1.4890016199601365e+39
3023863,1.4890016199601365e+39
3025645,1.4890016199601365e+39
3027427,1.4890016199601365e+39
3029209,1.4890016199601365e+39
3002480,32530.527067124498
3004262,32530.527067124498
3006044,32530.527067124498
3007826,32530.527067124498
3009608,32530.527067124498
3011390,32530.527067124498
3013172,32530.527067124498
3014954,32530.527067124498
3016736,32530.527067124498
3018518,32530.527067124498
3020300,32530.527067124498
3022082,32530.527067124498
3023864,32530.527067124498
3025646,32530.527067124498
3027428,32530.527067124498
3029210,32530.527067124498
3002481,28191.69775395516
3004263,28191.69775395516
3006045,28191.69775395516
3007827,28191.69775395516
3009609,28191.69775395516
3011391,28191.69775395516
3013173,28191.69775395516
3014955,28191.69775395516
3016737,28191.69775395516
3018519,28191.69775395516
3020301,28191.69775395516
3022083,28191.69775395516
3023865,28191.69775395516
3025647,28191.69775395516
3027429,28191.69775395516
3029211,28191.69775395516
3002482,28191.69775395516
3004264,28191.69775395516
3006046,28191.69775395516
3007828,28191.69775395516
3009610,28191.69775395516
3011392,28191.69775395516
3013174,28191.69775395516
3014956,28191.69775395516
3016738,28191.69775395516
3018520,28191.69775395516
3020302,28191.69775395516
3022084,28191.69775395516
3023866,28191.69775395516
3025648,28191.69775395516
3027430,28191.69775395516
3029212,28191.69775395516
3002483,25447.284195908585
3004265,25447.284195908585
3006047,25447.284195908585
3007829,25447.284195908585
3009611,25447.284195908585
3011393,25447.284195908585
3013175,25447.284195908585
3014957,25447.284195908585
3016739,25447.284195908585
3018521,25447.284195908585
3020303,25447.284195908585
3022085,25447.284195908585
3023867,25447.284195908585
3025649,25447.284195908585
3027431,25447.284195908585
3029213,25447.284195908585
3002484,4.041054834009305e+87
3004266,4.041054834009305e+87
3006048,4.041054834009305e+87
3007830,6.42029037014039e+90
3009612,6.42029037014039e+90
3011394,4.041054834009305e+87
3013176,4.041054834009305e+87
3014958,4.041054834009305e+87
3016740,4.041054834009305e+87
3018522,4.041054834009305e+87
3020304,6.42029037014039e+90
3022086,6.42029037014039e+90
3023868,4.041054834009305e+87
3025650,4.041054834009305e+87
3027432,4.041054834009305e+87
3029214,4.041054834009305e+87
3002485,2393.167788136322
3004267,2393.167788136322
3006049,2393.167788136322
3007831,2393.167788136322
3009613,2393.167788136322
3011395,2393.167788136322
3013177,2393.167788136322
3014959,2393.167788136322
3016741,2393.167788136322
3018523,2393.167788136322
3020305,2393.167788136322
3022087,2393.167788136322
3023869,2393.167788136322
3025651,2393.167788136322
3027433,2393.167788136322
3029215,2393.167788136322
3002486,2393.167788136322
3004268,2393.167788136322
3006050,2393.167788136322
3007832,2393.167788136322
3009614,2393.167788136322
3011396,2393.167788136322
3013178,2393.167788136322
3014960,2393.167788136322
3016742,2393.167788136322
3018524,2393.167788136322
3020306,2393.167788136322
3022088,2393.167788136322
3023870,2393.167788136322
3025652,2393.167788136322
3027434,2393.167788136322
3029216,2393.167788136322
3002487,2393.167788136322
3004269,2393.167788136322
3006051,2393.167788136322
3007833,2393.167788136322
3009615,2393.167788136322
3011397,2393.167788136322
3013179,2393.167788136322
3014961,2393.167788136322
3016743,2393.167788136322
3018525,2393.167788136322
3020307,2393.167788136322
3022089,2393.167788136322
3023871,2393.167788136322
3025653,2393.167788136322
3027435,2393.167788136322
3029217,2393.167788136322
3002488,2393.167788136322
3004270,2393.167788136322
3006052,2393.167788136322
3007834,2393.167788136322
3009616,2393.167788136322
3011398,2393.167788136322
3013180,2393.167788136322
3014962,2393.167788136322
3016744,2393.167788136322
3018526,2393.167788136322
3020308,2393.167788136322
3022090,2393.167788136322
3023872,2393.167788136322
3025654,2393.167788136322
3027436,2393.167788136322
3029218,2393.167788136322
3002489,2393.167788136322
3004271,2393.167788136322
3006053,2393.167788136322
3007835,2393.167788136322
3009617,2393.167788136322
3011399,2393.167788136322
3013181,2393.167788136322
3014963,2393.167788136322
3016745,2393.167788136322
3018527,2393.167788136322
3020309,2393.167788136322
3022091,2393.167788136322
3023873,2393.167788136322
3025655,2393.167788136322
3027437,2393.167788136322
3029219,2393.167788136322
3002490,2393.167788136322
3004272,2393.167788136322
3006054,2393.167788136322
3007836,2393.167788136322
3009618,2393.167788136322
3011400,2393.167788136322
3013182,2393.167788136322
3014964,2393.167788136322
3016746,2393.167788136322
3018528,2393.167788136322
3020310,2393.167788136322
3022092,2393.167788136322
3023874,2393.167788136322
3025656,2393.167788136322
3027438,2393.167788136322
3029220,2393.167788136322
3002491,2393.167788136322
3004273,2393.167788136322
3006055,2393.167788136322
3007837,2393.167788136322
3009619,2393.167788136322
3011401,2393.167788136322
3013183,2393.167788136322
3014965,2393.167788136322
3016747,2393.167788136322
3018529,2393.167788136322
3020311,2393.167788136322
3022093,2393.167788136322
3023875,2393.167788136322
3025657,2393.167788136322
3027439,2393.167788136322
3029221,2393.167788136322
3002492,2393.167788136322
3004274,2393.167788136322
3006056,2393.167788136322
3007838,2393.167788136322
3009620,2393.167788136322
3011402,2393.167788136322
3013184,2393.167788136322
3014966,2393.167788136322
3016748,2393.167788136322
3018530,2393.167788136322
3020312,2393.167788136322
3022094,2393.167788136322
3023876,2393.167788136322
3025658,2393.167788136322
3027440,2393.167788136322
3029222,2393.167788136322
3002493,2393.167788136322
3004275,2393.167788136322
3006057,2393.167788136322
3007839,2393.167788136322
3009621,2393.167788136322
3011403,2393.167788136322
3013185,2393.167788136322
3014967,2393.167788136322
3016749,2393.167788136322
3018531,2393.167788136322
3020313,2393.167788136322
3022095,2393.167788136322
3023877,2393.167788136322
3025659,2393.167788136322
3027441,2393.167788136322
3029223,2393.167788136322
3002494,13755.84775951168
3004276,13755.84775951168
3006058,13755.84775951168
3007840,13755.84775951168
3009622,13755.84775951168
3011404,13755.84775951168
3013186,13755.84775951168
3014968,13755.84775951168
3016750,13755.84775951168
3018532,13755.84775951168
3020314,13755.84775951168
3022096,13755.84775951168
3023878,13755.84775951168
3025660,13755.84775951168
3027442,13755.84775951168
3029224,13755.84775951168
3002495,2393.167788136322
3004277,2393.167788136322
3006059,2393.167788136322
3007841,2393.167788136322
3009623,2393.167788136322
3011405,2393.167788136322
3013187,2393.167788136322
3014969,2393.167788136322
3016751,2393.167788136322
3018533,2393.167788136322
3020315,2393.167788136322
3022097,2393.167788136322
3023879,2393.167788136322
3025661,2393.167788136322
3027443,2393.167788136322
3029225,2393.167788136322
3002496,29379.993670687425
3004278,29379.993670687425
3006060,29379.993670687425
3007842,29379.993670687425
3009624,29379.993670687425
3011406,29379.993670687425
3013188,29379.993670687425
3014970,29379.993670687425
3016752,29379.993670687425
3018534,29379.993670687425
3020316,29379.993670687425
3022098,29379.993670687425
3023880,29379.993670687425
3025662,29379.993670687425
3027444,29379.993670687425
3029226,29379.993670687425
3002497,28191.69775395516
3004279,28191.69775395516
3006061,28191.69775395516
3007843,28191.69775395516
3009625,28191.69775395516
3011407,28191.69775395516
3013189,28191.69775395516
3014971,28191.69775395516
3016753,28191.69775395516
3018535,28191.69775395516
3020317,28191.69775395516
3022099,28191.69775395516
3023881,28191.69775395516
3025663,28191.69775395516
3027445,28191.69775395516
3029227,28191.69775395516
3002498,2393.167788136322
3004280,2393.167788136322
3006062,2393.167788136322
3007844,2393.167788136322
3009626,2393.167788136322
3011408,2393.167788136322
3013190,2393.167788136322
3014972,2393.167788136322
3016754,2393.167788136322
3018536,2393.167788136322
3020318,2393.167788136322
3022100,2393.167788136322
3023882,2393.167788136322
3025664,2393.167788136322
3027446,2393.167788136322
3029228,2393.167788136322
3002499,2393.167788136322
3004281,2393.167788136322
3006063,2393.167788136322
3007845,2393.167788136322
3009627,2393.167788136322
3011409,2393.167788136322
3013191,2393.167788136322
3014973,2393.167788136322
3016755,2393.167788136322
3018537,2393.167788136322
3020319,2393.167788136322
3022101,2393.167788136322
3023883,2393.167788136322
3025665,2393.167788136322
3027447,2393.167788136322
3029229,2393.167788136322
3002500,29379.993670687425
3004282,29379.993670687425
3006064,29379.993670687425
3007846,29379.993670687425
3009628,29379.993670687425
3011410,29379.993670687425
3013192,29379.993670687425
3014974,29379.993670687425
3016756,29379.993670687425
3018538,29379.993670687425
3020320,29379.993670687425
3022102,29379.993670687425
3023884,29379.993670687425
3025666,29379.993670687425
3027448,29379.993670687425
3029230,29379.993670687425
3002501,18867.114598218865
3004283,18867.114598218865
3006065,18867.114598218865
3007847,18867.114598218865
3009629,18867.114598218865
3011411,18867.114598218865
3013193,18867.114598218865
3014975,18867.114598218865
3016757,18867.114598218865
3018539,18867.114598218865
3020321,18867.114598218865
3022103,18867.114598218865
3023885,18867.114598218865
3025667,18867.114598218865
3027449,18867.114598218865
3029231,18867.114598218865
3002502,32530.527067124498
3004284,32530.527067124498
3006066,32530.527067124498
3007848,32530.527067124498
3009630,32530.527067124498
3011412,32530.527067124498
3013194,32530.527067124498
3014976,32530.527067124498
3016758,32530.527067124498
3018540,32530.527067124498
3020322,32530.527067124498
3022104,32530.527067124498
3023886,32530.527067124498
3025668,32530.527067124498
3027450,32530.527067124498
3029232,32530.527067124498
3002503,2393.167788136322
3004285,2393.167788136322
3006067,2393.167788136322
3007849,2393.167788136322
3009631,2393.167788136322
3011413,2393.167788136322
3013195,2393.167788136322
3014977,2393.167788136322
3016759,2393.167788136322
3018541,2393.167788136322
3020323,2393.167788136322
3022105,2393.167788136322
3023887,2393.167788136322
3025669,2393.167788136322
3027451,2393.167788136322
3029233,2393.167788136322
3002504,2393.167788136322
3004286,2393.167788136322
3006068,2393.167788136322
3007850,2393.167788136322
3009632,2393.167788136322
3011414,2393.167788136322
3013196,2393.167788136322
3014978,2393.167788136322
3016760,2393.167788136322
3018542,2393.167788136322
3020324,2393.167788136322
3022106,2393.167788136322
3023888,2393.167788136322
3025670,2393.167788136322
3027452,2393.167788136322
3029234,2393.167788136322
3002505,2393.167788136322
3004287,2393.167788136322
3006069,2393.167788136322
3007851,2393.167788136322
3009633,2393.167788136322
3011415,2393.167788136322
3013197,2393.167788136322
3014979,2393.167788136322
3016761,2393.167788136322
3018543,2393.167788136322
3020325,2393.167788136322
3022107,2393.167788136322
3023889,2393.167788136322
3025671,2393.167788136322
3027453,2393.167788136322
3029235,2393.167788136322
3002506,2393.167788136322
3004288,2393.167788136322
3006070,2393.167788136322
3007852,2393.167788136322
3009634,2393.167788136322
3011416,2393.167788136322
3013198,2393.167788136322
3014980,2393.167788136322
3016762,2393.167788136322
3018544,2393.167788136322
3020326,2393.167788136322
3022108,2393.167788136322
3023890,2393.167788136322
3025672,2393.167788136322
3027454,2393.167788136322
3029236,2393.167788136322
3002507,2393.167788136322
3004289,2393.167788136322
3006071,2393.167788136322
3007853,2393.167788136322
3009635,2393.167788136322
3011417,2393.167788136322
3013199,2393.167788136322
3014981,2393.167788136322
3016763,2393.167788136322
3018545,2393.167788136322
3020327,2393.167788136322
3022109,2393.167788136322
3023891,2393.167788136322
3025673,2393.167788136322
3027455,2393.167788136322
3029237,2393.167788136322
3002508,3.007842063574425e+108
3004290,3.007842063574425e+108
3006072,3.007842063574425e+108
3007854,3.007842063574425e+108
3009636,3.007842063574425e+108
3011418,3.007842063574425e+108
3013200,3.007842063574425e+108
3014982,3.007842063574425e+108
3016764,3.007842063574425e+108
3018546,3.007842063574425e+108
3020328,3.007842063574425e+108
3022110,3.007842063574425e+108
3023892,3.007842063574425e+108
3025674,3.007842063574425e+108
3027456,3.007842063574425e+108
3029238,3.007842063574425e+108
3002509,2393.167788136322
3004291,2393.167788136322
3006073,2393.167788136322
3007855,2393.167788136322
3009637,2393.167788136322
3011419,2393.167788136322
3013201,2393.167788136322
3014983,2393.167788136322
3016765,2393.167788136322
3018547,2393.167788136322
3020329,2393.167788136322
3022111,2393.167788136322
3023893,2393.167788136322
3025675,2393.167788136322
3027457,2393.167788136322
3029239,2393.167788136322
3002510,29379.993670687425
3004292,29379.993670687425
3006074,29379.993670687425
3007856,29379.993670687425
3009638,29379.993670687425
3011420,29379.993670687425
3013202,29379.993670687425
3014984,29379.993670687425
3016766,29379.993670687425
3018548,29379.993670687425
3020330,29379.993670687425
3022112,29379.993670687425
3023894,29379.993670687425
3025676,29379.993670687425
3027458,29379.993670687425
3029240,29379.993670687425
3002511,2393.167788136322
3004293,2393.167788136322
3006075,2393.167788136322
3007857,2393.167788136322
3009639,2393.167788136322
3011421,2393.167788136322
3013203,2393.167788136322
3014985,2393.167788136322
3016767,2393.167788136322
3018549,2393.167788136322
3020331,2393.167788136322
3022113,2393.167788136322
3023895,2393.167788136322
3025677,2393.167788136322
3027459,2393.167788136322
3029241,2393.167788136322
3002512,1.4890016199601365e+39
3004294,1.4890016199601365e+39
3006076,1.4890016199601365e+39
3007858,1.4890016199601365e+39
3009640,1.4890016199601365e+39
3011422,1.4890016199601365e+39
3013204,1.4890016199601365e+39
3014986,1.4890016199601365e+39
3016768,1.4890016199601365e+39
3018550,1.4890016199601365e+39
3020332,1.4890016199601365e+39
3022114,1.4890016199601365e+39
3023896,1.4890016199601365e+39
3025678,1.4890016199601365e+39
3027460,1.4890016199601365e+39
3029242,1.4890016199601365e+39
3002513,32530.527067124498
3004295,32530.527067124498
3006077,32530.527067124498
3007859,32530.527067124498
3009641,32530.527067124498
3011423,32530.527067124498
3013205,32530.527067124498
3014987,32530.527067124498
3016769,32530.527067124498
3018551,32530.527067124498
3020333,32530.527067124498
3022115,32530.527067124498
3023897,32530.527067124498
3025679,32530.527067124498
3027461,32530.527067124498
3029243,32530.527067124498
3002514,28191.69775395516
3004296,28191.69775395516
3006078,28191.69775395516
3007860,28191.69775395516
3009642,28191.69775395516
3011424,28191.69775395516
3013206,28191.69775395516
3014988,28191.69775395516
3016770,28191.69775395516
3018552,28191.69775395516
3020334,28191.69775395516
3022116,28191.69775395516
3023898,28191.69775395516
3025680,28191.69775395516
3027462,28191.69775395516
3029244,28191.69775395516
3002515,28191.69775395516
3004297,28191.69775395516
3006079,28191.69775395516
3007861,28191.69775395516
3009643,28191.69775395516
3011425,28191.69775395516
3013207,28191.69775395516
3014989,28191.69775395516
3016771,28191.69775395516
3018553,28191.69775395516
3020335,28191.69775395516
3022117,28191.69775395516
3023899,28191.69775395516
3025681,28191.69775395516
3027463,28191.69775395516
3029245,28191.69775395516
3002516,25447.284195908585
3004298,25447.284195908585
3006080,25447.284195908585
3007862,25447.284195908585
3009644,25447.284195908585
3011426,25447.284195908585
3013208,25447.284195908585
3014990,25447.284195908585
3016772,25447.284195908585
3018554,25447.284195908585
3020336,25447.284195908585
3022118,25447.284195908585
3023900,25447.284195908585
3025682,25447.284195908585
3027464,25447.284195908585
3029246,25447.284195908585
3002517,4.041054834009305e+87
3004299,4.041054834009305e+87
3006081,4.041054834009305e+87
3007863,6.42029037014039e+90
3009645,6.42029037014039e+90
3011427,4.041054834009305e+87
3013209,4.041054834009305e+87
3014991,4.041054834009305e+87
3016773,4.041054834009305e+87
3018555,4.041054834009305e+87
3020337,6.42029037014039e+90
3022119,6.42029037014039e+90
3023901,4.041054834009305e+87
3025683,4.041054834009305e+87
3027465,4.041054834009305e+87
3029247,4.041054834009305e+87
3002518,2393.167788136322
3004300,2393.167788136322
3006082,2393.167788136322
3007864,2393.167788136322
3009646,2393.167788136322
3011428,2393.167788136322
3013210,2393.167788136322
3014992,2393.167788136322
3016774,2393.167788136322
3018556,2393.167788136322
3020338,2393.167788136322
3022120,2393.167788136322
3023902,2393.167788136322
3025684,2393.167788136322
3027466,2393.167788136322
3029248,2393.167788136322
3002519,2393.167788136322
3004301,2393.167788136322
3006083,2393.167788136322
3007865,2393.167788136322
3009647,2393.167788136322
3011429,2393.167788136322
3013211,2393.167788136322
3014993,2393.167788136322
3016775,2393.167788136322
3018557,2393.167788136322
3020339,2393.167788136322
3022121,2393.167788136322
3023903,2393.167788136322
3025685,2393.167788136322
3027467,2393.167788136322
3029249,2393.167788136322
3002520,2393.167788136322
3004302,2393.167788136322
3006084,2393.167788136322
3007866,2393.167788136322
3009648,2393.167788136322
3011430,2393.167788136322
3013212,2393.167788136322
3014994,2393.167788136322
3016776,2393.167788136322
3018558,2393.167788136322
3020340,2393.167788136322
3022122,2393.167788136322
3023904,2393.167788136322
3025686,2393.167788136322
3027468,2393.167788136322
3029250,2393.167788136322
3002521,2393.167788136322
3004303,2393.167788136322
3006085,2393.167788136322
3007867,2393.167788136322
3009649,2393.167788136322
3011431,2393.167788136322
3013213,2393.167788136322
3014995,2393.167788136322
3016777,2393.167788136322
3018559,2393.167788136322
3020341,2393.167788136322
3022123,2393.167788136322
3023905,2393.167788136322
3025687,2393.167788136322
3027469,2393.167788136322
3029251,2393.167788136322
3002522,2393.167788136322
3004304,2393.167788136322
3006086,2393.167788136322
3007868,2393.167788136322
3009650,2393.167788136322
3011432,2393.167788136322
3013214,2393.167788136322
3014996,2393.167788136322
3016778,2393.167788136322
3018560,2393.167788136322
3020342,2393.167788136322
3022124,2393.167788136322
3023906,2393.167788136322
3025688,2393.167788136322
3027470,2393.167788136322
3029252,2393.167788136322
3002523,2393.167788136322
3004305,2393.167788136322
3006087,2393.167788136322
3007869,2393.167788136322
3009651,2393.167788136322
3011433,2393.167788136322
3013215,2393.167788136322
3014997,2393.167788136322
3016779,2393.167788136322
3018561,2393.167788136322
3020343,2393.167788136322
3022125,2393.167788136322
3023907,2393.167788136322
3025689,2393.167788136322
3027471,2393.167788136322
3029253,2393.167788136322
3002524,2393.167788136322
3004306,2393.167788136322
3006088,2393.167788136322
3007870,2393.167788136322
3009652,2393.167788136322
3011434,2393.167788136322
3013216,2393.167788136322
3014998,2393.167788136322
3016780,2393.167788136322
3018562,2393.167788136322
3020344,2393.167788136322
3022126,2393.167788136322
3023908,2393.167788136322
3025690,2393.167788136322
3027472,2393.167788136322
3029254,2393.167788136322
3002525,2393.167788136322
3004307,2393.167788136322
3006089,2393.167788136322
3007871,2393.167788136322
3009653,2393.167788136322
3011435,2393.167788136322
3013217,2393.167788136322
3014999,2393.167788136322
3016781,2393.167788136322
3018563,2393.167788136322
3020345,2393.167788136322
3022127,2393.167788136322
3023909,2393.167788136322
3025691,2393.167788136322
3027473,2393.167788136322
3029255,2393.167788136322
3002526,2393.167788136322
3004308,2393.167788136322
3006090,2393.167788136322
3007872,2393.167788136322
3009654,2393.167788136322
3011436,2393.167788136322
3013218,2393.167788136322
3015000,2393.167788136322
3016782,2393.167788136322
3018564,2393.167788136322
3020346,2393.167788136322
3022128,2393.167788136322
3023910,2393.167788136322
3025692,2393.167788136322
3027474,2393.167788136322
3029256,2393.167788136322
3002527,13755.84775951168
3004309,13755.84775951168
3006091,13755.84775951168
3007873,13755.84775951168
3009655,13755.84775951168
3011437,13755.84775951168
3013219,13755.84775951168
3015001,13755.84775951168
3016783,13755.84775951168
3018565,13755.84775951168
3020347,13755.84775951168
3022129,13755.84775951168
3023911,13755.84775951168
3025693,13755.84775951168
3027475,13755.84775951168
3029257,13755.84775951168
3002528,2393.167788136322
3004310,2393.167788136322
3006092,2393.167788136322
3007874,2393.167788136322
3009656,2393.167788136322
3011438,2393.167788136322
3013220,2393.167788136322
3015002,2393.167788136322
3016784,2393.167788136322
3018566,2393.167788136322
3020348,2393.167788136322
3022130,2393.167788136322
3023912,2393.167788136322
3025694,2393.167788136322
3027476,2393.167788136322
3029258,2393.167788136322
3002529,29379.993670687425
3004311,29379.993670687425
3006093,29379.993670687425
3007875,29379.993670687425
3009657,29379.993670687425
3011439,29379.993670687425
3013221,29379.993670687425
3015003,29379.993670687425
3016785,29379.993670687425
3018567,29379.993670687425
3020349,29379.993670687425
3022131,29379.993670687425
3023913,29379.993670687425
3025695,29379.993670687425
3027477,29379.993670687425
3029259,29379.993670687425
3002530,28191.69775395516
3004312,28191.69775395516
3006094,28191.69775395516
3007876,28191.69775395516
3009658,28191.69775395516
3011440,28191.69775395516
3013222,28191.69775395516
3015004,28191.69775395516
3016786,28191.69775395516
3018568,28191.69775395516
3020350,28191.69775395516
3022132,28191.69775395516
3023914,28191.69775395516
3025696,28191.69775395516
3027478,28191.69775395516
3029260,28191.69775395516
3002531,2393.167788136322
3004313,2393.167788136322
3006095,2393.167788136322
3007877,2393.167788136322
3009659,2393.167788136322
3011441,2393.167788136322
3013223,2393.167788136322
3015005,2393.167788136322
3016787,2393.167788136322
3018569,2393.167788136322
3020351,2393.167788136322
3022133,2393.167788136322
3023915,2393.167788136322
3025697,2393.167788136322
3027479,2393.167788136322
3029261,2393.167788136322
3002532,2393.167788136322
3004314,2393.167788136322
3006096,2393.167788136322
3007878,2393.167788136322
3009660,2393.167788136322
3011442,2393.167788136322
3013224,2393.167788136322
3015006,2393.167788136322
3016788,2393.167788136322
3018570,2393.167788136322
3020352,2393.167788136322
3022134,2393.167788136322
3023916,2393.167788136322
3025698,2393.167788136322
3027480,2393.167788136322
3029262,2393.167788136322
3002533,29379.993670687425
3004315,29379.993670687425
3006097,29379.993670687425
3007879,29379.993670687425
3009661,29379.993670687425
3011443,29379.993670687425
3013225,29379.993670687425
3015007,29379.993670687425
3016789,29379.993670687425
3018571,29379.993670687425
3020353,29379.993670687425
3022135,29379.993670687425
3023917,29379.993670687425
3025699,29379.993670687425
3027481,29379.993670687425
3029263,29379.993670687425
3002534,18867.114598218865
3004316,18867.114598218865
3006098,18867.114598218865
3007880,18867.114598218865
3009662,18867.114598218865
3011444,18867.114598218865
3013226,18867.114598218865
3015008,18867.114598218865
3016790,18867.114598218865
3018572,18867.114598218865
3020354,18867.114598218865
3022136,18867.114598218865
3023918,18867.114598218865
3025700,18867.114598218865
3027482,18867.114598218865
3029264,18867.114598218865
3002535,32530.527067124498
3004317,32530.527067124498
3006099,32530.527067124498
3007881,32530.527067124498
3009663,32530.527067124498
3011445,32530.527067124498
3013227,32530.527067124498
3015009,32530.527067124498
3016791,32530.527067124498
3018573,32530.527067124498
3020355,32530.527067124498
3022137,32530.527067124498
3023919,32530.527067124498
3025701,32530.527067124498
3027483,32530.527067124498
3029265,32530.527067124498
3002536,2393.167788136322
3004318,2393.167788136322
3006100,2393.167788136322
3007882,2393.167788136322
3009664,2393.167788136322
3011446,2393.167788136322
3013228,2393.167788136322
3015010,2393.167788136322
3016792,2393.167788136322
3018574,2393.167788136322
3020356,2393.167788136322
3022138,2393.167788136322
3023920,2393.167788136322
3025702,2393.167788136322
3027484,2393.167788136322
3029266,2393.167788136322
3002537,2393.167788136322
3004319,2393.167788136322
3006101,2393.167788136322
3007883,2393.167788136322
3009665,2393.167788136322
3011447,2393.167788136322
3013229,2393.167788136322
3015011,2393.167788136322
3016793,2393.167788136322
3018575,2393.167788136322
3020357,2393.167788136322
3022139,2393.167788136322
3023921,2393.167788136322
3025703,2393.167788136322
3027485,2393.167788136322
3029267,2393.167788136322
